time,seconds_elapsed,altitude,speedAccuracy,bearingAccuracy,latitude,altitudeAboveMeanSeaLevel,bearing,horizontalAccuracy,verticalAccuracy,longitude,speed
1786280280118246100,-1.70175390625,31.320689839720725,-1,-1,51.80579580951714,31.730689836144446,-1,20.609980927825635,63.627985141069324,46.40250493493071,-1
1786280281842066200,0.022066162109375,32.119553729045485,1.9153155088424683,-1,51.80584518944653,32.529553725469206,-1,155.23112186481228,300,46.402482963074675,1.2501627206802368
1786280282299619000,0.479619140625,27.778649009151223,0.9754124283790588,-1,51.80614017583141,28.188649005574945,-1,54.86590496947806,93.64205169677734,46.40230781789814,0
1786280283299636000,1.479635986328125,30.395378939001063,0.7810856699943542,-1,51.80598538595282,30.805378935424784,-1,22.39399590964861,32.10768508911133,46.40232990894984,0
1786280284299652600,2.479652587890625,30.881444903476734,0.41096043586730957,-1,51.8059272500221,31.291444899900455,-1,16.227275850850727,3,46.40238091659275,0.14351247251033783
1786280285299669200,3.479669189453125,30.49308846957475,0.3620130717754364,-1,51.805923227932055,30.903088465998472,-1,11.909018944300279,3,46.40235815104666,0.552222728729248
1786280286299685000,4.47968505859375,30.639391201328753,0.3605726361274719,-1,51.80590793138381,31.049391197752474,-1,8.186143294726193,3,46.40236135724062,0.552222728729248
1786280287299653000,5.479653076171875,31.07380471457608,0.34685930609703064,-1,51.8059004700402,31.483804710999802,-1,5.500591361740948,3,46.40234796972903,0.13401606678962708
1786280288299650300,6.479650390625,31.23746476153325,0.3230525851249695,-1,51.80589702819979,31.64746475795697,-1,4.456886823215617,3,46.40234213023712,0.1258377581834793
1786280289024663000,7.2046630859375,31.29672756930606,0.3197292983531952,-1,51.805893954234314,31.706727565729782,-1,4.145974289707159,3,46.402335609708686,0.07097239047288895
1786280290023607600,8.203607666015625,31.096157998503614,0.35821449756622314,-1,51.80588563852248,31.506157994927335,-1,4.157644854643676,3,46.4023238348252,0.15757226943969727
1786280291022122800,9.202122802734374,31.216031735664405,0.29643794894218445,-1,51.80588248232102,31.626031732088126,-1,4.1806971188949325,3,46.40231071482516,0.183319091796875
1786280292020709600,10.200709716796876,31.33743217555957,0.30747953057289124,-1,51.80588754420281,31.74743217198329,-1,4.179240512109579,3,46.40231183022192,0.08068764954805374
1786280293019356400,11.1993564453125,31.469793573595688,0.3172055780887604,-1,51.80588924630922,31.87979357001941,-1,3.808515791748029,3,46.40231408813736,0.20396345853805542
1786280294018005000,12.1980048828125,31.469793644733727,0.31720557808876026,179.99999999999986,51.80589107941565,31.87979364115745,4.522117604054907e-15,4.7486515301917605,3,46.40231408813736,0.2039634585380553
1786280295016672300,13.19667236328125,31.554021592251956,0.3572736084461209,180,51.80589338007649,31.964021588675678,2.3436769591914255e-15,4.748651530191761,3.2561404197081787,46.40231358059772,0.2378578782081602
1786280296015565800,14.19556591796875,31.45033040922135,0.32598784565925565,179.99999999999912,51.80589822469361,31.860330405645072,1.634393604580983e-15,4.748651530191762,3.480033692944419,46.40231589532332,0.2947870790958402
1786280297014512600,15.1945126953125,31.22402601595968,0.33466306328773476,179.99999999999977,51.80590306195609,31.6340260123834,5.097691410439925e-15,4.748651530191762,3.680013357317818,46.402327987436244,0.24955184757709487
1786280298013586000,16.1935859375,31.002387733198702,0.39198392066750787,-1,51.80590421666307,31.412387729622424,-1,4.748651530191761,3.903931183669113,46.402333898311895,0.09741871058940887
1786280299012683300,17.192683349609375,30.78440606314689,0.3238618969917296,180,51.805908646909586,31.19440605957061,9.210949327579026e-15,4.748651530191762,4.028173576523491,46.402339119208875,0.19591647386550898
1786280300011840300,18.19184033203125,30.7844060594216,0.3427993357181549,180,51.80590688613203,31.19440605584532,9.210949327579023e-15,4.748651530191761,4.299010923083915,46.402339119208875,0
1786280301011027000,19.19102685546875,30.634024144150317,0.33534732460975614,180,51.805907586051575,31.044024140574038,0,4.748651530191762,3.788657226548675,46.40234360491555,0.2795935869216916
1786280302010325500,20.190325439453126,30.69887426868081,0.32825592160224903,179.99999999999883,51.80590743899192,31.108874265104532,0,4.748651530191762,3.8147674781050247,46.40234283888993,0.21522030234336842
1786280303009666300,21.189666259765627,31.022755509242415,0.31952711939811684,180,51.805905583617985,31.432755505666137,1.1942707574483995e-15,4.748651530191762,4.250388115538304,46.402337765825806,0.2355712950229643
1786280304009047800,22.1890478515625,31.022755505517125,0.3119734525680542,180,51.80590346639295,31.432755501940846,1.1942707574483985e-15,4.748651530191761,4.4188794689448345,46.402337765825806,0
1786280305008469000,23.188468994140624,31.241099431179464,0.31979650259017894,180,51.80590034326147,31.651099427603185,6.628814876669596e-16,4.748651530191761,3.368318217894213,46.40233784130062,0.3457123637199397
1786280306007930400,24.187930419921877,31.392658226191998,0.3316903114318845,179.99999999999937,51.8058961371307,31.80265822261572,0,4.748651530191761,3.1329437952617725,46.40233665944909,0.2637110352516172
1786280307007421400,25.18742138671875,31.39265821967274,0.34402355551719666,180,51.80589376699633,31.80265821609646,0,4.748651530191761,3.433809856621374,46.40233665944909,0
1786280308006945300,26.1869453125,31.39265821967274,0.3757510483264923,180,51.80589376699633,31.80265821609646,0,4.748651530191762,3,46.40233665944909,0
1786280309006498600,27.18649853515625,31.39265821967274,0.38843584060668945,180,51.80589376699633,31.80265821609646,0,4.748651530191761,3,46.40233665944909,0
1786280310006080000,28.186080078125,31.39265821967274,0.34107789397239685,180,51.80589376699633,31.80265821609646,0,4.748651530191761,3,46.40233665944909,0
1786280311005689300,29.185689453125,31.39265821967274,0.32646310329437256,180,51.80589376699633,31.80265821609646,0,4.748651530191762,3,46.40233665944909,0
1786280312005321000,30.185321044921874,31.39265821967274,0.35576507449150085,180,51.80589376699633,31.80265821609646,0,4.748651530191761,3,46.40233665944909,0
1786280313004978700,31.184978759765624,31.39265821967274,0.36979009550424724,-1,51.80589376699633,31.80265821609646,-1,4.748651530191761,3.5365881177368204,46.40233665944909,0
1786280314004656400,32.184656494140626,31.39265821967274,0.3080157138848601,-1,51.80589376699633,31.80265821609646,-1,2,3,46.40233665944909,0
1786280315004355000,33.18435498046875,31.39265821967274,0.3080157138848601,-1,51.80589376699633,31.80265821609646,-1,2,3,46.40233665944909,0
1786280316004071200,34.1840712890625,31.39265821967274,0.3080157138848601,-1,51.80589376699633,31.80265821609646,-1,2,3,46.40233665944909,0
1786280317003806500,35.18380639648438,31.39265821967274,0.3080157138848601,-1,51.80589376699633,31.80265821609646,-1,2.594607271294473,3,46.40233665944909,0
1786280318003558700,36.18355859375,31.39265821967274,0.3080157138848601,-1,51.80589376699633,31.80265821609646,-1,2.989565131506429,3,46.40233665944909,0
1786280319003326200,37.183326171875,31.39265821967274,0.3080157138848601,-1,51.80589376699633,31.80265821609646,-1,2.824637609588691,3,46.40233665944909,0
1786280320003108900,38.18310888671875,31.39265821967274,0.3080157138848601,-1,51.80589376699633,31.80265821609646,-1,2.8863266229194884,3,46.40233665944909,0
1786280321002905000,39.182905029296876,31.39265821967274,0.3080157138848601,-1,51.80589376699633,31.80265821609646,-1,2.8894887596424224,3,46.40233665944909,0
1786280322002715100,40.18271508789063,31.39265821967274,0.3080157138848601,-1,51.80589376699633,31.80265821609646,-1,2.8848526421917775,3,46.40233665944909,0
1786280323002534700,41.18253466796875,31.39265821967274,0.3080157138848601,-1,51.80589376699633,31.80265821609646,-1,2.9079289123439986,3,46.40233665944909,0
1786280324002367500,42.18236743164063,31.39265821967274,0.3080157138848601,-1,51.80589376699633,31.80265821609646,-1,2.986163696950861,3,46.40233665944909,0
1786280325002211600,43.18221166992188,31.39265821967274,0.3080157138848601,-1,51.80589376699633,31.80265821609646,-1,2.9468731931541776,3,46.40233665944909,0
1786280326002065200,44.182065185546875,31.39265821967274,0.3080157138848601,-1,51.80589376699633,31.80265821609646,-1,2.874036793680779,3,46.40233665944909,0
1786280327000927500,45.180927490234374,31.39265821967274,0.3080157138848601,-1,51.80589376699633,31.80265821609646,-1,2.8364660878936525,3,46.40233665944909,0
1786280328000800300,46.18080029296875,31.39265821967274,0.3080157138848601,-1,51.80589376699633,31.80265821609646,-1,2.8381050733552704,3,46.40233665944909,0
1786280329000678700,47.1806787109375,31.39265821967274,0.3080157138848601,-1,51.80589376699633,31.80265821609646,-1,2.8150421704777693,3,46.40233665944909,0
1786280330000567800,48.18056787109375,31.39265821967274,0.3080157138848601,-1,51.80589376699633,31.80265821609646,-1,2.8150421704777693,3,46.40233665944909,0
1786280331000462000,49.18046215820313,31.39265821967274,0.3080157138848601,-1,51.80589376699633,31.80265821609646,-1,2.8174412118312517,3,46.40233665944909,0
1786280332000362200,50.1803623046875,31.39265821967274,0.3080157138848601,-1,51.80589376699633,31.80265821609646,-1,2.8393494891781215,3,46.40233665944909,0
1786280333000270300,51.18027026367187,31.39265821967274,0.3080157138848601,-1,51.80589376699633,31.80265821609646,-1,2.861830976222218,3,46.40233665944909,0
1786280334000183600,52.18018359375,31.39265821967274,0.3080157138848601,-1,51.80589376699633,31.80265821609646,-1,2.8187394274111073,3,46.40233665944909,0
1786280335000103400,53.180103515625,31.39265821967274,0.3080157138848601,-1,51.80589376699633,31.80265821609646,-1,2.803198153366931,3,46.40233665944909,0
1786280336000028200,54.18002807617187,31.39265821967274,0.3080157138848601,-1,51.80589376699633,31.80265821609646,-1,2.763038245698584,3,46.40233665944909,0
1786280336999958000,55.1799580078125,31.39265821967274,0.3080157138848601,-1,51.80589376699633,31.80265821609646,-1,2.7248863334136546,3,46.40233665944909,0
1786280337999891700,56.1798916015625,31.39265821967274,0.3080157138848601,-1,51.80589376699633,31.80265821609646,-1,2.688642016742972,3,46.40233665944909,0
1786280338999829500,57.17982958984375,31.39265821967274,0.3080157138848601,-1,51.80589376699633,31.80265821609646,-1,2.654209915905823,3,46.40233665944909,0
1786280339999772400,58.1797724609375,31.39265821967274,0.3080157138848601,-1,51.80589376699633,31.80265821609646,-1,2.6214994201105317,3,46.40233665944909,0
1786280340999719200,59.17971923828125,31.39265821967274,0.3080157138848601,-1,51.80589376699633,31.80265821609646,-1,2.5904244491050052,3,46.40233665944909,0
1786280341999669500,60.17966943359375,31.39265821967274,0.3080157138848601,-1,51.80589376699633,31.80265821609646,-1,2.5609032266497547,3,46.40233665944909,0
1786280342999623000,61.17962280273437,31.39265821967274,0.3080157138848601,-1,51.80589376699633,31.80265821609646,-1,2.532858065317267,3,46.40233665944909,0
1786280343999579100,62.1795791015625,31.39265821967274,0.3080157138848601,-1,51.80589376699633,31.80265821609646,-1,2.506215162051404,3,46.40233665944909,0
1786280344999537400,63.17953735351563,31.39265821967274,0.3080157138848601,-1,51.80589376699633,31.80265821609646,-1,2.4809044039488337,3,46.40233665944909,0
1786280345999500000,64.1795,31.39265821967274,0.3080157138848601,-1,51.80589376699633,31.80265821609646,-1,2.456859183751392,3,46.40233665944909,0
1786280346999465200,65.17946533203126,31.39265821967274,0.3080157138848601,-1,51.80589376699633,31.80265821609646,-1,2.4340162245638224,3,46.40233665944909,0
1786280347999431700,66.179431640625,31.39265821967274,0.3080157138848601,-1,51.80589376699633,31.80265821609646,-1,2.4147077608678975,3,46.40233665944909,0
1786280348999400700,67.17940063476563,31.39265821967274,0.3080157138848601,-1,51.80589376699633,31.80265821609646,-1,2.3994156003054696,3,46.40233665944909,0
1786280349999373300,68.17937329101562,31.39265821967274,0.3080157138848601,-1,51.80589376699633,31.80265821609646,-1,2.433232280452466,3,46.40233665944909,0
1786280350999346000,69.17934594726563,31.39265821967274,0.3080157138848601,-1,51.80589376699633,31.80265821609646,-1,2.433232280452466,3,46.40233665944909,0
1786280351999321900,70.17932177734374,31.39265821967274,0.3080157138848601,-1,51.80589376699633,31.80265821609646,-1,2.411570666429842,3,46.40233665944909,0
1786280352999298600,71.17929858398438,31.39265821967274,0.3080157138848601,-1,51.80589376699633,31.80265821609646,-1,2.3909921331083503,3,46.40233665944909,0
1786280353999277600,72.17927758789062,31.39265821967274,0.3080157138848601,-1,51.80589376699633,31.80265821609646,-1,2.371442526452933,3,46.40233665944909,0
1786280354999257000,73.17925708007813,31.39265821967274,0.3080157138848601,-1,51.80589376699633,31.80265821609646,-1,2.352870400130286,3,46.40233665944909,0
1786280355999239700,74.17923974609376,31.39265821967274,0.3080157138848601,-1,51.80589376699633,31.80265821609646,-1,2.349435556907318,3,46.40233665944909,0
1786280356999223300,75.17922338867187,31.39265821967274,0.3080157138848601,-1,51.80589376699633,31.80265821609646,-1,2.3319637790619523,3,46.40233665944909,0
1786280357999206700,76.17920654296876,31.39265821967274,0.3080157138848601,-1,51.80589376699633,31.80265821609646,-1,2.3153655901088546,3,46.40233665944909,0
1786280358999191800,77.17919189453124,31.39265821967274,0.3080157138848601,-1,51.80589376699633,31.80265821609646,-1,2.307615608603605,3,46.40233665944909,0
1786280359999178000,78.17917797851563,31.39265821967274,0.3080157138848601,-1,51.80589376699633,31.80265821609646,-1,2.2965942363992813,3,46.40233665944909,0
1786280360999166200,79.17916625976562,31.39265821967274,0.3080157138848601,-1,51.80589376699633,31.80265821609646,-1,2.281764524579317,3,46.40233665944909,0
1786280361999155200,80.1791552734375,31.39265821967274,0.3080157138848601,-1,51.80589376699633,31.80265821609646,-1,2.28664008519238,3,46.40233665944909,0
1786280362999144200,81.17914428710938,31.39265821967274,0.3080157138848601,-1,51.80589376699633,31.80265821609646,-1,2.272308080932761,3,46.40233665944909,0
1786280363999134700,82.179134765625,31.39265821967274,0.3080157138848601,-1,51.80589376699633,31.80265821609646,-1,2.267023254838457,3,46.40233665944909,0
1786280364999126300,83.17912622070313,31.39265821967274,0.3080157138848601,-1,51.80589376699633,31.80265821609646,-1,2.2608499690989263,3,46.40233665944909,0
1786280365999117800,84.17911791992188,31.39265821967274,0.3080157138848601,-1,51.80589376699633,31.80265821609646,-1,2.24780747064398,3,46.40233665944909,0
1786280366999110100,85.17911010742188,31.39265821967274,0.3080157138848601,-1,51.80589376699633,31.80265821609646,-1,2.2767384173880214,3,46.40233665944909,0
1786280367999104300,86.17910424804687,31.39265821967274,0.3080157138848601,-1,51.80589376699633,31.80265821609646,-1,2.2777284417325885,3,46.40233665944909,0
1786280368999097600,87.17909765625,31.39265821967274,0.3080157138848601,-1,51.80589376699633,31.80265821609646,-1,2.336911263586963,3,46.40233665944909,0
1786280369999092700,88.1790927734375,31.39265821967274,0.3080157138848601,-1,51.80589376699633,31.80265821609646,-1,2.383197447054195,3,46.40233665944909,0
1786280370999087900,89.179087890625,31.39265821967274,0.3080157138848601,-1,51.80589376699633,31.80265821609646,-1,2.4058659103155864,3,46.40233665944909,0
1786280371999082800,90.17908276367187,31.39265821967274,0.2746225532823151,180,51.80589376699633,31.80265821609646,219.83166916135016,2.43689304988498,3,46.40233665944909,0
1786280372999079200,91.1790791015625,31.39265821967274,0.2746225532823151,180,51.80589376699633,31.80265821609646,219.83166916135016,2.419745031565464,3,46.40233665944909,0
1786280373999075800,92.17907592773437,31.39265821967274,0.2746225532823151,180,51.80589376699633,31.80265821609646,219.83166916135016,2.4221779821604916,3,46.40233665944909,0
1786280374999072800,93.17907275390625,31.39265821967274,0.2746225532823151,180,51.80589376699633,31.80265821609646,219.83166916135016,2.4010690830524672,3,46.40233665944909,0
1786280375999071200,94.1790712890625,31.39265821967274,0.2746225532823151,180,51.80589376699633,31.80265821609646,219.83166916135016,2.381015628899844,3,46.40233665944909,0
1786280376999069200,95.17906909179688,31.39265821967274,0.3080157138848601,-1,51.80589376699633,31.80265821609646,-1,2.3619648474548516,3,46.40233665944909,0
1786280377999065900,96.17906591796876,31.39265821967274,0.25848334849340404,180,51.80589376699633,31.80265821609646,222.6633693403241,2.4040303047792433,3,46.40233665944909,0
1786280378999064300,97.17906420898437,31.39265821967274,0.25848334849340404,180,51.80589376699633,31.80265821609646,222.6633693403241,2.383828789540281,3,46.40233665944909,0
1786280379999063000,98.17906298828125,31.39265821967274,0.25848334849340404,180,51.80589376699633,31.80265821609646,222.6633693403241,2.364637350063267,3,46.40233665944909,0
1786280380999061500,99.1790615234375,31.39265821967274,0.25848334849340404,180,51.80589376699633,31.80265821609646,222.6633693403241,2.3464054825601037,3,46.40233665944909,0
1786280381999062000,100.17906201171876,31.39265821967274,0.25848334849340404,180,51.80589376699633,31.80265821609646,222.6633693403241,2.3290852084320983,3,46.40233665944909,0
1786280382999061000,101.17906103515625,31.39265821967274,0.25848334849340404,180,51.80589376699633,31.80265821609646,222.6633693403241,2.3650335317878204,3,46.40233665944909,0
1786280383999061000,102.17906103515625,31.39265821967274,0.25848334849340404,180,51.80589376699633,31.80265821609646,222.6633693403241,2.369658661477318,3,46.40233665944909,0
1786280384999061000,103.17906103515625,31.39265821967274,0.3080157138848601,-1,51.80589376699633,31.80265821609646,-1,2.3511757284034522,3,46.40233665944909,0
1786280385999061000,104.17906103515625,31.39265821967274,0.3080157138848601,-1,51.80589376699633,31.80265821609646,-1,2.3336169419832795,3,46.40233665944909,0
1786280386999061500,105.1790615234375,31.39265821967274,0.3080157138848601,-1,51.80589376699633,31.80265821609646,-1,2.3169360948841153,3,46.40233665944909,0
1786280387999061500,106.1790615234375,31.39265821967274,0.3080157138848601,-1,51.80589376699633,31.80265821609646,-1,2.3010892901399096,3,46.40233665944909,0
1786280388999063000,107.17906298828125,31.39265821967274,0.3080157138848601,-1,51.80589376699633,31.80265821609646,-1,2.286034825632914,3,46.40233665944909,0
1786280389999064000,108.17906396484375,31.39265821967274,0.3080157138848601,-1,51.80589376699633,31.80265821609646,-1,2.2717330843512684,3,46.40233665944909,0
1786280390999064300,109.17906420898437,31.39265821967274,0.3080157138848601,-1,51.80589376699633,31.80265821609646,-1,2.2736719921645716,3,46.40233665944909,0
1786280391999065900,110.17906591796876,31.39265821967274,0.3080157138848601,-1,51.80589376699633,31.80265821609646,-1,2.2986070733714663,3,46.40233665944909,0
1786280392999068000,111.17906787109375,31.39265821967274,0.3080157138848601,-1,51.80589376699633,31.80265821609646,-1,2.283676719702893,3,46.40233665944909,0
1786280393999068200,112.17906811523437,31.39265821967274,0.3080157138848601,-1,51.80589376699633,31.80265821609646,-1,2.2729607389557716,3,46.40233665944909,0
1786280394999070700,113.17907080078125,31.39265821967274,0.3080157138848601,-1,51.80589376699633,31.80265821609646,-1,2.259312702007983,3,46.40233665944909,0
1786280395999072500,114.17907250976563,31.39265821967274,0.3080157138848601,-1,51.80589376699633,31.80265821609646,-1,2.2463470669075836,3,46.40233665944909,0
1786280396999074000,115.17907397460938,31.39265821967274,0.3080157138848601,-1,51.80589376699633,31.80265821609646,-1,2.2340297135622045,3,46.40233665944909,0
1786280397999075300,116.17907543945313,31.39265821967274,0.29873078227906563,180,51.80589376699633,31.80265821609646,347.06913204859563,2.2223282278840943,3,46.40233665944909,0
1786280398999077600,117.17907763671874,31.39265821967274,0.29873078227906563,180,51.80589376699633,31.80265821609646,347.06913204859563,2.2458360697837434,3,46.40233665944909,0
1786280399999080200,118.179080078125,31.39265821967274,0.3080157138848601,-1,51.80589376699633,31.80265821609646,-1,2.2335442662945564,3,46.40233665944909,0
1786280400999081500,119.17908154296875,31.39265821967274,0.30561970033704505,180,51.80589376699633,31.80265821609646,6.070626989824267,2.2531411009924085,3,46.40233665944909,0
1786280401999084000,120.179083984375,31.39265821967274,0.29716675383262126,180,51.80589376699633,31.80265821609646,6.78697684189527,2.240484045942788,3,46.40233665944909,0
1786280402999086300,121.17908642578125,31.39265821967274,0.29716675383262126,180,51.80589376699633,31.80265821609646,6.78697684189527,2.230357079966549,3,46.40233665944909,0
1786280403999088400,122.17908837890624,31.39265821967274,0.3080157138848601,-1,51.80589376699633,31.80265821609646,-1,2.233618494654667,3,46.40233665944909,0
1786280404999091200,123.17909130859375,31.39265821967274,0.3080157138848601,-1,51.80589376699633,31.80265821609646,-1,2.2219375699219333,3,46.40233665944909,0
1786280405999093500,124.17909350585937,31.39265821967274,0.3068674206938794,180,51.80589376699633,31.80265821609646,9.903793472383368,2.2108406914258367,3,46.40233665944909,0
1786280406999096300,125.17909643554688,31.39265821967274,0.3080157138848601,-1,51.80589376699633,31.80265821609646,-1,2.224667969808995,3,46.40233665944909,0
1786280407999099000,126.17909887695312,31.39265821967274,0.3080115105201746,180,51.80589376699633,31.80265821609646,8.368591858288767,2.2134345713185457,3,46.40233665944909,0
1786280408999100200,127.17910009765625,31.39265821967274,0.3080157138848601,-1,51.80589376699633,31.80265821609646,-1,2.202762842752618,3,46.40233665944909,0
1786280409999104500,128.1791044921875,31.39265821967274,0.3079312453256657,180,51.80589376699633,31.80265821609646,1.8532019227810757,2.192624700614987,3,46.40233665944909,0
1786280410999106800,129.17910693359374,31.39265821967274,0.3080157138848601,-1,51.80589376699633,31.80265821609646,-1,2.1829934655842376,3,46.40233665944909,0
1786280411999109600,130.17910961914063,31.39265821967274,0.3080157138848601,-1,51.80589376699633,31.80265821609646,-1,2.1738437923050262,3,46.40233665944909,0
1786280412997746000,131.17774584960938,31.39265821967274,0.3080157138848601,-1,51.80589376699633,31.80265821609646,-1,2.1651516026897744,3,46.40233665944909,0
1786280413997734700,132.17773461914064,31.39265821967274,0.3080157138848601,-1,51.80589376699633,31.80265821609646,-1,2.1568940225552855,3,46.40233665944909,0
1786280414997795600,133.1777956542969,31.39265821967274,0.3080157138848601,-1,51.80589376699633,31.80265821609646,-1,2.1519239660040412,3,46.40233665944909,0
1786280415997847000,134.17784692382813,31.39265821967274,0.3080157138848601,-1,51.80589376699633,31.80265821609646,-1,2.1443277677038393,3,46.40233665944909,0
1786280416997901000,135.17790112304687,31.39265821967274,0.3080157138848601,-1,51.80589376699633,31.80265821609646,-1,2.1371113793186476,3,46.40233665944909,0
1786280417997969700,136.1779697265625,31.39265821967274,0.3080157138848601,-1,51.80589376699633,31.80265821609646,-1,2.130255810352715,3,46.40233665944909,0
1786280418998089700,137.17808984375,31.39265821967274,0.3080157138848601,-1,51.80589376699633,31.80265821609646,-1,2.128470230542941,3,46.40233665944909,0
1786280419998071600,138.17807153320314,31.39265821967274,0.3080157138848601,-1,51.80589376699633,31.80265821609646,-1,2.129970555882592,3,46.40233665944909,0
1786280420998135800,139.1781357421875,31.39265821967274,0.3080157138848601,-1,51.80589376699633,31.80265821609646,-1,2.1234720280884627,3,46.40233665944909,0
1786280421998184200,140.17818408203124,32.38082556426525,0.6209229075041348,-1,51.805876007536085,32.79082556068897,-1,2.1486896644409965,3,46.40230768413471,0.0015683382062631438
1786280422998232800,141.17823291015625,32.380279241129756,0.3080154066087085,180,51.80587601175793,32.79027923755348,262.5175657237796,2.1493593538536255,3,46.40230768098513,0
1786280423998297300,142.17829736328125,32.29171965457499,1.3632531426608718,116.40374111010713,51.80587394041208,32.70171965099871,263.47053054844804,2.152995859187558,3,46.40228202278394,0.9489331065816206
1786280424998342700,143.1783427734375,32.264569256454706,1.9970089445538237,-1,51.80587345807827,32.67456925287843,-1,2.501412672980583,3,46.40227522495751,0.9505021074782318
1786280425998386000,144.17838598632812,32.25745689868927,1.2644552415752328,79.45290566985881,51.805875419077644,32.66745689511299,264.54630768523646,2.145346065779776,3,46.40224140622833,1.2895232070921474
1786280426998446600,145.17844653320313,32.32125953119248,1.1574515590916088,97.87861581728099,51.805871662594484,32.7312595276162,260.3819459771981,2.1380787622106325,3,46.402230644904016,0.9581919404475538
1786280427998501400,146.17850146484375,32.362774919718504,1.1541264022621454,152.88065853272008,51.80586788260595,32.772774916142225,265.01824648011194,2.1311748243470223,3,46.40222516131685,0.6116995340662992
1786280428998554000,147.17855419921875,32.306268349289894,1.1498117391828797,140.90561931294604,51.80586956610249,32.716268345713615,261.2858569966246,2.124616082291771,3,46.402214457396965,0.6611555777720532
1786280429998604000,148.17860400390626,32.424790809862316,1.1555326687926804,-1,51.80587307868007,32.83479080628604,-1,2.1768001896054523,3,46.40221581005248,0.5711380299321542
1786280430998650600,149.17865063476563,32.559256475418806,1.157985760051053,117.77114828240273,51.80586515644989,32.96925647184253,264.38584167281124,2.1679601773830233,3,46.40218950464452,0.7967104557848641
1786280431998694400,150.1786943359375,32.542645814828575,1.1554569980176799,121.01167141257234,51.80585986626281,32.952645811252296,261.8995852152319,2.166620582240602,3,46.40217932336868,0.7736766169385598
1786280432998736000,151.17873583984374,32.59955755062401,1.155308742331568,146.67534110106004,51.80585939296425,33.009557547047734,263.86464383893474,2.158289553512004,3,46.40216906242062,0.6382291220169676
1786280433998775600,152.17877563476563,32.67426257021725,1.26531673455418,-1,51.80585872200292,33.08426256664097,-1,2.175347410387143,3,46.40216326099119,0.4502483648322137
1786280434998813200,153.17881323242187,32.70038018003106,0.38837974064605024,-1,51.805859741926646,33.11038017645478,-1,2.1665800398677857,3,46.40216061533566,0.011083142227465675
1786280435998848800,154.1788488769531,32.736436519771814,0.6565845091794816,-1,51.80586034346528,33.146436516195536,-1,2.187631571071524,3,46.40216529199342,0
1786280436998881800,155.1788818359375,32.736436519771814,0.3080157138848601,-1,51.80586034346528,33.146436516195536,-1,2.1782499925179484,3,46.40216529199342,0
1786280437998914000,156.1789140625,32.736436519771814,0.3080157138848601,-1,51.80586034346528,33.146436516195536,-1,2.169337492892051,3,46.40216529199342,0
1786280438998943000,157.17894287109374,32.736436519771814,0.3080157138848601,-1,51.80586034346528,33.146436516195536,-1,2.186714201248038,3,46.40216529199342,0
1786280439998972200,158.17897216796874,32.736436519771814,0.3080157138848601,-1,51.80586034346528,33.146436516195536,-1,2.184394519834472,3,46.40216529199342,0
1786280440998999000,159.1789990234375,32.736436519771814,0.3080157138848601,-1,51.80586034346528,33.146436516195536,-1,2.1751747938427486,3,46.40216529199342,0
1786280441999068400,160.179068359375,32.736436519771814,0.3080157138848601,-1,51.80586034346528,33.146436516195536,-1,2.1951898924246978,3,46.40216529199342,0
1786280442999049200,161.17904931640626,32.736436519771814,0.3080157138848601,-1,51.80586034346528,33.146436516195536,-1,2.1948025030627534,3,46.40216529199342,0
1786280443999071500,162.1790715332031,32.736436519771814,0.3080157138848601,-1,51.80586034346528,33.146436516195536,-1,2.2243036266151583,3,46.40216529199342,0
1786280444999095000,163.17909497070312,32.736436519771814,0.3080157138848601,-1,51.80586034346528,33.146436516195536,-1,2.247789748271043,3,46.40216529199342,0
1786280445999116000,164.17911596679687,32.736436519771814,0.3080157138848601,-1,51.80586034346528,33.146436516195536,-1,2.3203030511476066,3,46.40216529199342,0
1786280446999135500,165.17913549804686,32.736436519771814,0.3080157138848601,-1,51.80586034346528,33.146436516195536,-1,2.3191355445565147,3,46.40216529199342,0
1786280447999155500,166.17915551757812,32.736436519771814,0.3080157138848601,-1,51.80586034346528,33.146436516195536,-1,2.303178767328689,3,46.40216529199342,0
1786280448999172600,167.17917260742186,32.736436519771814,0.3080157138848601,-1,51.80586034346528,33.146436516195536,-1,2.2942429222872294,3,46.40216529199342,0
1786280449999190500,168.1791904296875,32.736436519771814,0.3080157138848601,-1,51.80586034346528,33.146436516195536,-1,2.353755815065926,3,46.40216529199342,0
1786280450999208000,169.1792080078125,32.736436519771814,0.8704507481250581,180,51.80586034346528,33.146436516195536,87.05123974832138,2.33606802431263,3,46.40216529199342,0
1786280451999222800,170.1792229003906,32.736436519771814,0.867259027051165,180,51.80586034346528,33.146436516195536,87.05123974832138,2.4150577006563396,3,46.40216529199342,0
1786280452999238100,171.17923803710937,32.736436519771814,0.8734126796966573,180,51.80586034346528,33.146436516195536,87.05123974832138,2.4054714446236094,3,46.40216529199342,0
1786280453999253000,172.1792529296875,32.736436519771814,0.8713435258840658,180,51.80586034346528,33.146436516195536,87.05123974832138,2.4188167947889334,3,46.40216529199342,0
1786280454999267000,173.17926708984376,32.736436519771814,0.8715857334048375,180,51.80586034346528,33.146436516195536,87.05123974832138,2.466271187106348,3,46.40216529199342,0
1786280455999280600,174.17928076171876,32.736436519771814,0.8687191855470078,180,51.80586034346528,33.146436516195536,87.05123974832138,2.465293579612767,3,46.40216529199342,0
1786280456999293200,175.17929321289063,32.736436519771814,0.8701974487825661,180,51.80586034346528,33.146436516195536,87.05123974832138,2.482194979205637,3,46.40216529199342,0
1786280457999306800,176.179306640625,32.736436519771814,0.8661720798057788,180,51.80586034346528,33.146436516195536,87.05123974832138,2.495367866875113,3,46.40216529199342,0
1786280458999317800,177.17931787109376,32.736436519771814,0.8722278801296738,180,51.80586034346528,33.146436516195536,87.05123974832138,2.4705994735313572,3,46.40216529199342,0
1786280459999330300,178.17933032226563,32.736436519771814,0.8684024580707582,180,51.80586034346528,33.146436516195536,87.05123974832138,2.452409396095723,3,46.40216529199342,0
1786280460999341000,179.17934106445313,32.736436519771814,0.8659953471569062,180,51.80586034346528,33.146436516195536,87.05123974832138,2.429788926290937,3,46.40216529199342,0
1786280461999352600,180.1793525390625,32.736436519771814,0.8678637468324364,180,51.80586034346528,33.146436516195536,87.05123974832138,2.40829947997639,3,46.40216529199342,0
1786280462999362600,181.17936254882812,32.736436519771814,0.8696060756175549,180,51.80586034346528,33.146436516195536,87.05123974832138,2.3878845059775706,3,46.40216529199342,0
1786280463999373000,182.179373046875,32.736436519771814,0.869180438933104,180,51.80586034346528,33.146436516195536,87.05123974832138,2.425994634926464,3,46.40216529199342,0
1786280464999382000,183.1793820800781,32.736436519771814,0.8695177525394384,180,51.80586034346528,33.146436516195536,87.05123974832138,2.404694903180142,3,46.40216529199342,0
1786280465999392000,184.17939208984376,32.736436519771814,0.8655122048274309,180,51.80586034346528,33.146436516195536,87.05123974832138,2.414152665410004,3,46.40216529199342,0
1786280466999401500,185.1794013671875,32.736436519771814,0.8646277716605852,180,51.80586034346528,33.146436516195536,87.05123974832138,2.3934450321395033,3,46.40216529199342,0
1786280467999410200,186.17941015625,32.736436519771814,0.8697545833558005,180,51.80586034346528,33.146436516195536,87.05123974832138,2.373772780532528,3,46.40216529199342,0
1786280468999420000,187.179419921875,32.736436519771814,0.8599305801277878,180,51.80586034346528,33.146436516195536,87.05123974832138,2.355084141505902,3,46.40216529199342,0
1786280469999428000,188.17942797851563,32.736436519771814,0.8689259397935536,180,51.80586034346528,33.146436516195536,87.05123974832138,2.3373299344306067,3,46.40216529199342,0
1786280470999435800,189.17943579101564,32.736436519771814,0.8693711199447562,180,51.80586034346528,33.146436516195536,87.05123974832138,2.345567845840485,3,46.40216529199342,0
1786280471999444200,190.1794443359375,32.736436519771814,0.8674226630381877,180,51.80586034346528,33.146436516195536,87.05123974832138,2.3600780055997825,3,46.40216529199342,0
1786280472999453400,191.17945336914062,32.736436519771814,0.8696971168841233,180,51.80586034346528,33.146436516195536,87.05123974832138,2.3664478891855247,3,46.40216529199342,0
1786280473999460000,192.17946020507813,32.736436519771814,0.861936217373642,180,51.80586034346528,33.146436516195536,87.05123974832138,2.3481254947262484,3,46.40216529199342,0
1786280474999468800,193.17946875,32.736436519771814,0.8655813576843646,180,51.80586034346528,33.146436516195536,87.05123974832138,2.3307192199899354,3,46.40216529199342,0
1786280475999476000,194.17947607421874,32.736436519771814,0.8649791561747069,180,51.80586034346528,33.146436516195536,87.05123974832138,2.314183258990439,3,46.40216529199342,0
1786280476999483100,195.17948315429686,32.736436519771814,0.8716977575844997,180,51.80586034346528,33.146436516195536,87.05123974832138,2.298474096040917,3,46.40216529199342,0
1786280477999490800,196.17949072265625,32.736436519771814,0.8660607822776839,180,51.80586034346528,33.146436516195536,87.05123974832138,2.283550391238871,3,46.40216529199342,0
1786280478999497200,197.17949731445313,32.736436519771814,0.8696931273512549,180,51.80586034346528,33.146436516195536,87.05123974832138,2.2693728716769277,3,46.40216529199342,0
1786280479999505000,198.1795048828125,32.736436519771814,0.8653716718664403,180,51.80586034346528,33.146436516195536,87.05123974832138,2.3218556674011768,3,46.40216529199342,0
1786280480999511300,199.17951123046876,32.736436519771814,0.8648139109363085,180,51.80586034346528,33.146436516195536,87.05123974832138,2.3057628840311173,3,46.40216529199342,0
1786280481999518500,200.1795185546875,32.736436519771814,0.8634899362992525,180,51.80586034346528,33.146436516195536,87.05123974832138,2.2904747398295613,3,46.40216529199342,0
1786280482999524600,201.17952465820312,32.736436519771814,0.8709254758360603,180,51.80586034346528,33.146436516195536,87.05123974832138,2.318592142380478,3,46.40216529199342,0
1786280483999531800,202.17953173828124,32.736436519771814,0.8645982915437651,180,51.80586034346528,33.146436516195536,87.05123974832138,2.334189405195729,3,46.40216529199342,0
1786280484999538400,203.17953833007812,32.736436519771814,0.8723747841795667,180,51.80586034346528,33.146436516195536,87.05123974832138,2.3174799349359425,3,46.40216529199342,0
1786280485999545600,204.17954565429687,32.736436519771814,0.867505821523939,180,51.80586034346528,33.146436516195536,87.05123974832138,2.301605938189146,3,46.40216529199342,0
1786280486999551700,205.1795517578125,32.736436519771814,0.8749426733509366,180,51.80586034346528,33.146436516195536,87.05123974832138,2.2882833853048985,3,46.40216529199342,0
1786280487999558000,206.17955786132814,32.736436519771814,0.8677772768625238,180,51.80586034346528,33.146436516195536,87.05123974832138,2.3089032521476094,3,46.40216529199342,0
1786280488999563500,207.1795634765625,32.736436519771814,0.8624439084307819,180,51.80586034346528,33.146436516195536,87.05123974832138,2.3710719252917425,3,46.40216529199342,0
1786280489999569700,208.17956958007812,32.736436519771814,0.8611260588189027,180,51.80586034346528,33.146436516195536,87.05123974832138,2.373015336619276,3,46.40216529199342,0
1786280490999576300,209.17957641601564,32.736436519771814,0.8726350296533614,180,51.80586034346528,33.146436516195536,87.05123974832138,2.3896759040703572,3,46.40216529199342,0
1786280491999581700,210.17958178710938,32.736436519771814,0.8621647856950294,180,51.80586034346528,33.146436516195536,87.05123974832138,2.37019210886684,3,46.40216529199342,0
1786280492999587600,211.17958764648438,32.736436519771814,0.8612000751765394,180,51.80586034346528,33.146436516195536,87.05123974832138,2.351682503423498,3,46.40216529199342,0
1786280493999593200,212.17959326171874,32.736436519771814,0.8676647437307133,180,51.80586034346528,33.146436516195536,87.05123974832138,2.3340983782523224,3,46.40216529199342,0
1786280494999600400,213.17960034179688,32.736436519771814,0.8714253217028792,180,51.80586034346528,33.146436516195536,87.05123974832138,2.352465751691047,3,46.40216529199342,0
1786280495999605800,214.17960571289063,32.736436519771814,0.867878271486755,180,51.80586034346528,33.146436516195536,87.05123974832138,2.3751460890537075,3,46.40216529199342,0
1786280496999611600,215.17961157226563,32.736436519771814,0.8615995372502443,180,51.80586034346528,33.146436516195536,87.05123974832138,2.3638488464965945,3,46.40216529199342,0
1786280497999617000,216.17961694335938,32.736436519771814,0.8719928965231475,180,51.80586034346528,33.146436516195536,87.05123974832138,2.3720945839893424,3,46.40216529199342,0
1786280498999623000,217.17962280273437,32.736436519771814,0.8697942319557254,180,51.80586034346528,33.146436516195536,87.05123974832138,2.386405643954667,3,46.40216529199342,0
1786280499999629000,218.17962915039064,32.736436519771814,0.8681093754274811,180,51.80586034346528,33.146436516195536,87.05123974832138,2.4095990462315284,3,46.40216529199342,0
1786280500999635200,219.17963525390624,32.736436519771814,0.8651402314249832,180,51.80586034346528,33.146436516195536,87.05123974832138,2.3891190939199523,3,46.40216529199342,0
1786280501999640800,220.17964086914063,32.736436519771814,0.8701096322678968,180,51.80586034346528,33.146436516195536,87.05123974832138,2.3696631392239547,3,46.40216529199342,0
1786280502999646000,221.17964599609374,32.736436519771814,0.8612528405146407,180,51.80586034346528,33.146436516195536,87.05123974832138,2.3761094322708862,3,46.40216529199342,0
1786280503999652400,222.17965234375,32.736436519771814,0.8764716278619256,180,51.80586034346528,33.146436516195536,87.05123974832138,2.3898670979561176,3,46.40216529199342,0
1786280504999657700,223.17965771484376,32.736436519771814,0.8741904418827889,180,51.80586034346528,33.146436516195536,87.05123974832138,2.4085669167482613,3,46.40216529199342,0
1786280505999663400,224.1796633300781,32.736436519771814,0.8692538547270404,180,51.80586034346528,33.146436516195536,87.05123974832138,2.391581491147459,3,46.40216529199342,0
1786280506999668200,225.17966821289062,32.736436519771814,0.8742623090454789,180,51.80586034346528,33.146436516195536,87.05123974832138,2.3815101037253226,3,46.40216529199342,0
1786280507999675000,226.1796748046875,32.736436519771814,0.8744616994052875,180,51.80586034346528,33.146436516195536,87.05123974832138,2.3821918277404044,3,46.40216529199342,0
1786280508999680000,227.17967993164064,32.736436519771814,0.8665886868143352,180,51.80586034346528,33.146436516195536,87.05123974832138,2.367193119072333,3,46.40216529199342,0
1786280509999684900,228.1796848144531,32.736436519771814,0.8670330684248072,180,51.80586034346528,33.146436516195536,87.05123974832138,2.348833463118717,3,46.40216529199342,0
1786280510999690500,229.1796904296875,32.736436519771814,0.8754126033923643,180,51.80586034346528,33.146436516195536,87.05123974832138,2.331391789962781,3,46.40216529199342,0
1786280511999696100,230.17969604492188,32.736436519771814,0.8676047030279161,180,51.80586034346528,33.146436516195536,87.05123974832138,2.3293448339650635,3,46.40216529199342,0
1786280512999702000,231.17970190429688,32.736436519771814,0.8703297256266725,180,51.80586034346528,33.146436516195536,87.05123974832138,2.313102301640692,3,46.40216529199342,0
1786280513999708000,232.1797080078125,32.736436519771814,0.8667566790682663,180,51.80586034346528,33.146436516195536,87.05123974832138,2.297447186558657,3,46.40216529199342,0
1786280514999713000,233.17971313476562,32.736436519771814,0.8655728621008245,180,51.80586034346528,33.146436516195536,87.05123974832138,2.2990745695054273,3,46.40216529199342,0
1786280515999718100,234.17971826171876,32.736436519771814,0.8682947023414073,180,51.80586034346528,33.146436516195536,87.05123974832138,2.284120841030156,3,46.40216529199342,0
1786280516999723500,235.1797236328125,32.736436519771814,0.8612212020392119,180,51.80586034346528,33.146436516195536,87.05123974832138,2.302350668934636,3,46.40216529199342,0
1786280517999729700,236.1797297363281,32.736436519771814,0.8669238809863736,180,51.80586034346528,33.146436516195536,87.05123974832138,2.287233135487904,3,46.40216529199342,0
1786280518999734500,237.17973461914062,32.736436519771814,0.8672564592486841,180,51.80586034346528,33.146436516195536,87.05123974832138,2.2728714787135083,3,46.40216529199342,0
1786280519999740200,238.179740234375,32.736436519771814,0.8645670267817462,180,51.80586034346528,33.146436516195536,87.05123974832138,2.259227904777833,3,46.40216529199342,0
1786280520999746000,239.17974609375,32.736436519771814,0.8665078304906696,180,51.80586034346528,33.146436516195536,87.05123974832138,2.2462665095389416,3,46.40216529199342,0
1786280521999751200,240.17975122070314,32.736436519771814,0.8692931179016834,180,51.80586034346528,33.146436516195536,87.05123974832138,2.278454744465667,3,46.40216529199342,0
1786280522999755800,241.179755859375,32.736436519771814,0.8638649671580427,180,51.80586034346528,33.146436516195536,87.05123974832138,2.2645320072423836,3,46.40216529199342,0
1786280523999762000,242.17976196289064,32.736436519771814,0.8664676534576494,180,51.80586034346528,33.146436516195536,87.05123974832138,2.2513054068802645,3,46.40216529199342,0
1786280524999767300,243.1797673339844,32.736436519771814,0.8744675673671223,180,51.80586034346528,33.146436516195536,87.05123974832138,2.242457528922147,3,46.40216529199342,0
1786280525999772700,244.17977270507814,32.736436519771814,0.8759763108990435,180,51.80586034346528,33.146436516195536,87.05123974832138,2.2303346524760395,3,46.40216529199342,0
1786280526999777800,245.17977783203125,32.736436519771814,0.8703464113633559,180,51.80586034346528,33.146436516195536,87.05123974832138,2.2188179198522375,3,46.40216529199342,0
1786280527999783000,246.17978295898436,32.736436519771814,0.8717804590973397,180,51.80586034346528,33.146436516195536,87.05123974832138,2.207877023859626,3,46.40216529199342,0
1786280528999788000,247.1797880859375,32.736436519771814,0.8695269062692992,180,51.80586034346528,33.146436516195536,87.05123974832138,2.1974831726666446,3,46.40216529199342,0
1786280529999793400,248.17979345703125,32.736436519771814,0.8694457707114059,180,51.80586034346528,33.146436516195536,87.05123974832138,2.1876090140333124,3,46.40216529199342,0
1786280530999799300,249.17979931640625,32.736436519771814,0.8632918081519825,180,51.80586034346528,33.146436516195536,87.05123974832138,2.178228563331647,3,46.40216529199342,0
1786280531999805000,250.17980493164063,32.736436519771814,0.8654524208521243,180,51.80586034346528,33.146436516195536,87.05123974832138,2.1693171351650644,3,46.40216529199342,0
1786280532999810000,251.17981005859374,32.736436519771814,0.8624883480334146,180,51.80586034346528,33.146436516195536,87.05123974832138,2.160851278406811,3,46.40216529199342,0
1786280533999815000,252.17981494140625,32.736436519771814,0.8692341721221913,180,51.80586034346528,33.146436516195536,87.05123974832138,2.169262960912716,3,46.40216529199342,0
1786280534999820500,253.17982055664064,32.736436519771814,0.8767228354208021,180,51.80586034346528,33.146436516195536,87.05123974832138,2.16079981286708,3,46.40216529199342,0
1786280535999826400,254.17982641601563,32.736436519771814,0.862937582687899,180,51.80586034346528,33.146436516195536,87.05123974832138,2.1750737856569353,3,46.40216529199342,0
1786280536999830300,255.17983032226562,32.736436519771814,0.8681959409049678,180,51.80586034346528,33.146436516195536,87.05123974832138,2.1663200963740885,3,46.40216529199342,0
1786280537999836700,256.1798366699219,32.736436519771814,0.8661654279989941,180,51.80586034346528,33.146436516195536,87.05123974832138,2.158004091555384,3,46.40216529199342,0
1786280538998536700,257.17853662109377,32.736436519771814,0.8683221687817435,180,51.80586034346528,33.146436516195536,87.05123974832138,2.1521628244897593,3,46.40216529199342,0
1786280539998521900,258.17852197265626,32.736436519771814,0.8686770523638446,180,51.80586034346528,33.146436516195536,87.05123974832138,2.1445546832652713,3,46.40216529199342,0
1786280540998532900,259.17853295898436,32.736436519771814,0.8630858450190376,180,51.80586034346528,33.146436516195536,87.05123974832138,2.137326949102008,3,46.40216529199342,0
1786280541998531600,260.1785314941406,32.736436519771814,0.8685073613165478,180,51.80586034346528,33.146436516195536,87.05123974832138,2.1304606016469076,3,46.40216529199342,0
1786280542998531800,261.17853173828127,32.736436519771814,0.8680082550730289,180,51.80586034346528,33.146436516195536,87.05123974832138,2.123937571564562,3,46.40216529199342,0
1786280543998557400,262.1785573730469,32.736436519771814,0.8728920545027808,180,51.80586034346528,33.146436516195536,87.05123974832138,2.184091651905584,3,46.40216529199342,0
1786280544998563800,263.17856372070315,32.672427931800485,0.8716205897165973,180,51.80586582679709,33.082427928224206,87.05124587735156,2.203841028376505,3,46.40217366444918,0.03114362271906336
1786280545998568400,264.178568359375,32.618416835553944,0.8774167758912846,180,51.805865669984335,33.028416831977665,87.05124576367551,2.2421284079743278,3,46.40217350312191,0.0323775054165079
1786280546998599200,265.1785991210937,32.473895670846105,0.8829559623343679,180,51.80586551784472,32.883895667269826,87.05124635350971,2.243928042785836,3,46.40217423432337,0.06145922601279363
1786280547998614000,266.17861401367185,32.48496146593243,0.8810886718385144,180,51.805866589824596,32.89496146235615,87.05124592654188,2.23173164070191,3,46.402173810472,0.04699474066324402
1786280548998628600,267.17862866210936,32.490806790068746,0.8917900786519707,180,51.80586676754155,32.90080678649247,87.05124564489357,2.224381091354707,3,46.40217347283918,0
1786280549998662000,268.1786618652344,32.490806790068746,0.8845034473422971,180,51.80586676754155,32.90080678649247,87.05124564489357,2.2131620367869718,3,46.40217347283918,0
1786280550998677200,269.17867724609374,32.490806790068746,0.8825739105544408,180,51.80586676754155,32.90080678649247,87.05124564489357,2.202503934947623,3,46.40217347283918,0
1786280551998695000,270.1786948242187,32.490806790068746,0.8853403494410975,180,51.80586676754155,32.90080678649247,87.05124564489357,2.192378738200242,3,46.40217347283918,0
1786280552998731000,271.17873095703123,32.490806790068746,0.8857689950178601,180,51.80586676754155,32.90080678649247,87.05124564489357,2.18275980129023,3,46.40217347283918,0
1786280553998763500,272.1787634277344,32.490806790068746,0.8624803943801289,180,51.80586676754155,32.90080678649247,87.05124564489357,2.1736218112257184,3,46.40217347283918,0
1786280554998797000,273.1787971191406,32.490806790068746,0.8687658185970406,180,51.80586676754155,32.90080678649247,87.05124564489357,2.1740011484008575,3,46.40217347283918,0
1786280555998826000,274.17882592773435,32.29057701583952,0.871269587106897,180,51.8058689858267,32.70057701226324,87.05124984018666,2.1691502023583444,3,46.402179035458346,0.37170721561623304
1786280556998855200,275.1788552246094,31.23737617302686,0.5405259492772337,34.14814533576248,51.80588361038058,31.64737616945058,359.1662826421318,2.197117564646952,3,46.40217246623025,0.9215398615607878
1786280557998883600,276.17888354492186,32.430759347975254,1.369420366123419,98.13184475015038,51.80587343735095,32.840759344398975,263.1102664886927,2.187261676980043,3,46.402132434778004,1.1307350558280431
1786280558998910000,277.17890991210936,31.891078362241387,0.7759911259416619,18.870374694324727,51.80585063525517,32.30107835866511,243.50188330168476,2.1872616452057496,3,46.40208376320833,3.331336654291447
1786280559998935300,278.1789353027344,31.894953184761107,0.652194460927956,25.652825783454695,51.80586692462786,32.30495318118483,262.6208632182034,2.177898538678617,3,46.4020842838066,2.059943359592538
1786280560998959000,279.178958984375,31.719649215228856,0.6440328238944873,37.56960147121058,51.80585868992988,32.12964921165258,238.57605718831599,2.2760149554891056,3,46.402079074257976,1.3862643041641587
1786280561998983200,280.1789831542969,30.882368160411716,0.6017230114073391,35.031359269476795,51.805860626784295,31.292368156835437,255.40797079067204,2.336335743853389,3,46.40206524502366,0.8984420148976698
1786280562999005000,281.1790048828125,31.1429822165519,0.5764257358164316,73.81449132788408,51.805851689477436,31.55298221297562,213.76936083685075,2.3324483596872265,3,46.40206442474252,0.45445646284864766
1786280563999026200,282.17902612304687,31.470891511067748,0.6744863133528974,59.8268157189211,51.80586409299992,31.88089150749147,27.697720738971245,2.315825976994857,3,46.40207268681203,0.8939614166107318
1786280564999048200,283.17904809570314,31.70898508746177,0.6680910434400882,20.905490549240955,51.8058865839713,32.11898508388549,26.48968116006903,2.3000347266076604,3,46.40208951953949,2.5419404937242986
1786280565999067400,284.1790673828125,31.778847853653133,0.6700234862443974,10.955305880635803,51.80593926125982,32.188847850076854,358.70589967603263,2.2850330974292627,3,46.40207621032498,4.949570221936365
1786280566999086000,285.1790861816406,31.902641830965877,0.6956454927117177,9.985999410713061,51.80598534022974,32.3126418273896,341.1974622300419,2.312735773103297,3,46.402037765201236,5.643310188624032
1786280567999104500,286.1791044921875,31.78422456793487,0.6724720472789308,8.021306866888517,51.8060544260007,32.19422456435859,346.2549967021363,2.3405239512370164,3,46.40202385019775,6.793105918453276
1786280568999122700,287.17912280273435,32.76977566257119,0.7057906445836823,7.242439574564866,51.80614831455026,33.17977565899491,354.7928771972656,4.372253716335475,3,46.40207256254944,8.81391649193509
1786280569999139000,288.17913916015624,32.24530716333538,0.6827654338804717,7.258797460568086,51.8062556017346,32.655307159759104,354.7928771972656,5.216787130918685,3,46.40205679063921,11.106622071496995
1786280570999155500,289.1791555175781,32.67533631902188,0.6396088859097964,7.258804713323741,51.80637432664293,33.0853363154456,354.7928771972656,3.14667453370367,3,46.40203933731307,12.556038492589668
1786280571999171800,290.179171875,31.80805536153222,0.29301056265830994,1.200435628707361,51.80646138295615,32.21805535795594,356.4902648925781,4.50187216740991,3,46.40203040037886,12.502196311950684
1786280572999187200,291.17918725585935,31.995015661037463,0.2830754518508911,1.2279604372888662,51.80656998088232,32.405015657461185,356.4902648925781,8.131519779822256,3,46.40201965601925,12.402509689331055
1786280573999202000,292.1792021484375,32.099840112986236,0.275180846452713,1.142557993062848,51.80669697317379,32.50984010940996,346.0091247558594,8.973755576550472,3,46.4019858729751,12.429105758666992
1786280574999217200,293.17921704101565,32.05208421405444,0.3630456030368805,9.825167356908114,51.80681895416179,32.46208421047816,339.18084716796875,9.437960879049356,3,46.40193200991829,13.347922325134277
1786280575999230500,294.17923046875,32.24745933083356,0.389690101146698,9.629945182503517,51.80693443516474,32.65745932725728,339.18084716796875,8.996559970532449,3,46.40186117637276,13.830281257629395
1786280576999244500,295.17924462890625,32.4122648857329,0.4184904098510742,9.093719837370509,51.80705018394768,32.822264882156624,339.18084716796875,9.006180431333146,3,46.401790178519235,13.58310317993164
1786280577999258400,296.17925830078127,32.621671366222074,0.40027469396591187,8.299420917090448,51.80716896819029,33.031671362645795,338.69830322265625,8.751896422142527,3,46.40171564508073,13.58310317993164
1786280578999272000,297.17927197265624,32.51395754690573,0.4973738193511963,8.109409323248924,51.80728255072856,32.92395754332945,338.69830322265625,8.031366733098919,3,46.40164420413845,13.159248352050781
1786280579999283500,298.1792834472656,32.70505485894928,0.42213523387908936,6.978722732572087,51.80738204083956,33.115054855373,353.6364440917969,6.490864118639912,3,46.40158456560647,13.159248352050781
1786280580999296800,299.179296875,32.61859814448555,0.3809753358364105,6.538458130183173,51.80749785781971,33.028598140909274,353.6364440917969,7.21929149376484,3,46.401563730187796,13.128296852111816
1786280581999307800,300.17930786132814,33.009464950114065,0.3603070378303528,6.095574150247559,51.80761045731422,33.419464946537786,353.6364440917969,7.8441362456469275,3,46.40154347359548,12.956072807312012
1786280582999320600,301.1793205566406,33.009478183463216,0.36030703782960866,7.258974518679328,51.80771671692001,33.41947817988694,1.805449366569519,8.420443752045585,3.626726163469516,46.401535145900084,12.956072807285256
1786280583999331800,302.1793317871094,33.0416798600927,0.4171916246406971,7.25897451867936,51.80781638642703,33.45167985651642,1.805449366569519,7.829258779380777,3.3553045747559396,46.40154021386691,11.855247497538096
1786280584999343400,303.17934326171877,33.09566977992654,0.4740458726874402,7.258974518679374,51.807905161314196,33.50566977635026,14.81906509399414,12.876906689392545,3.2783604591888595,46.401638398925016,12.096199035622758
1786280585999353900,304.1793537597656,33.37827860470861,0.4812182188025398,7.25897451867933,51.80801513867018,33.78827860113233,14.81906509399414,11.910583460344272,3.0281771928945767,46.40168533453868,12.096199035622766
1786280586999364900,305.17936474609377,33.808757537044585,0.4302203357211117,7.258974518679344,51.80816282511868,34.218757533468306,359.03814697265625,8.664070557808339,3,46.40168457375303,12.732080459569335
1786280587999380500,306.17938037109377,33.83692748192698,0.4243126511562997,7.258974518679331,51.80831184398472,34.2469274783507,350.8795166015625,7.644510509053382,3,46.40165958024017,14.379306793176308
1786280588999387000,307.17938696289065,33.88325977418572,0.4377677142606634,7.258974518679354,51.808456783642406,34.29325977060944,350.8795166015625,7.783703646243105,3,46.40162204537103,15.804596900891376
1786280589999397000,308.1793972167969,34.246888984926045,0.40604382753247414,7.258974518679369,51.80859985854247,34.656888981349766,353.9990234375,7.116447141102965,3,46.401589102989284,15.804596900891372
1786280590999407900,309.17940795898437,34.20430059079081,0.39719298481798726,7.258974518679333,51.80876643964926,34.61430058721453,353.8956298828125,6.851148340397684,3,46.40156041422568,17.07652091973854
1786280591999417900,310.17941796875,34.24586148094386,0.3763158619386598,7.258974518679379,51.808965948201106,34.65586147736758,353.8956298828125,6.012267264805535,3,46.40152599578819,19.297470092685025
1786280592999427300,311.1794272460937,34.31294856034219,0.3570894300919891,7.258974518679382,51.809160182301255,34.722948556765914,354.4986572265625,3.1466742772610523,3.0604836253367105,46.40149487337689,20.107019424338468
1786280593999437300,312.1794372558594,33.98898177660294,0.33269697427749634,2.8484337034883827,51.80934630506965,34.39898177302666,355.0865478515625,4.592088118033915,3,46.401468508571284,19.89353370666504
1786280594999447300,313.179447265625,33.96301918947647,0.3677181601524353,2.8182626234903205,51.80952159156619,34.37301918590019,355.0865478515625,4.7683489222326,3,46.401444200969806,19.570865631103516
1786280595999456800,314.17945678710936,34.01322560762231,0.41048601269721985,2.644744442390497,51.809699400420406,34.42322560404603,355.0865478515625,4.962000738471034,3,46.40141954358032,19.786149978637695
1786280596999467000,315.17946704101564,34.211677478852366,0.43346932530403137,2.6128395615603095,51.80987376655619,34.62167747527609,355.0865478515625,4.511315723658744,3,46.40139536360894,19.786149978637695
1786280597999475500,316.1794753417969,34.3461700536573,0.46919479966163635,2.585325211705971,51.8100589767344,34.756170050081025,352.6259460449219,2.94412187312931,3,46.40135785591838,20.259254455566406
1786280598999485400,317.1794853515625,34.64788110009566,0.4867434799671173,2.557452063476795,51.81024525672018,35.05788109651938,352.6259460449219,14,3,46.40131896748516,20.382801055908203
1786280599999495000,318.17949487304685,35.06748906590539,0.4710913598537445,2.5276182240690024,51.81043253837838,35.47748906232911,352.6259460449219,14,3,46.40127986993505,20.382801055908203
1786280600999504000,319.17950390625,35.4364654687115,0.43945184350013733,2.498070398832704,51.81062094188981,35.846465465135225,352.7396240234375,3.079343068057154,3,46.401241113073134,20.0280704498291
1786280601999512600,320.1795126953125,35.436496993526816,0.4394518434979689,7.258974518679308,51.810799552996976,35.84649698995054,352.5032653808594,3.146674277255741,3,46.401203359105466,20.028070449730272
1786280602999522300,321.1795222167969,35.93151791021228,0.4079295098761961,7.25897451867939,51.8109714684442,36.341517906636,352.5032653808594,3.146674277257455,3,46.401166864374424,19.774831771755455
1786280603999530500,322.17953051757814,36.27390556037426,0.3919399380666663,7.258974518679376,51.811133413777455,36.68390555679798,352.5032653808594,3.146674277258547,3,46.40113248341379,18.90664672843248
1786280604999539500,323.17953955078127,36.31954851746559,0.39290633797472785,7.258974518679286,51.8113059079831,36.72954851388931,352.27734375,3.146674277258289,3,46.401095102704474,18.90664672843248
1786280605999549000,324.179548828125,36.49621595069766,0.3860258162005122,7.258974518679384,51.811467100901574,36.90621594712138,352.27734375,3.14667427725845,3,46.40105983772374,18.648307800213185
1786280606999557000,325.17955712890625,36.50499533955008,0.37815359234650464,7.258974518679324,51.81163028891044,36.9149953359738,352.27734375,3.1466742772580067,3,46.40102413626721,18.511041641157316
1786280607999565600,326.1795656738281,36.50933420844376,0.36869737505766115,7.258974518679369,51.81178432589993,36.91933420486748,352.27734375,3.146674277258223,3,46.400990436826916,17.98209571831226
1786280608999575000,327.1795749511719,36.479637030512094,0.3254649341093468,7.258974518679347,51.811936676102235,36.889637026935816,352.27734375,3.1466742772588976,3,46.40095710625445,17.982095718312262
1786280609999583200,328.17958325195315,36.47500452119857,0.32525151967879956,7.258974518679344,51.812086132714846,36.88500451762229,353.7224426269531,3.1466742772589615,3.0066039105072084,46.40092643551426,17.486797332697886
1786280610999592200,329.1795922851563,36.79149683378637,0.3247997164714039,7.258974518679608,51.81224374408785,37.20149683021009,353.7224426269531,3.1466742772592924,3.0523584580027507,46.40089846435987,17.48679733269789
1786280611999600400,330.17960034179686,37.037799215875566,0.3080157138836663,7.258974518679286,51.812402781415024,37.44779921229929,353.7224426269531,3.1466742772601486,3.143948691763522,46.40087024014163,17.7491912841109
1786280612999608300,331.1796083984375,37.12668588012457,0.3080157138836604,7.258974518679223,51.81256239196576,37.53668587654829,352.9068908691406,3.1466742772608467,3.2285724607749775,46.40083928690947,17.793216705252963
1786280613999617800,332.17961767578123,37.09177427832037,0.3080157138836664,7.2589745186794445,51.81272766034697,37.50177427474409,345.07403564453125,5.378816334105114,3.4030666448047686,46.40080276125897,17.7491912841109
1786280614999626800,333.17962670898436,37.30895847454667,0.30801571388369925,7.258974518679399,51.812874452341774,37.71895847097039,345.07403564453125,3.146674277262938,3.514738517664667,46.40073963392095,17.50348281853755
1786280615999634000,334.1796340332031,37.53607693873346,0.3080157138838115,7.258974518679467,51.81301346716273,37.94607693515718,345.07403564453125,3.146674277262823,3.610990092207519,46.400679851144695,16.63641548151075
1786280616999642400,335.17964233398436,37.534707634709775,0.3080157138838116,7.258974518679308,51.81315363425559,37.9447076311335,345.07403564453125,5.448316628304744,3.7703211602833036,46.40061957281033,16.63641548151075
1786280617999650600,336.1796506347656,37.68255390319973,0.3080157138838685,7.258974518679262,51.813286555006144,38.092553899623454,344.51141357421875,3.1466742772658667,4.059415223781297,46.40056003411261,16.178213119454757
1786280618999659500,337.1796594238281,38.03377670887858,0.30801571388391685,7.258974518679361,51.81341445048412,38.4437767053023,355.3882751464844,7.097886154021847,4.16427957104268,46.40055579507673,15.778113365125023
1786280619999667200,338.1796672363281,38.1452487334609,0.3080157138840057,7.258974518679217,51.813546174341994,38.555248729884624,355.3882751464844,8.113388766166631,4.2481571053999,46.400538653228026,15.015803337055521
1786280620999675400,339.17967529296874,38.090663640759885,0.30801571388400567,7.258974518679322,51.81367950539876,38.50066363718361,355.3882751464844,8.67238104392034,4.297935228439814,46.400521302225165,15.015803337055518
1786280621999684900,340.17968481445314,38.07961977645755,1.2802382345799268,7.258970533107175,51.813796163362966,38.48961977288127,355.3882751464844,9.747123160370517,3,46.40050612097206,14.560278379205942
1786280622999692300,341.1796923828125,37.83024734724313,1.282343063292819,7.407006467695075,51.81391613483849,38.24024734366685,355.26702880859375,8.784133755088591,3,46.40049029654959,14.028077132647418
1786280623999701200,342.179701171875,37.61110404320061,1.1636008554352995,7.2589609167733595,51.814032840388066,38.02110403962433,355.26702880859375,8.015053174456055,3,46.40047470804061,13.766371390690862
1786280624999708400,343.1797084960937,37.69238881766796,0.6636337729510124,7.258947625702906,51.81414410264,38.10238881409168,355.26702880859375,6.810020300765292,3,46.40045984659562,12.928151033874931
1786280625999716400,344.17971630859375,37.6173943830654,0.705163196383585,7.25897185922882,51.81425756879134,38.027394379489124,355.26702880859375,7.17744776349591,3,46.40044469077551,12.676027371459808
1786280626999725300,345.1797253417969,37.80506078340113,0.847970289048877,7.2583694510806085,51.814369888024,38.21506077982485,355.26702880859375,7.452127894856614,3,46.40042968814732,12.61934862098652
1786280627999733500,346.1797333984375,38.580308789387345,0.9419466297557652,7.256980912628731,51.81448849720997,38.99030878581107,346.9356689453125,6.375124682581718,3,46.40038964110845,12.722511662958574
1786280628999741000,347.1797409667969,38.91754890419543,1.1513081647418444,7.257651228282555,51.81459929683984,39.32754890061915,346.9356689453125,4.813933192617452,3,46.400348161552486,12.951082264620926
1786280629999748600,348.17974853515625,38.5150912264362,1.8807338754887848,11.800781193246461,51.81471591459791,38.92509122285992,346.7320861816406,3.3973179499214496,3,46.40030395772091,12.91380286001102
1786280630999757600,349.1797575683594,38.43708139285445,1.5431855877740837,9.734710145090443,51.8148265138606,38.84708138927817,346.7320861816406,4.134157177462301,3,46.40023905892541,12.844914723904987
1786280631999765000,350.17976489257813,38.1273486437276,1.1947916736382622,7.25886661737807,51.81497900588063,38.53734864015132,346.7320861816406,7.111450723766652,3,46.40023331555067,13.8257153840331
1786280632999773400,351.1797734375,37.555477485992014,1.1457955498703034,7.289514743279266,51.8150854002876,37.965477482415736,346.7312927246094,6.081805636167814,3,46.40018934225982,12.735497323325065
1786280633999781600,352.17978173828124,37.361301395110786,1.0982065839449904,7.7420627984914,51.81519399472179,37.77130139153451,346.7312927246094,5.602480603920488,3,46.4001643528918,11.49276483989158
1786280634999790800,353.17979077148436,38.26710794027895,1.1442712389001102,8.828841709123312,51.81528233530414,38.67710793670267,346.7312927246094,4.906112084710697,3,46.400139501531974,10.499369849400109
1786280635999797800,354.1797978515625,39.220484629273415,1.199491174735162,11.07693734194367,51.81531866067028,39.630484625697136,340.2348937988281,5.701681751772995,3,46.4000797248789,8.76177221083194
1786280636999806500,355.17980639648437,40.380010141059756,0.9546095680261039,9.872615230664321,51.815369310488215,40.79001013748348,340.2348937988281,4.885776916479274,3,46.40005035927348,7.8010587314496735
1786280637999813400,356.1798134765625,41.84142145793885,0.9020885469232726,12.67228939086535,51.815382049044516,42.25142145436257,340.2348937988281,4.3732286537082095,3,46.40004297357708,5.623207903129414
1786280638999821600,357.17982153320315,41.112809497863054,1.4308326168794643,23.032742019665033,51.81539389364062,41.522809494286776,338.9725646972656,4.375371457991147,3,46.40000509702266,5.029549390745449
1786280639999829000,358.1798291015625,41.68169783428311,1.1020685125225886,19.66821650260793,51.81540513204419,42.091697830706835,338.9725646972656,4.353127138986391,3,46.40000139635061,4.51444371685062
1786280640999838500,359.17983837890625,41.112354721874,1.1650959223465673,15.568906928685383,51.81526133853483,41.52235471829772,266.3218078613281,12.994366514165705,3,46.399841648634386,6.058692381443122
1786280641999846400,360.1798464355469,40.985811782069504,1.1428096973703898,10.099398282307886,51.81525361387909,41.395811778493226,266.3218078613281,13.130626750442564,3,46.3996477910108,9.167060699128996
1786280642999853800,361.17985375976565,39.9043252132833,1.28440880606009,10.184234145242106,51.81524696311472,40.31432520970702,266.3218078613281,12.725523313080801,3,46.399480866255956,10.216622338834483
1786280643999861200,362.179861328125,39.25662024784833,1.282450125016638,8.078261676825296,51.81523613720815,39.66662024427205,266.3218078613281,6.255579065259482,3,46.39920915016024,12.859296961317037
1786280644999870700,363.17987060546875,39.613450517877936,1.1950018912664169,7.258954750580218,51.81523912652925,40.02345051430166,266.3414001464844,8.0660612623792,3.939787737036539,46.39893656423419,14.905216063149188
1786280645999878700,364.1798786621094,39.14973928313702,1.1022632516356454,7.257650666981244,51.81521499550452,39.559739279560745,266.3414001464844,9.643065968466813,4.692357669200259,46.398720619091925,14.75132986840355
1786280646999886000,365.17988598632815,39.141171131283045,1.019445310362408,7.256946804132763,51.81520425872495,39.551171127706766,266.3414001464844,10.503011623087476,5.402394595281756,46.398466172234194,15.100099836065697
1786280647999893800,366.1798937988281,39.752254789695144,1.0277178440341277,7.258968725807882,51.815193875875764,40.162254786118865,266.3414001464844,7.733012092347639,3.766225722132721,46.3982175918058,15.245971139934804
1786280648999901700,367.17990161132815,39.940956173464656,1.0152199988360808,7.25897352268668,51.81518812314704,40.35095616988838,266.3414001464844,6.028027091967161,3,46.39795968077932,15.58343790185713
1786280649999910400,368.1799104003906,40.61372955329716,1.5066409460851922,7.626393997135664,51.81518149327976,41.02372954972088,266.21710205078125,7.356912934705365,3.813168652290883,46.397678344423035,16.007645830540106
1786280650999917600,369.17991748046876,40.804988271556795,1.1406364229362203,7.2583382038232624,51.81516538105151,41.214988267980516,266.21710205078125,7.356913074634961,3.8163917099399507,46.397457986281836,15.899834710057256
1786280651999927000,370.1799270019531,40.874977715313435,1.053110761372072,7.25853480795511,51.8151370117884,41.284977711737156,271.2345886230469,6.666340333000561,3.1476910972232606,46.39719695644662,16.302012066155346
1786280652999934700,371.17993481445313,40.83299316465855,1.014548336802705,7.258973490231409,51.81510660132861,41.24299316108227,271.2345886230469,7.849440336258103,3.892645453140338,46.396950575175566,16.177118936922547
1786280653999941400,372.17994140625,41.31465546134859,1.0168609253722807,7.258543970268669,51.81511448220444,41.724655457772315,271.2345886230469,8.277958299650962,4.02721074053983,46.39670227194273,16.144061018296206
1786280654999949600,373.17994946289065,41.68350903503597,1.0466235682352776,7.2585509839534135,51.81512689618045,42.09350903145969,274.6830749511719,4.677448004214361,3,46.396467132514026,16.140156572722464
1786280655999958500,374.1799584960938,42.07928524073213,1.0565551450425377,7.258388663986943,51.81509365495581,42.489285237155855,269.7129133644487,4.343948738839263,3,46.39624161659612,15.994548270602424
1786280656999966500,375.17996655273436,42.48074394278228,1.4851183517331874,7.380347618034581,51.81510018597571,42.890743939206004,269.1597122334574,3.6030310833712753,3,46.39599625388114,16.304969810855034
1786280657999974100,376.1799741210938,43.18314711842686,1.282229326928699,7.257773242287834,51.81509038642335,43.59314711485058,268.98201625010745,3.646842051240586,3,46.3957547887929,16.794594018180234
1786280658999981800,377.17998193359375,43.73060672264546,1.5191898874739487,7.297018063195029,51.815088009086224,44.14060671906918,268.7856358888567,4.922400954986067,3,46.39551078810625,16.86722133853225
1786280659999990000,378.1799899902344,44.143817816860974,1.2479886999028456,7.257039302408648,51.81518222586879,44.553817813284695,277.58452717368374,3.1893297611332203,3,46.39528806132655,16.85223679392468
1786280660999997200,379.1799970703125,44.389666529372334,1.040788228458632,7.2576895538276025,51.81523399750979,44.799666525796056,276.9978942871094,3.1038057715350615,3,46.39497786204209,18.39038601516099
1786280662000004900,380.1800048828125,45.207971897907555,1.0172655487342535,7.257073623900772,51.81525812468907,45.617971894331276,276.7927551269531,3.3846170848555563,3,46.39466399649476,19.36121802862732
1786280663000013300,381.18001342773437,44.48848035847623,0.5484516620635986,1.5798586135170933,51.8152871236367,44.89848035489995,277.16033935546875,14,3,46.3942866521828,19.861644744873047
1786280664000021200,382.1800212402344,45.09444792645312,0.5471599698066711,1.5779214011137486,51.81531512419218,45.50444792287684,278.26788330078125,14,3,46.39398226007769,19.861644744873047
1786280664998029800,383.17802978515624,46.588379424996674,1.85827128370841,7.736935998333332,51.81532949432726,46.998379421420395,278.19915771484375,6.948817962157953,3.307801405892763,46.39382186801123,19.45839998752996
1786280665998008300,384.17800830078124,46.339878706261516,1.1130078761311961,7.258755270043247,51.81536288325515,46.74987870268524,278.1064758300781,4.861747977832231,3,46.39344218643019,20.39023328461682
1786280666998017300,385.17801733398437,46.13373769726604,1.0059653091791012,7.2589636752212945,51.8153893196593,46.54373769368976,278.1405944824219,4.395140603835719,3,46.393143078474715,19.731270839395425
1786280667998021600,386.1780217285156,46.392695126123726,0.985990552348804,7.258637808584745,51.81541434102303,46.80269512254745,278.1405944824219,4.91025492373589,3,46.39286085031433,18.80707764441128
1786280668998026000,387.1780258789062,46.01370957121253,0.6667899374449159,7.258891457478691,51.815435282633764,46.42370956763625,278.173095703125,4.991389761141387,3,46.39262517764154,16.416836050314682
1786280669998066400,388.17806640625,46.70678696595132,0.646262961605559,7.2580326388690874,51.8154463787625,47.116786962375045,278.173095703125,3.449704643289284,3,46.392395862610904,14.514747782216274
1786280670998084000,389.178083984375,46.92575628682971,0.6484743513546949,7.2569237475583686,51.81546809085196,47.33575628325343,278.13824462890625,4.7608920720298675,3,46.392186720260646,13.303078683898425
1786280671998102800,390.17810278320314,47.08470678888261,0.6564715465638061,7.258533966851882,51.815493744423115,47.494706785306334,278.13824462890625,6.43678219088903,3.43147478938961,46.3920068880656,12.055938151505922
1786280672998150400,391.178150390625,47.20253463182598,0.6577978325085612,7.257910361338249,51.815504498466645,47.612534628249705,278.02325439453125,6.033341856932246,3.19521449218355,46.3918396457338,11.055724053387962
1786280673998172700,392.17817260742186,47.39018442016095,0.6614677063856449,7.256605620358608,51.81551480786496,47.80018441658467,278.0978698730469,4.443606823433774,3,46.39170937303373,9.426445879737694
1786280674998197000,393.1781970214844,47.72284781187773,0.6384960214308458,7.2479946229128105,51.81552646717953,48.13284780830145,278.0978698730469,3.6219155095895443,3,46.39159229697194,8.53493913747774
1786280675998247700,394.17824755859374,47.944337769411504,0.6380489709349935,7.251614206980244,51.81554164798426,48.354337765835226,278.0978698730469,3.7886095713514183,3,46.3914580316912,9.098694837053936
1786280676998272000,395.17827197265626,48.280631304718554,0.6517106154003327,7.253361188545269,51.815555831729675,48.690631301142275,278.0978698730469,3.8517928370124292,3,46.39129496516478,10.865901217748055
1786280677998294500,396.17829443359375,48.68441134784371,0.7703477510265706,7.254925019856073,51.815573211708674,49.09441134426743,278.0978698730469,3.4887827247402186,3,46.39111594027861,12.337278483992115
1786280678998346500,397.17834643554687,48.90898034349084,0.840571446294055,7.25536729836262,51.81558208373389,49.31898033991456,277.8768310546875,3.235397240981198,3,46.39093604212672,12.790157038164569
1786280679998401500,398.1784016113281,48.72491222899407,0.9135192624076621,7.258034709890932,51.815598341942646,49.13491222541779,277.8768310546875,2.957593907903124,3,46.39075614092099,12.650870302130475
1786280680998453000,399.17845288085937,49.37354838196188,0.8298543709969489,7.256824255790268,51.815623850254504,49.7835483783856,278.1353759765625,4.418675012064234,3,46.39048157717395,15.199116174252984
1786280681998501400,400.17850146484375,49.51582630444318,0.7530288701006712,7.257517510181828,51.81565033837084,49.9258263008669,278.0823059082031,3.1587485771792516,3,46.39017644963446,17.843553511746013
1786280682998548500,401.17854858398437,49.62427499610931,0.720385634852718,7.2581067528938465,51.81567724431264,50.03427499253303,277.92669677734375,3.375791176901986,3,46.389869236659635,19.589220089953063
1786280683998592000,402.17859204101563,49.621746874414384,0.5949837130358996,7.258489553826988,51.81570496368503,50.031746870838106,277.92669677734375,3.2993858854843796,3,46.38954802642221,20.993467947957683
1786280684998634200,403.17863427734375,50.22082128934562,0.5698856165748871,7.2573340260964025,51.81573226524345,50.63082128576934,277.92669677734375,2.978446032275437,3,46.3892316577661,21.451200439144845
1786280685998675500,404.17867553710937,51.04520648624748,0.5536541116945525,7.2554946695276605,51.815760662144534,51.4552064826712,278.0396728515625,2.9909464737620355,3,46.38890460829168,22.247583999708382
1786280686998713900,405.1787138671875,52.231653816998005,0.5481949447259705,7.2521324221923775,51.8157772788221,52.641653813421726,278.1064758300781,2.535822576288363,3,46.388563819330784,22.97937251895078
1786280687998750700,406.17875073242186,53.763021987862885,0.5359314506964309,7.250150085645195,51.8158173632205,54.173021984286606,278.0717468261719,2.5079209494530943,3,46.38822257041943,23.503514551422217
1786280688998785500,407.1787856445313,52.66046771392431,0.2363458275794983,1.3668726111851741,51.81585377834251,53.070467710348034,277.8088073730469,2.044976642056662,3,46.387859398991445,24.947479248046875
1786280689998819800,408.17881982421875,55.469689417630434,1.0176773007564637,7.255617339576065,51.81587884458011,55.879689414054155,277.9014587402344,2.5079210141503734,3,46.387519986355834,24.607963448314024
1786280690998852400,409.17885229492185,55.813271899707615,0.5500877893690104,7.255577275780664,51.81591224153151,56.22327189613134,277.9014587402344,2.4236409570545696,3,46.387125066381515,25.886858982671658
1786280691998883600,410.17888354492186,56.375175721012056,0.5092830838067264,7.257004928754721,51.815946097937974,56.78517571743578,277.5359191894531,2.0786178914169553,3,46.38674057423466,26.440259737676744
1786280692998912800,411.1789128417969,55.29320739855857,0.2921808362007141,1.3635283798128066,51.81598989751649,55.70320739498229,277.78717041015625,2.240022538289476,3,46.38632656545655,27.75719451904297
1786280693998942200,412.17894213867186,55.77344957894597,0.33721864223480225,1.3698471585687146,51.816025767219266,56.18344957536969,277.60858154296875,2.421312669830663,3,46.38592555859904,27.75719451904297
1786280694998969600,413.17896948242185,56.46932200151591,0.37921905517578125,1.3753325475241753,51.81606125386431,56.879321997939634,277.7019958496094,2.614000593004462,3,46.38551679778362,28.381425857543945
1786280695998995500,414.17899536132813,57.41736660711071,0.414812833070755,1.3782435954927759,51.816096666174516,57.82736660353443,277.7019958496094,14,3,46.38509792965261,29.28602409362793
1786280696999022000,415.17902197265624,58.65707609642973,0.4440023899078369,1.3813407661162593,51.81613139554827,59.067076092853455,277.681396484375,14,3,46.384666961113744,29.56121826171875
1786280697999047200,416.17904711914065,62.3871304532513,0.9593894052041201,7.255853874080335,51.81614813430719,62.797130449675024,277.75335693359375,3.3896977035684395,3,46.3842638697888,29.429748144656877
1786280698999070500,417.1790705566406,63.77823264338076,1.0969844001263216,7.256395900138201,51.81617594769779,64.18823263980448,277.75335693359375,3.5550248685151757,3,46.38385219285744,29.030420417359114
1786280699999093500,418.1790935058594,64.60600286815315,1.0065945392000397,7.257184943301115,51.816224757072895,65.01600286457688,277.685546875,3.900123301295472,3,46.38342968508559,29.050266043398572
1786280700999116800,419.17911669921875,66.87158546503633,1.0742661751187907,7.255521740563726,51.81626152295777,67.28158546146005,277.685546875,9.207283457378063,4.728842262588335,46.38299010692884,29.597772233870792
1786280701999138300,420.17913818359375,68.51689106877893,1.2832590095766239,7.256927049811237,51.81629842805703,68.92689106520265,277.685546875,10.471991510109977,4.386459270372045,46.38254886433508,30.01563434289574
1786280702999159600,421.17915966796875,70.71687221899629,1.3095714815960111,7.255632023617642,51.81633316429524,71.12687221542001,277.689453125,5.439225867374763,3,46.382133721705095,29.885281332109958
1786280703999179800,422.1791796875,71.9998121354729,1.1756387654647047,7.256684140336551,51.81637011206197,72.40981213189662,277.68328857421875,4.475866791827012,3,46.38168161997362,30.454160782593984
1786280704999200300,423.1792001953125,73.18948017153889,1.0806601518404444,7.255450625244603,51.81640288641241,73.59948016796261,277.72772216796875,3.531665997156892,3,46.381252316905645,30.223879282902686
1786280705999220500,424.1792204589844,67.25177102033601,0.5506183505058289,1.3911147668185475,51.816427812194235,67.66177101675973,277.72772216796875,14,3,46.380806046707264,29.884498596191406
1786280706999239200,425.1792392578125,75.63515189755708,1.7712252081797202,7.2580936503573,51.81648077455528,76.0451518939808,277.911865234375,6.327824519264348,3,46.380381619692386,30.276510179216654
1786280707999257600,426.1792575683594,77.00116615649313,1.398813633553243,7.256078322950312,51.81653838289148,77.41116615291685,277.66790771484375,5.023755627859111,3,46.37991504291852,30.672676850398297
1786280708999275300,427.1792751464844,78.80898506380618,0.9480467589698985,7.254951058303927,51.816558676949356,79.2189850602299,277.66790771484375,3.0767411710000028,3,46.37955375887118,29.5531909652468
1786280709999293400,428.17929345703124,78.70647440757602,1.1075403472008136,7.258011061378988,51.81659476989419,79.11647440399975,277.66790771484375,3.5678484792759364,3,46.379121592050886,29.226762538853492
1786280710999310000,429.1793100585937,78.6458462877199,1.3381996896671469,7.258644602966186,51.816642477046024,79.05584628414363,277.7036437988281,7.490705253816087,3.477770813253999,46.378697092992994,28.692450287992138
1786280711999327200,430.1793271484375,78.25549679249525,1.1772293879412283,7.258949138780783,51.81666966502919,78.66549678891897,277.7036437988281,4.745352814166731,3,46.3783133245456,27.408020690497928
1786280712999343900,431.17934375,80.29774603620172,1.2189107810431703,7.257739365886047,51.816709357549556,80.70774603262544,277.6104431152344,4.737014212793236,3,46.37794726935511,26.73623020824608
1786280713999360300,432.1793603515625,80.03187325783074,1.2099127346141012,7.258845352671468,51.81673090974641,80.44187325425446,280.44085693359375,4.9215323248211025,3,46.37757857588909,26.479509588322816
1786280714999377000,433.179376953125,81.35731232631952,1.2948679281782547,7.258221838622557,51.816764068321234,81.76731232274324,280.28497314453125,4.777334795478323,3,46.37725477942183,25.43466621153583
1786280715999392000,434.17939208984376,82.0657774368301,1.3207448469021679,7.258116546675707,51.816795938313675,82.47577743325382,283.99835205078125,6.146385271731975,3,46.37693600979518,24.624813788249135
1786280716999406800,435.1794067382813,82.51683638151735,1.129074227510601,7.258270697684286,51.81684576264748,82.92683637794107,283.94793701171875,5.981432310513102,3,46.37671307407935,22.184956095222965
1786280717999422000,436.179421875,83.36558844149113,1.2322879515443683,7.258706546762865,51.8168774941784,83.77558843791485,283.86016845703125,9.810529373762195,3.5173526018186876,46.37645489283462,21.126820543045767
1786280718999436800,437.1794367675781,85.91994049958885,1.199600625610298,7.2544854857275345,51.816903377317544,86.32994049601257,283.86016845703125,10.751918616638951,3.334505385258826,46.37622597655997,19.69863807572933
1786280719999452200,438.1794521484375,85.59081925917417,1.3626549910952026,7.258059918866256,51.816980072426574,86.00081925559789,284.0153503417969,4.848227014842527,3,46.37590314002204,20.786140874466266
1786280720999466500,439.17946655273437,87.04572153184563,1.284711794260821,7.256377468046137,51.81705105003683,87.45572152826935,283.81982421875,5.4922739207099935,3,46.375635267084334,20.78818013699652
1786280721999481000,440.1794812011719,88.28481129836291,1.3975053571084532,7.256140430266268,51.817069415007005,88.69481129478663,283.90435791015625,9.280938928961433,3,46.37536007021236,20.75215971621906
1786280722999495400,441.1794953613281,89.53487387578934,1.3533197423752226,7.255713973950024,51.81712278652633,89.94487387221307,283.90435791015625,9.447844701116859,3,46.37509475694115,20.796783390264864
1786280723999509800,442.179509765625,91.14443711843342,1.4792929430014008,7.252625808611849,51.81712567018463,91.55443711485714,283.90435791015625,10.138198413427222,3,46.37482310179492,20.495176839605946
1786280724999524000,443.1795241699219,90.3760516801849,1.3703564621136477,7.257589945997007,51.81716113234454,90.78605167660862,283.97491455078125,5.945119169247118,3,46.37465792272578,19.264296645200293
1786280725999537700,444.17953759765624,91.36593034118414,1.5965875923751536,7.257214505017522,51.817203433809965,91.77593033760786,283.8721008300781,12.415474953589998,3,46.37438191842821,19.39650865527422
1786280726999551200,445.17955126953126,92.0198428099975,1.5577115023764012,7.257431069240705,51.81725432299139,92.42984280642122,283.9661865234375,12.507260850085677,3,46.37405158898921,20.452387237181213
1786280727999563800,446.17956372070313,92.75365072395653,1.7844558091797151,7.257871580042345,51.817297990666525,93.16365072038025,283.8691101074219,14.344508114868699,3,46.37376761933634,20.47475241393892
1786280728999577300,447.17957739257815,94.15834627021104,1.8526629388215448,7.255807090739502,51.81736440480763,94.56834626663476,283.8691101074219,6.40941888466129,3,46.37333361600804,22.418957111959667
1786280729999591200,448.1795910644531,94.28602836560458,1.5993939719338357,7.258060708111868,51.8174155912044,94.6960283620283,283.8691101074219,6.253823103655207,3,46.3729229671542,24.082588431129437
1786280730999604200,449.17960424804687,95.44875992834568,1.630195579195507,7.257892617539587,51.8175169170233,95.8587599247694,283.8691101074219,7.329203033846927,3,46.37251942609119,25.259709684415306
1786280731999616500,450.17961645507813,96.60433026310056,1.3351195862178995,7.257280044891848,51.81758276133307,97.01433025952429,283.8691101074219,5.683180504084827,3,46.37202854512348,27.240040997454415
1786280732999630000,451.1796301269531,96.68954691756517,1.5421080336133652,7.2585651121462975,51.817647663048604,97.09954691398889,285.76446566817873,6.657799045389565,3,46.371649146496445,27.509397241517327
1786280733999643400,452.17964331054685,96.54554702807218,1.593346272470276,7.258694040194586,51.81772322091775,96.9555470244959,285.0641768813736,6.712298473494091,3,46.37114816872107,28.90038013811791
1786280734999656200,453.17965625,98.448008665815,1.5263330042716208,7.25732554540424,51.817799531715046,98.85800866223872,284.4590293953639,7.24208050721265,3,46.37062481101314,30.24113100158975
1786280735999668000,454.17966796875,98.97487728018314,1.4448714091418016,7.258287185949544,51.81787446995758,99.38487727660686,284.60186958345423,7.581302469739051,3,46.37022523387291,30.005876121206025
1786280736999681300,455.1796813964844,99.01137337367982,1.4482477652217551,7.258818402950374,51.81795002475069,99.42137337010354,284.88198328932623,8.243824020896826,3,46.369835558576185,29.37920849609456
1786280737999693800,456.17969384765627,99.77997590601444,1.5545469837586792,7.258805658653178,51.81802951903696,100.18997590243816,285.4455915324198,10.53432703932364,3,46.369447872826946,28.987911925638855
1786280738999706400,457.17970629882814,101.31834692601115,1.5282473462358575,7.258497352972896,51.81790613301272,101.72834692243487,278.990708093507,19.942570289518894,4.054119120785377,46.369047721564364,28.139588916384778
1786280739999719000,458.1797189941406,102.71040886174887,1.4301970767594103,7.258095238573964,51.81792674322249,103.1204088581726,278.2807757800001,21.102202141026964,4.096132629957061,46.36864528800738,27.817989467618997
1786280740999730700,459.1797307128906,104.7601326443255,1.5742387066450654,7.256721122892309,51.81795688177184,105.17013264074922,278.20058223750095,12.925426890622141,3,46.36828104963148,27.112400223321643
1786280741999743500,460.17974340820314,105.37907761801034,1.5591113999371813,7.257568780771146,51.81798372109248,105.78907761443406,278.4076166789107,9.271237181690413,3,46.367958233848974,25.859197847233663
1786280742999755000,461.1797551269531,105.9892229931429,1.2963196622586364,7.258150011797937,51.818040610516114,106.39922298956662,280.33515649173637,8.21856097552865,3,46.36759661466733,25.775053082265934
1786280743999767300,462.1797673339844,107.40205097571015,1.3805025853767225,7.257536546149185,51.81808247742283,107.81205097213387,279.82263079343653,10.416160461431145,3,46.3672449103547,25.088571501015288
1786280744999780000,463.17978002929686,108.62490485142916,1.3276270948086253,7.2575446592365385,51.81810752629228,109.03490484785289,278.92036846698716,8.179393708660577,3,46.366917098371644,24.485104737623466
1786280745999792600,464.1797927246094,109.62877922225744,1.466559578468926,7.257757546644381,51.81813498353168,110.03877921868116,278.3185584041858,8.08193606348509,3,46.366585909474296,24.06726570113557
1786280746999803600,465.1798037109375,109.40105112455785,1.4833793843361438,7.25850642487933,51.81815789884523,109.81105112098157,277.6180904788674,10.086913153331981,3,46.366357371399786,22.586900592480323
1786280747999816400,466.17981640625,110.3460339633748,1.3360948619247237,7.258666490504678,51.81818371028566,110.75603395979851,276.9462590235112,6.216124300016554,3,46.36601737994937,22.611500972690948
1786280748999828000,467.17982788085936,110.93849591258913,1.4584732110957443,7.258868885948187,51.81820484598164,111.34849590901285,276.86165384002595,10.685549209173155,3,46.365657943963036,22.679545106764596
1786280749999840000,468.1798400878906,112.01170221250504,1.3886001594432733,7.258848672767001,51.818285421831966,112.42170220892876,280.87317230537275,8.332452634290318,3,46.3653758883358,22.198975800529215
1786280750999852300,469.1798522949219,112.2119526155293,1.3079001730782507,7.258930308755833,51.818365067078744,112.62195261195302,284.55654719736447,7.671044725137112,3,46.36513535381134,21.03841169165178
1786280751999897000,470.17989697265625,113.63775874394923,1.2971440280043454,7.258268547280246,51.81839150721103,114.04775874037296,284.66193056066686,5.996182203628927,3,46.364933823126556,19.254983015000864
1786280752999876400,471.17987646484374,114.54455138463527,1.4708293765754532,7.258091971507874,51.818498146678174,114.95455138105899,288.66259744653973,11.120608642195892,3,46.36465326311694,19.831623560462734
1786280753999888000,472.1798879394531,114.59413041640073,1.5188936533553554,7.258713300869343,51.81857989436687,115.00413041282445,290.42509635433004,14.963194489060946,3.0895509411600774,46.364320925602584,20.80070398538198
1786280754999900000,473.1798999023438,114.68027819693089,2.4357065009790406,9.503295944767057,51.81859679239092,115.0902781933546,289.2317767789855,22.79984699270399,4.180090314121021,46.363998431458036,20.765892414036994
1786280755999911400,474.1799113769531,114.60812125634402,2.6990474307747276,11.135665891191989,51.818633680020994,115.01812125276774,286.74219919470613,13.774249152501124,3,46.36375630829006,19.639007792245845
1786280756999923000,475.1799228515625,113.53430326469243,3.315112538480949,13.578680126692575,51.81879238637778,113.94430326111615,297.18341075789715,7.992968963644961,3,46.3635248629399,19.778639220054178
1786280757999935700,476.1799357910156,113.21027225628495,3.2524493339535514,16.453046833634538,51.818895437303354,113.62027225270867,304.5312127055706,8.505033941874565,3,46.36342332083475,16.011083477656676
1786280758999946800,477.17994677734373,112.97486772667617,3.778976861270552,21.46407137223692,51.81902792121162,113.38486772309989,315.36121421373235,10.393105897873424,3,46.36338699305657,14.258283562482223
1786280759999958000,478.1799580078125,113.12483659852296,4.265927471244906,23.504165661727072,51.81913482521149,113.53483659494668,315.0504434284424,13.590144047758818,3,46.36318713923655,14.703442187599112
1786280760999970800,479.179970703125,113.15588269662112,2.68041200340898,13.036763654868196,51.819331963269654,113.56588269304484,322.2042433630087,10.052843220924382,3,46.36300003830549,16.655025281964722
1786280761999982000,480.17998217773436,113.0651157014072,2.7835018443145185,13.010889043280596,51.819502425381486,113.47511569783092,324.8626391828884,10.707089669375735,3,46.36269218924802,17.33115450000932
1786280762999994400,481.1799943847656,113.61898583639413,2.994340124761491,14.630727790658097,51.81960152720282,114.02898583281785,320.88953432464245,11.524518868026844,3,46.36248191112993,16.581784540355976
1786280764000006100,482.1800061035156,114.18091556616127,2.217950272297549,12.820659770613895,51.81964828041121,114.590915562585,313.7483952380003,13.97546181765717,3,46.362355072522064,14.017674934796386
1786280765000018700,483.18001879882814,114.94761768076569,2.375280494564044,13.026569313829055,51.81976011743207,115.35761767718941,309.73276623847767,8.83120777480559,3,46.36213290824264,14.768086724778087
1786280766000029400,484.18002954101564,115.17533829063177,2.9235587302343,18.4718411491729,51.81986064866446,115.58533828705549,301.3805885461794,9.077759312994441,3,46.36190230747946,12.81871798882047
1786280767000041500,485.18004150390624,115.62225369550288,3.162545155459735,24.273362768865695,51.81994209704628,116.0322536919266,296.961564902542,7.586265285587825,3,46.36180414587578,10.540875264277537
1786280768000053000,486.1800529785156,115.8372394470498,2.998226116999384,20.65146377428576,51.82008078439078,116.24723944347352,289.55379858762467,9.628370559868445,3,46.3615957482955,11.745720660868027
1786280769000064300,487.1800642089844,116.37439123727381,2.846919700025221,16.801008731820087,51.8200964477498,116.78439123369753,271.98345912300226,13.697786681314287,3,46.36127634811628,13.706271272931822
1786280770000076800,488.18007690429687,114.36918023321778,0.5289958119366238,7.258974518679141,51.819964710619864,114.7791802296415,239.75275091706428,13.697786440736117,4.143142854980004,46.36081418821761,20.085567474265922
1786280771000088300,489.18008837890625,114.29726833570749,0.49113863706345884,7.258974518679306,51.81991791906594,114.7072683321312,238.57764659863176,13.69778644073784,4.685174081782784,46.36052003489566,20.08556747426591
1786280772000099000,490.18009912109375,114.0507357576862,0.4384022355054419,7.258974518679435,51.81985197624994,114.46073575410992,239.39792141908165,13.697786440737191,5.525072303859923,46.36009401412833,21.67032241808817
1786280773000111600,491.1801115722656,113.9000365883112,0.4315535426110823,7.258974518679382,51.8197809307397,114.31003658473492,242.24977494596382,13.697786440736925,6.251721370223748,46.359704352145464,23.421392440638463
1786280774000123100,492.180123046875,113.42852262501562,0.34794744849205017,1.3551484847531414,51.81973268625801,113.83852262143934,251.0206093393488,3.718810997944697,3,46.359331651861595,23.460397720336914
1786280775000134700,493.180134765625,113.63144646181658,0.3030258119106293,1.3366306679744733,51.81968147855598,114.0414464582403,256.2818903966313,3.1864144439775126,3,46.35897233941143,23.619340896606445
1786280776000146400,494.180146484375,113.70661425659573,0.3166843354701996,1.335945194458239,51.819641299267694,114.11661425301945,260.71420505472764,3.084879909610854,3,46.35861803242365,24.747968673706055
1786280777000158200,495.180158203125,113.76395092797136,0.33031851053237915,1.3351904585549526,51.819621659705724,114.17395092439509,264.4855349860852,2.9125810157544363,3,46.35825427640012,25.631629943847656
1786280778000169700,496.1801696777344,113.96467275417935,0.3401954472064972,1.3318469742345256,51.8196125109185,114.37467275060307,267.10126521176835,2.7351392260958174,3,46.357883038954185,25.631629943847656
1786280779000181000,497.1801809082031,114.09078278224803,0.34451815485954285,1.3269334001786417,51.81960631281455,114.50078277867175,268.9799838750612,2.6565067280958483,3,46.357485428370104,26.92972183227539
1786280780000192800,498.18019287109377,114.22963433385821,0.3755558431148529,1.3306374971429042,51.81960287751929,114.63963433028194,270.6012453877796,2.7317641558411347,3,46.357062334533126,29.549219131469727
1786280781000205000,499.180205078125,114.50497348519234,0.40975773334503174,1.33654827881761,51.819605944339905,114.91497348161606,270.6461402211941,2.896312009047976,3,46.35663047539196,30.48802375793457
1786280782000216600,500.18021655273435,114.50504626706243,0.40975773334036997,7.258974518679423,51.819609033536715,114.91504626348615,270.64579268757575,13.697786440752806,8.977539100063312,46.35618835917826,30.488023757587708
1786280783000228400,501.1802282714844,114.93662215396762,0.4544411897607601,7.258974518679244,51.81961086280285,115.34662215039134,270.6217640804754,13.69778644075089,8.848166924967055,46.355740509066365,30.488023757587708
1786280784000238800,502.18023876953123,115.24962057266384,0.5098394155440509,7.258974518679223,51.81962131856941,115.65962056908756,271.7396022537543,13.697786440744212,8.467671681574211,46.355261748143796,31.472415923690708
1786280785000251600,503.1802517089844,115.47553689591587,0.5719690918843886,7.258974518679316,51.81964385073851,115.88553689233959,273.4299012853519,13.697786440732648,7.921668448161036,46.354754134710475,33.493694304960016
1786280786000263200,504.18026318359375,115.7676847698167,0.621998727312658,7.258974518679368,51.81967660225019,116.17768476624042,274.88265336002263,13.697786440723299,7.439526360874726,46.35426355220475,34.31887054393885
1786280787000274200,505.18027416992186,115.97070182580501,0.6893410682578844,7.2589745186793,51.81971227803271,116.38070182222873,275.9558543550835,13.69778644071364,6.794840185624047,46.353761276013174,34.31887054393884
1786280788000285700,506.18028564453124,116.12491466384381,0.7588217854384569,7.258974518679262,51.819753215836656,116.53491466026753,276.7723528548843,13.697786440701819,6.158515261820322,46.35323413834413,35.22449493354706
1786280789000298200,507.1802983398438,116.3221864439547,0.8159995674952006,7.2589745186793,51.81980424508373,116.73218644037843,278.04693877572487,13.697786440688699,5.624160343172628,46.352694001490065,36.75910186706777
1786280790000309500,508.1803095703125,116.51579084899276,0.8857641815989249,7.258974518679317,51.81986068752281,116.92579084541649,279.1213989783108,13.697786440679735,5.080911071532444,46.352158799746526,37.19072723325703
1786280791000320500,509.18032055664065,116.3806461635977,0.767870426164977,7.258974518679369,51.81993368579367,116.79064616002142,279.95798889357513,13.697786440682705,5.3126055815737505,46.351592375817845,37.190727233257014
1786280791998071600,510.17807153320314,116.67614684905857,0.7376852035398123,7.258974518679377,51.819983592792966,117.08614684548229,279.5048676915353,13.697786440681606,5.198921491556418,46.351069952915495,37.190727233259864
1786280792998083000,511.1780830078125,116.84649871010333,0.7133983373524792,7.258974518679425,51.82003540229556,117.25649870652705,279.3193512277618,13.69778644068204,5.064184814498437,46.350536117275276,36.63026428162491
1786280793998073600,512.1780734863281,116.95810918975621,0.6990234255681917,7.258974518679354,51.82008718003353,117.36810918617994,279.2009129004498,13.697786440684514,4.903786443839523,46.350014541865306,35.65803909246261
1786280794998063000,513.1780629882812,117.18304023332894,0.7127589583285981,7.258974518679333,51.82013418846559,117.59304022975266,279.15600435523095,13.697786440681812,4.65505415359354,46.34949103047219,35.65803909246261
1786280795998083600,514.1780834960938,117.31749853119254,0.7000457048310169,7.258974518679328,51.82018425560643,117.72749852761626,279.2550477438236,13.697786440682641,4.5153244568115944,46.34897493284809,35.165092467729416
1786280796998094600,515.1780944824219,117.4305212451145,0.6957935690776618,7.25897451867935,51.82023496303189,117.84052124153823,279.3607763646053,13.6977864406828,4.361997498406573,46.34846360653801,34.81023788400516
1786280797998103000,516.1781030273437,117.6090613855049,0.6571866869833008,7.25897451867923,51.820287853895515,118.01906138192862,279.40417678836127,13.697786440687853,4.546050192309131,46.34797437355242,34.08259201001342
1786280798998150100,517.1781501464844,117.79270894359797,0.6499826311972697,7.258974518679314,51.82033702153932,118.2027089400217,278.19036865234375,13.697786440688297,4.593314093757979,46.34747980117278,34.0825920100134
1786280799998169900,518.178169921875,117.97280567884445,0.6715312600042629,7.258974518679371,51.82038516157109,118.38280567526817,278.5467834472656,13.697786440688567,4.422486047951009,46.347001969180226,33.66777801466958
1786280800998190000,519.1781901855469,118.14519703574479,0.6821770667937654,7.258974518679427,51.82043002316314,118.55519703216851,278.5355529785156,13.697786440689791,4.332228889625242,46.346523713999616,33.216468810586555
1786280801998240500,520.1782404785156,117.92520037572831,0.6731595396909059,7.258974518679223,51.820478675386404,118.33520037215203,278.5355529785156,13.697786440693356,4.327439986946733,46.34607892892944,32.3965263362537
1786280802998258200,521.1782580566406,119.20024518761784,1.7214104313381908,7.258973474102849,51.82049218109494,119.61024518404156,278.6496276855469,3.23135556042755,3,46.34569479291914,30.880975794135388
1786280803998276400,522.1782763671876,118.60078649409115,1.3280580635310026,7.258849816411205,51.8205309065999,119.01078649051487,278.43121337890625,5.5344893788154526,3,46.34522315308013,31.464792726169332
1786280804998331100,523.1783310546875,117.86125668603927,1.5873682413473804,7.258660339651344,51.82056464643591,118.27125668246299,278.5587158203125,8.580763352844095,3,46.34477052469878,31.420149607923097
1786280805998388700,524.178388671875,120.24000159930438,1.460145679937542,7.258652060981733,51.82062423590572,120.6500015957281,278.5587158203125,6.810018085469595,3,46.344306178688726,31.600577320350656
1786280806998443000,525.1784431152344,119.54571076855063,1.4207747426404886,7.25897092873602,51.82067844095508,119.95571076497436,278.5594177246094,8.312508689873926,3,46.34386154543105,31.40058830483459
1786280807998494700,526.1784946289063,119.22884108498693,1.1676675809303478,7.258927516903939,51.820729089304784,119.63884108141065,278.50152587890625,12.296897581996934,4.261290159373601,46.343484503874734,30.331615951682856
1786280808998545000,527.178544921875,118.86828495468944,1.1118286370076627,7.258710223311449,51.820764933819355,119.27828495111316,278.8303527832031,7.73473746634653,3.0853586104340467,46.34306442808446,30.438031154666156
1786280809998592000,528.1785920410156,121.01946878898889,1.0339915647500648,7.258012710521068,51.82079748973359,121.42946878541261,278.57061767578125,6.482610072877451,3.472151710135358,46.34264533765061,30.413567585461447
1786280810998638000,529.1786381835938,120.28452321514487,1.2408185561829086,7.258928565394842,51.82084710797022,120.6945232115686,278.61126708984375,5.582797379466737,3,46.342215246690145,30.18466244931097
1786280811998681000,530.1786811523438,119.31985410768539,1.3179636922177227,7.258746861194709,51.82091341215657,119.72985410410911,278.68096923828125,8.879113897903387,4.058726719496924,46.34178474833758,30.068968058392446
1786280812998722600,531.17872265625,119.26447853259742,1.3033292386957556,7.258885357872553,51.820967571959784,119.67447852902114,278.68096923828125,13.079597267118839,5.288984646100665,46.34135446278352,29.98818314570001
1786280813998762200,532.1787622070312,119.79223693348467,1.3383731870572122,7.258960593161253,51.82101888050071,120.2022369299084,278.7265930175781,13.906717850111493,5.281767904933145,46.340980678109965,28.917050495566166
1786280814998801200,533.1788012695313,120.31817980948836,1.321790216926232,7.258715761378679,51.82102800420823,120.72817980591208,278.3594055175781,6.515849811294792,3,46.34064136849852,27.53315307824726
1786280815998837500,534.1788374023438,119.84113707207143,1.308809487725652,7.258959358096684,51.82106586867849,120.25113706849515,278.63250732421875,9.995831966746175,4.048808141872013,46.34028796613161,26.9034127816473
1786280816998872800,535.1788728027344,120.24148727115244,1.3163990431525592,7.258962625476809,51.821085567646335,120.65148726757616,278.63250732421875,7.922230950947372,3.098220885298553,46.339956886083,26.12689077239303
1786280817998907100,536.1789072265625,120.25778744928539,1.1873842106147832,7.258973288814838,51.821113018978465,120.66778744570911,278.63250732421875,8.935300199382894,3.5686763035695788,46.339605187656886,26.25230113610765
1786280818998940200,537.1789401855468,120.82792039494962,1.2230673726735972,7.258875683674693,51.82113547087875,121.23792039137334,278.6201171875,5.6197854699289325,3,46.33925826651959,25.991673226566665
1786280819998972200,538.1789721679687,119.47301744949073,1.0154867904297773,7.258572167726821,51.821175496550026,119.88301744591445,278.71099853515625,4.056141492983594,3,46.3388874970759,26.120224745751248
1786280820999003600,539.1790036621094,119.54529741965234,1.0709563896031307,7.258948153361859,51.82121277997041,119.95529741607606,278.71099853515625,3.6766160348444217,3,46.338519573297766,26.37472082026697
1786280821999033300,540.1790334472656,119.37132228258997,0.9935745449259817,7.2587601977051,51.82124145662043,119.7813222790137,278.5954895019531,3.8019792635344625,3,46.3381582513212,26.21916177741001
1786280822999062000,541.1790620117188,119.71737056598067,0.9012168548607861,7.258888177540513,51.82125915292883,120.1273705624044,278.51580810546875,5.407911067040508,3,46.3378455774603,25.173605543145
1786280823999090000,542.17908984375,119.20012574642897,0.8426034743187267,7.258438551867305,51.82127601357234,119.61012574285269,278.66461181640625,6.021771188773043,3,46.33751089414102,24.989403093504116
1786280824999117800,543.1791179199219,119.48922675661743,0.8074200576784615,7.258893601270322,51.821303113889535,119.89922675304115,278.66461181640625,6.544120136048901,3.2464518365425374,46.33717428447174,25.05659763658916
1786280825999143700,544.1791437988281,120.1313128117472,0.7512759197392902,7.258726404144274,51.821310941613795,120.54131280817091,278.6189270019531,6.472804347398426,3.7391809220236594,46.33689371290295,24.597752046875538
1786280826999169500,545.1791694335938,120.27895606309175,0.5902043817410915,7.258288348373564,51.82134761170207,120.68895605951548,279.07611083984375,6.826717295814452,4.366034959406076,46.336535922705394,25.265672689970824
1786280827999194000,546.1791940917968,120.86872211284935,0.549641279268857,7.258298462748208,51.82137490506559,121.27872210927308,278.5757141113281,5.8857104644159515,4.362146855356324,46.33620987348877,25.19642063961578
1786280828999218000,547.1792180175781,121.24101956747472,0.5466772167155973,7.25829611315503,51.82140914362071,121.65101956389844,278.6683349609375,4.907951658589886,3.8052664135604166,46.33586966911005,25.179015917118654
1786280829999242000,548.1792419433593,121.49436353612691,0.5499134233553152,7.258642349243878,51.82144238439126,121.90436353255063,278.9678039550781,4.6510684964445534,3.7453292343376257,46.33552623975043,24.905010514393155
1786280830999264800,549.1792646484375,121.28248253557831,0.5426986285604106,7.25840717476111,51.82147343682161,121.69248253200203,278.9827575683594,3.421603959493458,3,46.3351788274668,24.891372972398507
1786280831999288800,550.1792888183594,121.1840442251414,0.5444043920852353,7.258342445286828,51.8215012890786,121.59404422156513,278.9827575683594,3.6072087680511946,3.045243419506658,46.334837718581944,24.65303355857871
1786280832999311400,551.1793112792968,120.77221152000129,0.533548603806446,7.257329354170738,51.8215302071149,121.18221151642501,279.1664733886719,3.0233348180398476,3,46.33450039500804,24.42706121721464
1786280833999332400,552.1793322753906,120.97267177514732,0.5344643664914374,7.258221957398502,51.821565405195244,121.38267177157104,278.26318359375,3.282354237398115,3.043856373285858,46.334160218833716,24.313496337149886
1786280834999353300,553.1793532714844,120.43761561997235,0.5290343639722378,7.257448378528785,51.821592949487574,120.84761561639607,278.1580505371094,3.5532168429567133,3.3611772865638856,46.333823270669754,23.978193157170768
1786280835999373600,554.1793735351563,119.6984936343506,0.5357058561605357,7.256507575913435,51.821619435193824,120.10849363077432,278.4710693359375,3.702668353102151,3.5576372340951687,46.33348725595218,23.8015119748217
1786280836999394800,555.1793947753906,119.55901796929538,0.5332890132980733,7.257516109626341,51.821650737095915,119.9690179657191,278.4710693359375,4.034324534733652,3.9499475897755207,46.333152285558576,23.722602556798805
1786280837999414500,556.1794145507813,118.9993136189878,0.5314722402727659,7.256928691559791,51.8216823800005,119.40931361541152,278.325927734375,3.8833379208389034,3.8429374262103773,46.332816421467825,23.585196782010687
1786280838999434000,557.1794340820312,118.51602592878044,0.5292254694305663,7.257104001834548,51.821715134696554,118.92602592520416,278.33465576171875,4.452320882389655,4.432361445507844,46.33247775494373,23.711629374138504
1786280839999453200,558.179453125,118.17620588373393,0.5300115722313975,7.257045804134246,51.82174636716325,118.58620588015765,278.44464111328125,4.828065435363253,4.831228963033896,46.332131459707256,24.114022094040465
1786280840999473400,559.1794733886719,117.4277879493311,1.4609470405908578,7.258952286974277,51.82177947821764,117.83778794575483,278.4346618652344,3.9046457985756957,3,46.33179780402649,24.14773728200862
1786280841999491600,560.1794916992187,116.99570290744305,0.6471485876737225,7.256692635362719,51.821816250134795,117.40570290386677,278.4346618652344,3.904645815003309,3.9270911257217875,46.33142984030642,24.56250578031224
1786280842999510800,561.1795107421875,116.49129204824567,0.5263304534906995,7.256048767985475,51.82184747891656,116.90129204466939,278.5124206542969,3.048766902682273,3.1742934794593998,46.331080234201586,24.453199861017964
1786280843999528400,562.1795285644531,116.00943498685956,0.5274675609812591,7.256731337763249,51.82188265250448,116.41943498328328,278.2564697265625,2.6912973603618173,3,46.33073024880613,24.439577106339733
1786280844999547000,563.179546875,115.36599893216044,0.5232111290294996,7.256321834579146,51.821914212312066,115.77599892858416,278.2266845703125,2.3625829801800817,3,46.33038187980508,24.42194293112226
1786280845999565000,564.1795649414063,114.74732390511781,0.5256397899627012,7.256239080126628,51.82194803040981,115.15732390154153,278.57318115234375,2.7633257090740324,3,46.330026128593325,24.713739337900755
1786280846999582500,565.1795825195312,114.12305552139878,0.5233922195198024,7.256016589830476,51.821980098722356,114.5330555178225,278.6877136230469,3.1872202913924523,3.3830907528787058,46.32966302480151,25.139464253842785
1786280847999600400,566.1796003417969,113.1696299770847,0.5409621248600083,7.25209862121938,51.82201219010004,113.57962997350842,278.6877136230469,3.237228358751009,3.4550272790473158,46.32929645349604,25.574242304152982
1786280848999617800,567.1796176757813,112.07773160934448,0.6631491555057702,7.250917729257444,51.8220450617768,112.4877316057682,278.6877136230469,3.2372283645379594,3.246685682906994,46.32892712101036,25.716337545878808
1786280849999634700,568.179634765625,112.10021558124572,0.5238203882392941,7.256596909924859,51.822081625662896,112.51021557766944,278.6877136230469,4.2956015752255325,4.608591719724205,46.32855791569551,25.696807052578666
1786280850999651800,569.1796518554687,111.49795343354344,0.5154126733456533,7.256471077272695,51.82211674344293,111.90795342996716,278.6877136230469,3.9083640139949782,4.257501640804586,46.32819125781943,25.540660768214128
1786280851999668500,570.1796684570312,110.83744702767581,0.51711678772503,7.256265969054853,51.822149409000104,111.24744702409953,278.35085256857883,3.83520778277211,4.17107715465167,46.32782614537757,25.45163800905557
1786280852999686000,571.1796857910156,110.16749913338572,0.5171436283988249,7.255888403102144,51.82218632719935,110.57749912980944,278.5192415773292,3.877517252261661,4.2528601852848835,46.32745501798627,25.794903832729265
1786280853999702500,572.1797026367187,109.89206734858453,0.5241434121755816,7.257968574116701,51.822217890435496,110.30206734500825,277.80226615346123,4.3014101120259065,4.661847272352703,46.327076012991455,26.35792102473006
1786280854999718700,573.17971875,108.81945407949388,0.5088551015733435,7.255799899260843,51.822244417356224,109.2294540759176,276.527641669934,4.6464111192090645,5.0569521828869695,46.326671976346255,27.812594121142286
1786280855999735300,574.1797353515625,108.06850130297244,0.5009179021939394,7.256088268699637,51.822273627152285,108.47850129939616,276.09061974401936,4.646411080390002,5.127609366225364,46.32624204468019,29.51594678385968
1786280856999751700,575.1797517089843,107.17904330138117,0.4998651796907265,7.256148489288964,51.822303974418745,107.58904329780489,276.2816532733535,3.9693826256096547,4.389256685279381,46.3257954143488,30.777763847512336
1786280857999767800,576.1797678222656,106.05018764548004,0.49420339398954183,7.255254279609839,51.82234328831356,106.46018764190376,277.52897103014413,2.7863593730593204,3.057676703916617,46.3253475580361,31.13714104523398
1786280858999783700,577.1797836914062,105.20997264515609,0.4857093229752686,7.255553638708653,51.82238124996703,105.6199726415798,277.71932525675584,2.3931800628511875,3,46.324890923985585,31.63713472891213
1786280859999799800,578.1797998046875,103.42855054653047,0.13131414353847504,1.0587134722978275,51.82243164365065,103.8385505429542,279.16374128603684,1.6690834191462365,3,46.32440632748927,32.66769027709961
1786280860999815400,579.1798154296876,102.80474097358321,0.1291620284318924,1.057006565335559,51.82248214555642,103.21474097000693,279.27113918054613,1.6764576022225024,3,46.32391365196607,35.13837814331055
1786280861999831600,580.1798315429687,101.85908984945118,0.14300422370433807,1.0600022436168444,51.8225346757564,102.2690898458749,279.5307478407092,1.7166914366354367,3,46.32340316520432,36.34184646606445
1786280862999847200,581.1798471679688,101.01172449774224,0.13944512605667114,1.055981076464705,51.822590689797536,101.42172449416596,280.34003646489646,1.7220639571651275,3,46.322876757625664,36.34184646606445
1786280863999863300,582.17986328125,100.05334237083795,0.13094933331012726,1.0509951450923016,51.822651322067976,100.46334236726167,280.32266046364794,1.7130068550959707,3,46.32233935814056,37.26890563964844
1786280864999879400,583.1798793945312,99.3050145112765,0.1262357383966446,1.047545472674622,51.822712644855976,99.71501450770022,280.02186576278973,1.7118093940582042,3,46.32178834761384,39.183345794677734
1786280865999894500,584.17989453125,99.3051346950233,0.30801571387907095,7.258974518679349,51.822773927869775,99.71513469144702,280.02142584755677,2.3931795295040796,4.194122671001171,46.32122873186231,39.183345793941285
1786280866999909400,585.1799094238281,98.74438063800335,0.3080157138788275,7.258974518679395,51.82283447592846,99.15438063442707,279.69978264092396,2.3931795295078695,4.178423869439208,46.320652516884344,39.99918746869901
1786280867999925200,586.1799252929687,97.901327829808,0.3080157138788276,7.258974518679403,51.822887450919524,98.31132782623172,278.8541016823488,2.3931795295087688,4.1916045752275695,46.32007460576797,39.99918746869903
1786280868999940900,587.1799409179688,97.20393264135298,0.1294221132993698,1.0380200268250988,51.82294145439592,97.6139326377767,278.43506938462326,1.738289938533936,3,46.31947668986246,40.850799560546875
1786280869999956700,588.1799567871094,97.02531012403112,0.12680022418498993,1.0350959588083928,51.822995087362536,97.43531012045484,278.35411798258025,1.7513993348721284,3,46.31889020655788,40.850799560546875
1786280870999972400,589.1799724121094,96.89519255087201,0.12898984551429749,1.0350566852206653,51.82304735428634,97.30519254729573,278.4563590842662,1.7208015922793476,3,46.31830595803112,40.655982971191406
1786280871999987200,590.1799873046875,97.03053821683721,0.12591640651226044,1.0327360217284476,51.823098386304935,97.44053821326094,278.4767062178036,1.6937537019798532,3,46.31772393310932,40.46760559082031
1786280873000002000,591.180001953125,96.8452444118384,0.12014368176460266,1.0306204773547418,51.82315114462216,97.25524440826212,278.69973921496126,1.677135265158845,3,46.31714143654452,40.10991287231445
1786280874000017700,592.180017578125,96.80042440817155,0.12398338317871094,1.031720564697937,51.823207528646705,97.21042440459527,278.85931292454023,1.670091558929395,3,46.31656563161529,40.10991287231445
1786280875000032500,593.1800324707032,96.99701415835837,0.11741407960653305,1.028768215429199,51.82326366961915,97.40701415478209,278.88877836061965,1.6890311237109668,3,46.315992222861176,39.932613372802734
1786280876000048000,594.1800480957031,97.43670791180692,0.11618069559335709,1.0282730267143732,51.82331947913778,97.84670790823064,278.9011205124499,1.7066713340753619,3,46.315420787937114,39.81944274902344
1786280877000064000,595.1800639648437,97.71351127282168,0.11522410064935684,1.0275223462359064,51.82337311105451,98.1235112692454,278.7062142342944,1.7379748249341922,3,46.31485020678144,39.672447204589844
1786280878000079000,596.1800791015625,97.71363447140902,0.3080157138789258,7.258974518679389,51.823427080889815,98.12363446783274,278.7057671273583,2.3931795295027487,4.130979623552373,46.31428144759754,39.6724472038255
1786280879000093400,597.1800935058594,98.050512352027,0.3080157138789255,7.258974518679481,51.82347910477412,98.46051234845072,278.5502776754729,2.393179529503363,4.140133975951564,46.31371364100234,39.67338943405006
1786280880000109300,598.180109375,98.5639686472714,0.3080157138789255,7.258974518679498,51.82353034495942,98.97396864369512,278.41687026437654,2.393179529504268,4.153695765212367,46.31314220710341,39.673389434050065
1786280881000123400,599.1801232910157,99.18357580713928,0.3080157138788729,7.258974518679368,51.82358286062972,99.593575803563,278.40601509911744,2.3931795295039846,4.134208516370179,46.312566830357866,39.84904861372736
1786280882000138500,600.1801384277344,99.79166593402624,0.3080157138787801,7.258974518679309,51.823634123278126,100.20166593044996,278.37731114067554,2.393179529505206,4.1258546575681185,46.311984728235444,40.15664672772296
1786280883000154000,601.1801540527343,100.44328131526709,0.30801571387872473,7.258974518679483,51.823688405933474,100.85328131169081,278.6591844983212,2.39317952950602,4.122235243179644,46.31140446647205,40.33869934001681
1786280884000168700,602.1801687011719,101.82773389283822,0.11451909691095352,1.0198478816514567,51.82374506577635,102.23773388926195,278.8960115309507,1.7510228655093185,3,46.31082201524047,40.48932647705078
1786280885000183600,603.18018359375,101.8278622161597,0.3080157138786788,7.258974518679433,51.823801338044106,102.23786221258342,278.8955554461393,2.393179529505381,4.100196936010552,46.3102418383834,40.48932647623824
1786280886000199400,604.1801994628906,106.39638647064567,1.2652824494635262,7.258961231328728,51.82385488269357,106.80638646706939,278.8400310749107,3.4799327128760673,3,46.30967815021374,40.76157664500629
1786280887000214000,605.1802141113282,107.23617148958147,1.2673413207615056,7.2589609597427645,51.823909919501105,107.64617148600519,278.65494349266646,3.251974838751178,3,46.309090404116915,40.8710232597212
1786280888000228900,606.1802287597657,108.0058347992599,1.2648918368425588,7.258963189553312,51.823959869790485,108.41583479568362,278.37656487883714,3.758949675152894,3,46.30850440381193,40.97294423714433
1786280889000244200,607.180244140625,108.43025545962155,1.26675038634914,7.258967087095509,51.824014027237894,108.84025545604527,278.34707497135093,3.399534094128376,3,46.307915238641094,41.085768565265674
1786280890000258800,608.1802587890625,108.96487733535469,1.2684857908171463,7.258968630460392,51.824065495600614,109.3748773317784,278.2987270560618,2.6310359343724223,3,46.3073220367937,41.25568831308145
1786280891000274200,609.1802741699219,109.46742086485028,1.4620333204713047,7.258970022483551,51.82411840440881,109.877420861274,278.33605939834393,3.164935194472282,3,46.306726405148765,41.41876802462799
1786280892000289300,610.1802893066406,109.89832076709718,2.066743177463174,7.258970281577724,51.824172371411954,110.3083207635209,278.33559214516936,3.1649351478536674,3,46.306132026078025,41.41876523211269
1786280893000303900,611.1803039550781,109.99596962705255,1.2700208133145312,7.258973233748487,51.8242216630699,110.40596962347627,278.35653092227386,2.6536339248470595,3,46.30553250400762,41.81182946797335
1786280894000318500,612.180318359375,110.0988723449409,1.26137679110167,7.258974220863447,51.82427875277553,110.50887234136462,278.3740329472893,2.734827562294618,3,46.304924281364954,42.00216648330067
1786280895000333300,613.1803332519531,110.3861315343529,1.262904509879681,7.258973555491842,51.82433430263022,110.79613153077662,278.3843689904047,2.6600438321949618,3,46.30431222249479,42.2385050148847
1786280896000348700,614.1803486328125,110.42759036272764,1.4613878561875482,7.2589745186053305,51.82438778471947,110.83759035915136,278.3202932575566,3.08699350182296,3,46.30369699970384,42.46058818442871
1786280897000362800,615.1803627929687,110.22508609201759,2.0663796542458357,7.2589741562893755,51.82444297745491,110.63508608844131,278.31803448013363,3.086993498798703,3,46.303087599154836,42.46167064889799
1786280898000377600,616.1803776855469,110.14229808561504,1.2631006824852842,7.258974310760957,51.824500068892306,110.55229808203876,278.3139422401558,2.7108460574569686,3,46.302478486505265,42.282461846085084
1786280899000393000,617.1803930664063,109.91343080438673,1.2664494367012626,7.258973073843466,51.82455330060761,110.32343080081046,278.27728455662697,2.5744639337651662,3,46.30188905442072,41.63391457266886
1786280900000407800,618.1804077148438,109.72200881503522,1.260510800851528,7.258973034298094,51.82460420311897,110.13200881145895,278.26208626402973,2.881133810373824,3,46.30130407782776,40.95589807813799
1786280901000422400,619.1804223632812,109.45051651541144,1.2659970232138078,7.25897257047205,51.824653411872404,109.86051651183516,278.0647359486221,2.9961162632490757,3,46.30073617003111,40.366307430311124
1786280902000437800,620.1804377441406,108.86055570002645,1.2620847242811029,7.258969804210961,51.824708172171455,109.27055569645017,278.16314565351155,2.7645359623953403,3,46.30016937780154,39.67312953280095
1786280903000452000,621.1804521484376,108.2725421153009,1.2666889834271786,7.2589684611980045,51.82475802121845,108.68254211172462,278.03468644903,2.4161473163366765,3,46.29961560115195,39.067645658337355
1786280904000467500,622.1804675292968,107.73993199504912,1.2660969418016175,7.258968065996015,51.82480874165074,108.14993199147284,278.05604703994,3.5753218995993734,3,46.299072332444894,38.52839432509827
1786280905000482000,623.1804819335938,107.06801083311439,1.2690379010289399,7.258964218877297,51.82485952909819,107.4780108295381,278.1650958332814,3.6999526237049882,3,46.298536034235006,37.98277620239072
1786280906000496400,624.1804963378906,106.39356061909348,1.26615899533195,7.258964770864686,51.82490779881899,106.8035606155172,278.2044207048675,3.4766150967362526,3,46.29800550732237,37.454465256196315
1786280907000510700,625.1805107421875,105.24899412505329,0.46970897735512235,7.257399237673184,51.8249421413965,105.65899412147701,277.62175564667626,3.3803614232723533,3.6804496569061147,46.297496332174866,36.57432457857224
1786280908000526300,626.1805263671876,104.50151196774095,0.47323692664016404,7.25677447815,51.824988019284994,104.91151196416467,277.65863748267566,4.086202649700055,4.436907040169018,46.29697822182631,36.12792907638618
1786280909000541200,627.1805412597656,103.80140637420118,0.47332484447928347,7.256540724371547,51.825034945737414,104.2114063706249,278.0350282179101,3.6227841058643464,3.931985131759285,46.2964681666731,35.610822478863206
1786280910000556000,628.1805561523438,102.92724215611815,0.46840226648858246,7.256440018285258,51.825076995811614,103.33724215254188,277.7234602899873,2.679036428388092,3,46.295962522981,35.12167030480272
1786280911000571400,629.1805712890625,102.1537347259,0.4695854065526487,7.256636427754545,51.8251193784293,102.56373472232372,277.4876921519972,2.3463689849704847,3,46.295450707472654,35.26440527432928
1786280912000585200,630.1805852050782,101.34059043880552,0.46656613811213193,7.256239675029396,51.82517167669731,101.75059043522924,278.528764265685,4.194976525332272,4.645043766410391,46.29492528627419,36.277243085288866
1786280913000599300,631.1805993652343,100.08593461290002,0.49031831853358265,7.255405673990819,51.82522152381782,100.49593460932374,278.9068738266424,3.6816732349635557,3.856070418428285,46.294400720101585,36.73800399982647
1786280914000615000,632.1806149902344,100.07054273597896,1.4604307834984724,7.258941492926474,51.82526932380759,100.48054273240268,278.29387407237186,2.6048339802530878,3,46.29388522455046,36.37444486864663
1786280915000629500,633.1806293945313,98.89241597801447,0.6819713516671759,7.256866334724208,51.82531554429539,99.30241597443819,278.4861293188798,2.604833178989782,3,46.293339141845884,37.39843358383883
1786280916000644000,634.1806440429688,97.63135648146272,0.4809981583588092,7.2552333980492465,51.82535811022985,98.04135647788644,277.82125893334626,3.2622993340603097,3.7444720322011484,46.292805746356336,37.467950388325114
1786280916998081800,635.1780817871094,96.87347113247961,0.46499324177891477,7.2561540455585,51.82540815125305,97.28347112890333,278.21760123625506,4.899637008697051,5.639469599750584,46.292267694260076,37.67944976729186
1786280917998063900,636.1780639648438,95.80903012119234,0.46943344178961927,7.2556277303072685,51.82545824801042,96.21903011761606,278.67430470083747,3.982549683334588,4.518678971677307,46.29175799131164,36.27482614638357
1786280918998079200,637.1780793457032,94.77115494478494,0.4725889170713482,7.255193175587691,51.825503230194194,95.18115494120866,278.1908485104815,3.0785519222279367,3.5034381726968236,46.291234085206334,36.16983405314553
1786280919998082600,638.1780825195312,93.99380725622177,0.4793171821090543,7.256029006380715,51.82555050246786,94.40380725264549,278.5299769273548,3.2393907906740185,3.650379859403672,46.290733509327346,35.190417053081426
1786280920998086100,639.1780861816407,92.62234321516007,0.4901366523277964,7.2534297113585335,51.8255918813259,93.0323432115838,278.46792119696784,3.5599206311628193,3.9710529916313417,46.29026840406018,32.963674480745205
1786280921998123000,640.178123046875,91.94038033112884,0.49276842818301053,7.255529778577588,51.82562849458354,92.35038032755256,277.45835171973573,3.7076585108172426,4.110494977668465,46.289792018777604,32.48458712737708
1786280922998141200,641.1781411132813,91.28606977220625,0.49584732291185857,7.256486706778898,51.825671553881236,91.69606976862997,277.9788982921562,3.04115793478637,3.3795130959277366,46.289331950253754,31.924173498541126
1786280923998158800,642.1781589355469,90.42103510629386,0.49508535319998026,7.2556596681192955,51.8257104886829,90.83103510271758,278.14297260335104,3.029785933029738,3.379892043359913,46.288888960398076,30.93299638461416
1786280924998207500,643.1782075195313,89.83197541441768,0.4873385278803886,7.256820084178642,51.8257490381834,90.2419754108414,277.9865824577179,3.478447917212295,3.863610619814485,46.28843669869127,31.102941471673084
1786280925998179300,644.1781794433593,89.09646949823946,0.4880033035546955,7.256805857315588,51.8257930293048,89.50646949466318,278.6644192122457,3.592959745249082,3.9528995631088093,46.28799081147591,31.21968063516117
1786280926998153200,645.1781533203125,88.41771117784083,0.48719742816115885,7.257019546063449,51.825834700575186,88.82771117426455,279.0397372084572,4.563004297063844,5.065090244414117,46.28755994796209,30.559385070308448
1786280927998212400,646.1782124023438,87.80132592841983,0.4915405190305789,7.257264723706976,51.82587355820935,88.21132592484355,278.6830740200445,4.027093924467454,4.4687336672151385,46.28712848612508,30.19065915040474
1786280928998242300,647.1782421875,87.27974206861109,0.49702398176364293,7.257574007237384,51.825911046627695,87.6897420650348,278.2422575204099,4.3243024567576445,4.772309558295477,46.28670107104923,29.84429059952456
1786280929998273800,648.1782736816406,86.74387989193201,0.4990810230425706,7.257404169238958,51.82594624334241,87.15387988835573,277.66507076796967,3.7459115856736207,4.137642518097086,46.28627393319492,29.67361768718991
1786280930998338000,649.1783381347657,86.28890736587346,0.49806671059354035,7.257704619489042,51.82598369865708,86.69890736229718,277.60946729162254,2.6320637275345664,3,46.28584286563453,29.916871250560867
1786280931998401000,650.1784011230469,85.81249155756086,0.5376817834979994,7.257738608862119,51.826032027715215,86.22249155398458,279.9767099922252,3.147776047543351,3.4181408744733077,46.28542980574887,29.35596425521358
1786280932998463200,651.1784631347656,85.58813879080117,0.49817000202531225,7.25842442350769,51.826048671426,85.99813878722489,276.1673607016528,3.7061337910984027,4.055957323738777,46.284997690668014,29.36900913140888
1786280933998520800,652.1785207519531,85.06116402614862,0.5208813035898302,7.2579239912628735,51.82606140363824,85.47116402257234,272.76476927165095,4.026426734209525,4.30789277958698,46.28454736426413,30.09961664020715
1786280934998578200,653.178578125,84.20856604073197,0.7822387983389099,7.2559691855602955,51.826054722506086,84.61856603715569,268.73039205793964,2.9011909845336317,3,46.28411150797508,30.10214131919335
1786280935998630700,654.1786306152344,83.27407631184906,0.9317394394108152,7.25541378724262,51.82604043555051,83.68407630827278,267.17519330320806,2.9011910719116103,3,46.28367828137201,30.040931880379993
1786280936998682400,655.1786823730469,83.6834776988253,0.5081764813961679,7.258955257940901,51.82621073234816,84.09347769524902,278.34610917931707,3.115172661299344,3,46.28310298823472,33.79920981571775
1786280937998732000,656.1787319335938,83.15765463095158,0.7245338212632857,7.258960728584742,51.82626475869491,83.5676546273753,279.1918067759774,2.909753895713985,3,46.28259527122358,34.66162242363633
1786280938998889000,657.1788889160156,80.04889194884042,0.1170925423502922,0.9750235912844843,51.82631708676767,80.45889194526414,279.530338029359,1.4083685359267202,3,46.28206926735278,34.35416793823242
1786280939998824200,658.17882421875,79.44525758233036,0.11268852651119232,0.9719049695981388,51.82636677367987,79.85525757875408,278.44781451761446,1.3759466176706474,3,46.281586102082976,33.781036376953125
1786280940998867500,659.1788674316406,79.00131705299518,0.1181056946516037,0.9731403800642648,51.82641141511894,79.4113170494189,277.7855866964467,1.4052768666757245,3,46.28110041394371,33.781036376953125
1786280941998911500,660.1789113769531,78.5492707100065,0.12353987991809845,0.9737939437904705,51.82645416945096,78.95927070643022,277.9746941439969,1.431709226305258,3,46.280600511375624,35.36111068725586
1786280942998951200,661.178951171875,77.85354864866838,0.11729416251182556,0.969776298454622,51.82649947286263,78.2635486450921,278.4242571951671,1.4402757503005377,3,46.280082968150595,36.52718734741211
1786280943998989800,662.1789897460937,77.11912096846618,0.11103563755750656,0.9671675930785003,51.82655004455164,77.5291209648899,278.9257296840294,1.4241567382205305,3,46.2795507372345,36.52718734741211
1786280944999027700,663.1790278320312,76.60601899862466,0.13883985579013824,0.9768407417688251,51.826602828365935,77.01601899504838,279.42891655037346,1.417588752005876,3,46.27902301969891,36.78921127319336
1786280945999064300,664.1790642089844,76.60612495150417,0.30801571387975685,7.258974518679288,51.82665699454686,77.01612494792789,279.4285027220501,2.909753758471148,6.157823460688241,46.27849661715574,36.789211272583834
1786280946999100700,665.1791005859375,76.17231982015073,0.3080157138799178,7.258974518679524,51.82671021040836,76.58231981657445,279.20303766163465,2.90975375847542,6.307989740462163,46.27798285018941,36.204402923003066
1786280947999135000,666.1791350097657,75.66733646020293,0.3080157138799179,7.258974518679469,51.8267587605287,76.07733645662665,278.75285938663626,2.9097537584815205,6.395104111036623,46.27746777035748,36.20440292300307
1786280948999168500,667.1791684570312,75.30657516606152,0.30801571388007054,7.258974518679616,51.82680235801078,75.71657516248524,278.4009740160201,2.9097537584768585,6.418208875609051,46.276964514175155,35.64109420720946
1786280949999200000,668.1791999511719,74.72361816465855,0.3080157138801919,7.258974518679624,51.82684614252842,75.13361816108227,278.21397520396005,2.9097537584731374,6.437410826511862,46.27646797032695,35.186599730912036
1786280950999231700,669.1792316894531,74.30313049443066,0.3080157138804367,7.25897451867921,51.82688930147145,74.71313049085438,278.18786708568854,2.9097537584642446,6.457344787410735,46.27598417821132,34.251689910396784
1786280951999262200,670.1792622070312,73.80939432233572,0.30801571388043664,7.258974518679543,51.826933569835205,74.21939431875944,278.2737567976304,2.9097537584631215,6.439687125621384,46.275493663182026,34.251689910396784
1786280952999292400,671.1792924804688,73.16376971267164,0.30801571388055143,7.258974518679298,51.82697207111035,73.57376970909536,277.79493781169356,2.909753758457964,6.433423316569055,46.27501660138646,33.80446243238846
1786280953999321300,672.1793212890625,72.71333838347346,0.30801571388065846,7.258974518679606,51.827009677447776,73.12333837989718,277.6427316812961,2.9097537584537507,6.437114358908682,46.274544688610206,33.3821067805505
1786280954999349000,673.1793488769531,72.06155696325004,0.30801571388087834,7.258974518679182,51.827048400942545,72.47155695967376,278.0044415015997,2.9097537584414015,6.380516015001044,46.27408745132729,32.49685668903304
1786280955999378200,674.1793781738281,71.52829471416771,0.30801571388087834,7.258974518679247,51.827089736280094,71.93829471059144,278.3051067039471,2.9097537584460986,6.462807090732527,46.273628669800914,32.49685668903304
1786280956999403800,675.1794038085937,71.24069446604699,0.30801571388114024,7.258974518679562,51.82712777339062,71.65069446247071,278.43946891237476,2.909753758438668,6.528446398247288,46.273204880885544,31.409820556261295
1786280957999431700,676.179431640625,70.7188057564199,0.3080157138814578,7.258974518679002,51.82716576707709,71.12880575284362,278.51452089340336,2.9097537584284208,6.595717144007719,46.272804808309736,30.039392470981664
1786280958999456800,677.1794567871094,70.22322092205286,0.30801571388199345,7.258974518679606,51.82720064906462,70.63322091847658,278.5985942508138,2.9097537584090074,6.6912266057338625,46.272436422486855,27.573263168078345
1786280959999483600,678.1794836425781,69.81129696778953,0.30801571388199345,7.258974518679393,51.82723868782305,70.22129696421325,278.717869941942,2.909753758415521,6.841675583887771,46.27205028171709,27.573263168078338
1786280960999508200,679.1795083007812,69.4569977587089,0.30801571388223054,7.258974518679379,51.82727446523992,69.86699775513262,278.8668154618962,2.9097537584061888,6.8895104151256135,46.27169197407241,26.408756255878057
1786280961999531800,680.1795317382813,68.93995452020317,0.3080157138823078,7.258974518679514,51.827311901534486,69.3499545166269,279.01119652673646,2.909753758403253,6.909784178280392,46.27132941413454,26.01729583718676
1786280962999557000,681.1795571289063,68.52266740705818,0.3080157138824527,7.258974518679541,51.82734922315865,68.9326674034819,279.22512665581087,2.9097537583970703,6.932582137477039,46.270975707606745,25.26839065532008
1786280963999580000,682.1795798339843,68.3228116845712,0.3080157138824526,7.258974518679538,51.82738805377443,68.73281168099493,279.37933196177005,2.909753758397731,6.950270456498891,46.27061870459055,25.26839065532008
1786280964999603500,683.179603515625,67.7310106176883,0.3080157138825216,7.25897451867959,51.82742265277649,68.14101061411202,279.03447953853714,2.909753758391936,6.883734282883225,46.27027082837224,24.90379142742323
1786280965999626800,684.1796267089844,69.64554710313678,0.5211885250531063,7.258209920670488,51.82744632142796,70.0555470995605,278.6534683656082,3.0582322435268763,3.255063931055098,46.269946154498754,24.34567597689194
1786280966999649500,685.1796494140625,69.02115712501109,0.5163850444474881,7.257532933777841,51.827478360901004,69.43115712143481,278.4779234468131,2.6924313390694987,3,46.2695987546215,24.256485332986646
1786280967999672300,686.1796723632813,68.53765562269837,0.5214363403850473,7.257791682038328,51.82751038943499,68.94765561912209,278.35550595336326,2.6723763142649735,3,46.269246578015206,24.445735384948186
1786280968999694300,687.1796943359375,68.00699558854103,0.5218360686905827,7.257606850948371,51.82754237943846,68.41699558496475,278.2219027052606,2.4591662297682837,3,46.268887542487406,24.918474132547793
1786280969999716900,688.179716796875,67.39508909825236,0.515066215156675,7.257502202696536,51.827573204445294,67.80508909467608,278.04032716893937,2.7758736767539207,3,46.26852694913245,25.022268055301357
1786280970999739000,689.1797387695312,67.01660125888884,0.5234584359195172,7.258063711845069,51.82760580719692,67.42660125531256,278.3917439896246,2.2505066831924174,3,46.2681743333816,24.68703649482491
1786280971999758800,690.1797587890625,66.26316287647933,0.5270810294026269,7.256966206218725,51.82763626590114,66.67316287290305,278.23432151726445,2.4276546908439633,3,46.26782150578113,24.54079477813614
1786280972999780600,691.1797805175781,65.74182257521898,0.5187569504832837,7.257329000835088,51.827668347913644,66.1518225716427,278.3453411766265,2.2609228225067657,3,46.26746610817604,24.739344538820227
1786280973999800600,692.1798005371094,65.11683978885412,0.5166018765478437,7.256628493590189,51.82770162661943,65.52683978527784,278.53417114447063,2.260922802140582,3,46.26710929448517,24.813916115690546
1786280974999822600,693.1798225097656,64.61657984275371,0.5199105195226561,7.256885726625557,51.827734782828806,65.02657983917743,278.62989613008654,2.130461416952971,3,46.26675608263696,24.636537181537907
1786280975999842300,694.1798422851563,63.9518855586648,0.51699930961207,7.256412021145347,51.82776734635164,64.36188555508852,278.5187391764657,2.052873303103914,3,46.26640368036336,24.58275428582404
1786280976999863000,695.1798630371094,63.378060151822865,0.5251845419972199,7.256710947933711,51.82779730333534,63.788060148246586,277.91713542803825,2.4195537208604643,3,46.26605207834572,24.484000419483486
1786280977999883500,696.1798835449218,62.84517836198211,0.5228594753925345,7.256919190805197,51.82782357910597,63.25517835840583,276.9933160675024,2.095392741780775,3,46.26569728157055,24.626816667004203
1786280978999903700,697.1799038085937,62.40465060900897,0.5308945618826092,7.257185219679547,51.8278517909426,62.81465060543269,277.2652980511575,2.1296177727229546,3,46.26534038121623,24.74949729928375
1786280979999924000,698.1799240722656,61.91194406617433,0.527280464123139,7.2569900783503325,51.827881125282175,62.32194406259805,278.0417785644531,2.028666041408925,3,46.264988138208814,24.54491134518472
1786280980999943200,699.1799431152343,61.46666371356696,0.5241226186045128,7.257323216770844,51.82790992578291,61.87666370999068,278.38165283203125,2.44602240924072,3,46.264638549377864,24.34222012646032
1786280981999963000,700.179962890625,61.03350756689906,0.5196418226641649,7.257117373325326,51.82794190864617,61.44350756332278,278.68914794921875,2.101990070640382,3,46.26428791134305,24.463570445433184
1786280982999983400,701.1799833984375,60.63211681880057,0.5170249568544996,7.257274037109478,51.82797601896088,61.04211681522429,278.26171875,2.096351602285603,3,46.263928552140094,25.00658053515033
1786280984000002000,702.180001953125,60.16982154548168,0.5173999028647096,7.257534960818844,51.82800813759866,60.5798215419054,278.26171875,2.17684717548389,3,46.26354885655949,26.251694131076274
1786280985000021800,703.1800217285156,59.71175476163626,0.5051982110260209,7.25756523917848,51.82803702685303,60.12175475805998,278.2768859863281,2.0884236206102322,3,46.26314550618577,27.76257677063514
1786280986000040400,704.1800405273437,59.21863430459052,0.5233104173612442,7.25777522713823,51.828066923168095,59.628634301014245,278.24755859375,2.1136289517026885,3,46.262722986097444,29.125469068178678
1786280987000060700,705.1800607910156,58.94227404799312,0.49776019191706533,7.258329786233372,51.82810574235983,59.352274044416845,278.4172668457031,2.3620632078844688,3,46.26228277812545,30.460231937261188
1786280988000079600,706.1800795898438,58.17263370659202,0.49720678645436633,7.257490679979226,51.828147919665845,58.582633703015745,278.2432861328125,2.0293665949648165,3,46.26183026589092,31.26188339179069
1786280989000098300,707.1800983886719,57.59562079049647,0.4911160506984838,7.257584544591951,51.828190174907895,58.00562078692019,278.31390380859375,2.0146833069972288,3,46.26138842347172,30.939297250422346
1786280990000117800,708.1801176757813,57.18615825474262,0.49282399532433424,7.257952318687818,51.82823202296037,57.596158251166344,278.31390380859375,2.0115420668080652,3,46.260958982158286,30.075898552627564
1786280991000136400,709.1801364746094,56.48206341546029,0.49936476802888585,7.256908530325917,51.828272343087455,56.89206341188401,278.6069641113281,2.0749680911931243,3,46.260552424765045,28.625397394461118
1786280992000156000,710.1801560058594,56.20212981943041,0.5072082907465854,7.257863995511576,51.828309694623634,56.61212981585413,278.3210754394531,2.281085087813444,3,46.26016883219869,27.028940289633145
1786280993000174600,711.1801745605469,55.865899534896016,0.5133941343628063,7.258420051576012,51.82834868314888,56.27589953131974,278.3296203613281,2.1405425424345084,3,46.259792871520645,26.430379402582478
1786280994000193500,712.1801936035156,55.39862110465765,0.5099954621254603,7.2579485973094044,51.82838464536972,55.80862110108137,278.3311462402344,2.1882367901417146,3,46.25941096861643,26.602986289315886
1786280995000212200,713.1802121582032,55.077013849280775,0.5057297028919906,7.258045624763129,51.82842090989391,55.487013845704496,278.2523498535156,2.147556413105032,3,46.2590286516203,26.65753252622741
1786280996000231000,714.1802309570312,54.50682005658746,0.5049582817052706,7.257512796974086,51.8284558234907,54.91682005301118,278.4524841308594,2.460223301810924,3,46.25864999403097,26.452143662365287
1786280997000249300,715.1802492675781,54.24246491678059,0.5106362659230554,7.258114348716212,51.82848927338059,54.65246491320431,278.0673522949219,2.3678530923524876,3,46.25827503553764,26.17011935271979
1786280998000268000,716.1802680664063,53.81441745348275,0.5175943990541525,7.257914273095351,51.82852171069621,54.22441744990647,278.5230407714844,2.0767805308675085,3,46.25790166830673,26.029364980369554
1786280999000286200,717.1802861328125,53.479460458271205,0.5087060237028368,7.258180372135514,51.82855722005598,53.88946045469493,278.41046142578125,2.32239268685252,3,46.25752562408709,26.25220603434209
1786281000000304000,718.1803041992188,53.02038892917335,0.5099831674134828,7.258226562598941,51.82858985077848,53.43038892559707,278.359375,2.6003265836229263,3,46.257132277150546,27.189622003223757
1786281001000323300,719.1803232421875,52.75172347947955,0.4923443672552947,7.258261444809383,51.828612651754284,53.16172347590327,278.33807373046875,2.300163297877569,3,46.256713309131264,28.61359398064228
1786281002000341500,720.1803415527344,52.38193561416119,0.5305055204071232,7.258174104393045,51.828668085789644,52.791935610584915,278.2912902832031,2.8028001407217933,3.165360225104358,46.25628329028142,29.975976537650553
1786281003000360400,721.1803603515625,51.88973941281438,0.4966922604563883,7.258272249868254,51.828709114510396,52.2997394092381,278.3699035644531,2.4521059016915574,3,46.255831804942744,31.241542375324837
1786281004000378600,722.1803786621093,51.4908959120512,0.5022068402962234,7.258243562700336,51.8287518208476,51.90089590847492,278.2857971191406,2.280632727753234,3,46.25536215747417,32.51016520041363
1786281005000396800,723.1803967285156,51.175564085133374,0.4774387977861715,7.258630221222666,51.828796441880336,51.585564081557095,278.4801330566406,2.140316406370468,3,46.25487654564438,33.694652449534445
1786281006000415200,724.1804152832032,50.67237472254783,0.47609762394959987,7.258282870769911,51.82882905654595,51.08237471897155,278.417236328125,2.000715265876538,3,46.25437226405677,34.79962876909328
1786281007000434000,725.1804338378906,50.28542453236878,0.472516547437302,7.2584091203305094,51.828887579878035,50.6954245287925,278.4378967285156,2.000357708637351,3,46.2538591197098,35.82167640179536
1786281008000451600,726.1804516601562,49.8415037188679,0.4744812963702445,7.2583949681207205,51.8289448769547,50.25150371529162,278.3951416015625,2.0000001461276105,3,46.253329681238455,36.87747713916193
1786281009000469800,727.1804697265625,49.38852894119918,0.48035467789118524,7.258238432789413,51.828997052349855,49.798528937622905,278.3597106933594,2.0000000829739393,3,46.25278557740945,37.904528209175666
1786281010000488200,728.18048828125,48.89373350515962,0.6105902537488749,7.258114139611061,51.82904860327912,49.30373350158334,278.3674011230469,2.0000001627699104,3,46.252236329638926,38.33686607380075
1786281011000505900,729.180505859375,48.573841783218086,0.47165270146604316,7.258494102702093,51.82910053671854,48.98384177964181,278.44183349609375,2.0000001430389465,3,46.25167048846235,39.15954251713974
1786281012000524500,730.1805246582031,48.297757904976606,0.43939445241177155,7.2585473589097615,51.82915085663027,48.70775790140033,278.2063293457031,2.0000002533111747,3,46.2511015071687,39.541394732464276
1786281013000542500,731.1805424804687,45.92389943764497,0.11397359520196915,0.9104683785092261,51.82920463909696,46.33389943406869,278.596435546875,1.349253488254802,3,46.25051228953679,39.8648796081543
1786281014000561200,732.1805610351563,46.05225486308336,0.9013146252608754,7.257742390509008,51.8292525896138,46.462254859507084,278.40216064453125,2.0000000337532073,3,46.249959625832844,39.75660167745453
1786281015000578800,733.1805788574219,47.24686407111585,0.48473430288078767,7.258966875564662,51.82930584983758,47.65686406753957,278.33843994140625,2.285110194520504,3.0074059073929615,46.24938097270447,39.84210757463814
1786281016000596700,734.1805966796875,46.527086060494184,0.4590586169492493,7.258322106549186,51.829358794516935,46.937086056917906,278.4902038574219,2.6339317421656974,3.603187729471223,46.24881978431742,39.18230945186865
1786281017000615000,735.1806149902344,46.5297156246379,0.4615644481314279,7.258946299034977,51.82941119223056,46.93971562106162,278.32147216796875,3.227799503262367,4.3299506869524125,46.24826826885378,38.517879501706204
1786281018000633300,736.1806333007812,46.2008430827409,0.45786484106521297,7.258787544195271,51.829463787231525,46.610843079164624,278.496337890625,2.6138998322032343,3.52630631057356,46.247728247717866,37.81444445604874
1786281019000651000,737.1806511230469,45.524039125069976,0.4719599004761361,7.257992372780634,51.829512734793994,45.9340391214937,278.6929626464844,2.6296485680245616,3.4788665863803043,46.247193452757834,37.2680568298867
1786281020000669400,738.1806694335937,45.725860361009836,0.4698535265345461,7.258802341661415,51.82956552902849,46.13586035743356,279.9679870605469,2.344945811047203,3.0843409110212208,46.246664752265694,36.96034459450293
1786281021000687000,739.1806870117188,45.632139270193875,0.4752157753584624,7.2587246759858965,51.829622490654906,46.042139266617596,279.7958679199219,2.4227840784925836,3.1414902370114284,46.2461387367895,36.91449533042024
1786281022000705300,740.1807053222657,45.35994244553149,0.4643705983746933,7.258669716093818,51.82968648649272,45.76994244195521,281.8564147949219,2.500427437531552,3.1952904082726308,46.24560824564535,37.16675075062737
1786281023000723700,741.1807236328125,45.23570275027305,0.46863113915936344,7.2588308804846795,51.82975356946647,45.64570274669677,281.8797607421875,2.000000152025593,3,46.24507814663948,37.273839480897365
1786281024000741600,742.1807416992187,45.14057623781264,0.4642237532829799,7.258820930600285,51.829827880007606,45.55057623423636,281.87646484375,2.2735701748272636,3,46.24454728130335,37.43843877367092
1786281025000760000,743.1807600097657,44.82048302702606,0.4588508405594194,7.258719291340539,51.82990405911709,45.23048302344978,281.8934326171875,2.1468625866100957,3,46.24401745012608,37.501512689334874
1786281026000777200,744.1807770996094,44.007673687301576,0.4647111232199617,7.257981181258623,51.82997858625112,44.4176736837253,281.8962707519531,2.0734313534663635,3,46.243487574303636,37.45583192098402
1786281027000795400,745.1807954101563,43.85867069289088,0.4668668463940728,7.258645092177765,51.83005824888486,44.268670689314604,281.90106201171875,3.666039957888005,4.415362141054826,46.24294957033392,37.870412389672204
1786281028000814000,746.1808139648438,43.80765885300934,0.46673803819246307,7.258881329847917,51.830131402868226,44.217658849433064,281.662353515625,2.942527848707066,3.4855369391748607,46.24242440599771,37.3401415318788
1786281029000831500,747.1808315429688,43.66707572247833,0.46888447182808607,7.258854172847157,51.830193965244646,44.07707571890205,281.9573669433594,2.8148665331863154,3.30469814085634,46.24190148456788,36.740366798668035
1786281030000850200,748.1808500976563,43.795259709469974,0.4859209654084752,7.2589737364010665,51.83025499933665,44.205259705893695,281.5680847167969,2.4637722493173015,3,46.24138501896976,36.24443800494504
1786281031000867300,749.1808674316406,42.93977046106011,0.4766433930607445,7.257964237936605,51.830301877505796,43.34977045748383,281.5680847167969,2.0000000550632624,3,46.240876004082864,35.59373736077506
1786281032000886000,750.1808859863281,43.19062845874578,0.47319285939557254,7.258961640059531,51.83035679888688,43.6006284551695,281.5680847167969,2.230144119305555,3,46.24037879988272,34.936035947755435
1786281033000904200,751.180904296875,42.96304784528911,0.4742849552696552,7.258906369244485,51.83040415655481,43.37304784171283,278.93639709437406,3.2493765293347217,3.7417195750098613,46.2398893300159,34.223095476635216
1786281034000922000,752.1809221191406,42.959240979515016,0.4805502409741844,7.258962205569308,51.83044919504975,43.36924097593874,278.681876887974,2.7064844305110096,3.113602786029373,46.23940598177107,33.69803186269908
1786281035000939000,753.1809389648438,42.89993056561798,0.47927710481651054,7.258962049728306,51.83049396489535,43.3099305620417,278.5452859145475,3.0217578585025064,3.424754504336913,46.238930976268136,33.1566841122846
1786281036000957700,754.1809577636719,42.86302159354091,0.48730627616596217,7.258967932382526,51.830535954712026,43.27302158996463,278.1694281931019,2.7677785010802243,3.118707308967973,46.23846562606004,32.520899586240546
1786281037000976100,755.1809760742187,42.83403065428138,0.48565206604824146,7.258957191970607,51.83057524461246,43.2440306507051,277.88830813044314,2.395041665278571,3,46.238006766471536,31.970867801144482
1786281038000993800,756.1809938964843,42.909443535842,0.48871470817763185,7.258948998922792,51.83060747501623,43.31944353226572,276.8414385186579,2.857262005835206,3.1895796154818723,46.23756054227394,31.043447250731095
1786281039001011000,757.1810109863281,43.12847778201103,0.4995055593620738,7.258892943624219,51.830633932494635,43.53847777843475,275.92393806618367,3.1838898004575342,3.5009697284538386,46.23714040939414,29.36506828406411
1786281040001029000,758.1810290527344,43.42510987725109,0.509055751535974,7.2588677601526035,51.830654371749084,43.83510987367481,274.96285528829424,2.5919449589083055,3,46.236745739795936,27.59173374686079
1786281041001047000,759.1810471191407,43.3339285235852,0.5289597682643792,7.2589723727342585,51.8306631670063,43.74392852000892,273.0126306148922,2.142174152929453,3,46.23637039408866,26.096698021197412
1786281042001065500,760.1810654296875,43.69551406893879,0.5441485060134298,7.258849951748847,51.83067321663922,44.10551406536251,272.3714230077602,2.2123893628503617,3,46.23601676784354,24.71006554945853
1786281042998642000,761.1786418457032,43.895219553261995,0.5417150919713182,7.2588033349142504,51.830679443312235,44.30521954968572,271.6289092188479,2.819233760132938,3.1007491125487143,46.23567855034288,23.622723987885365
1786281043998625800,762.1786257324219,44.07503557484597,0.5408282357268306,7.258838749735662,51.83067897292833,44.48503557126969,270.2558739868965,2.7381670379423824,3,46.23535172052495,22.689204921333427
1786281044998643500,763.1786435546875,44.28529944270849,0.5489344345157166,7.258762235445021,51.8306747231123,44.695299439132214,268.99844211191584,2.19822042778446,3,46.23503013444555,22.147562409222083
1786281045998638800,764.1786389160156,44.07352543063462,0.5594743563137241,7.258939314506547,51.83066506935418,44.48352542705834,267.56160856674603,2.5304195861376115,3,46.23472001579312,21.53532555297351
1786281046998637300,765.1786372070312,44.15122098475695,0.5640811262635022,7.258968178003162,51.83065312554172,44.56122098118067,266.48313582016306,2.4775507385838225,3,46.23441964783296,20.922757347923064
1786281047998669000,766.1786689453126,43.556719940155745,0.5966443029827987,7.258207465306966,51.83062909919406,43.966719936579466,263.70786374912393,4.240137985308105,4.096789584049202,46.23412565828317,20.487370939245483
1786281048998668500,767.1786684570312,43.16816382110119,0.6067110393221341,7.257979650035039,51.83061363003383,43.57816381752491,263.96278224694186,3.758615178009787,3.4448101191300564,46.23382849616204,20.352234345221383
1786281049998670600,768.1786706542969,42.997426990419626,0.6179037902617056,7.258587770675517,51.83059870046988,43.40742698684335,264.39015574344944,3.7218695687587493,3.3214366544282203,46.23354007482046,20.006342085481126
1786281050998678300,769.1786782226562,42.842075117863715,0.5856857710346666,7.258853271327872,51.830572869569906,43.252075114287436,263.01837469389295,3.3395669208599816,3.236618570536456,46.2332626056576,19.543656626031613
1786281051998687700,770.1786877441406,42.89508272893727,0.5655499409424247,7.2589730189924175,51.83054686363914,43.30508272536099,262.11241782766314,2.563558279770842,3,46.23298764047295,19.26543734439857
1786281052998696700,771.1786967773437,42.75989533122629,0.5724121263791953,7.25889534631297,51.83051828405281,43.16989532765001,260.92743078844944,2.2555961686198156,3,46.2327140732279,19.184508399967402
1786281053998740200,772.178740234375,42.59943774435669,0.5677670304455567,7.25892118674322,51.83048521037384,43.00943774078041,259.5939379700444,2.0892958290338015,3,46.2324374075562,19.337353724340243
1786281054998758400,773.1787583007813,42.49725359864533,0.5678820748190294,7.2589144019644305,51.830449164911265,42.90725359506905,258.6607561198348,2.1573117661443137,3,46.23215822755664,19.67011950882699
1786281055998774500,774.1787744140624,42.23655987530947,0.555599869168477,7.2588267494585,51.83040768657165,42.64655987173319,257.5406814532131,2.0530078612353346,3,46.23186332419107,20.707887783081308
1786281056998825000,775.1788249511719,41.937826255336404,0.5367534263952449,7.258678921623823,51.83036302939203,42.347826251760125,256.93296112436735,2.066834444180444,3,46.231562504251066,21.19821812862954
1786281057998825500,776.1788254394531,41.313392360058906,0.11720462888479233,0.9105161898334162,51.83031628383195,41.72339235648263,254.5978731058188,1.259647846471146,3,46.231247138844395,21.646852493286133
1786281058998828000,777.178828125,41.50927001424134,0.9613893312956481,7.258695446356491,51.83026572938423,41.91927001066506,255.531733650441,2.0668342842985328,3,46.230955826054014,21.52621390316585
1786281059998830300,778.1788303222656,41.23572930507362,0.559702503526182,7.258681065316295,51.830198168192304,41.64572930149734,253.13153017905333,2.0334172632107568,3,46.23064667804353,22.094819208972055
1786281060998834700,779.1788347167969,41.49054428655654,0.5353709324179051,7.258972501409612,51.830133394546976,41.90054428298026,252.4401137092872,2.0093148055426817,3,46.2303203269651,23.482833318640402
1786281061998838800,780.1788388671876,41.4487670334056,0.5288108537650404,7.258928764824237,51.830056217143074,41.85876702982932,250.9072171311507,2.0046574893096896,3,46.22997462849222,25.11422115096908
1786281062998845700,781.178845703125,41.525978713296354,0.5170768027665203,7.258960518198012,51.82997093735864,41.935978709720075,249.37614457043077,2.0009668250697326,3,46.229613718595715,26.455943897680033
1786281063998851800,782.1788518066406,41.24670086149126,0.5145999114766258,7.258702066548377,51.82987893565955,41.656700857914984,248.27407505280036,2.0004834872147366,3,46.22923924893446,27.57360390992911
1786281064998859800,783.1788598632812,40.958770433440804,0.5123353022304086,7.258747100963837,51.82978065181623,41.368770429864526,247.21548200076285,2.000072032515131,3,46.2288617077855,28.191322721537286
1786281065998868500,784.1788684082031,40.64518536068499,0.493842181494067,7.258761922696235,51.829677546623685,41.05518535710871,246.3687197402179,2.3019723386562356,3,46.22848455205841,28.319882114853755
1786281066998877700,785.1788776855469,39.795197986997096,0.13359670341014862,0.891201908964501,51.829574205987136,40.20519798342082,244.21037115190165,1.2548540969768778,3,46.22810895424028,27.58812141418457
1786281067998887400,786.1788874511719,39.348327455317715,0.13304899632930756,0.8888537646330447,51.82946328746455,39.75832745174144,242.65342953059724,1.2613954840875783,3,46.227754985485646,27.58812141418457
1786281068998897200,787.1788972167968,38.82043731075345,0.16509918868541718,0.8996144608661354,51.82934956386168,39.23043730717717,240.82940019198867,1.262415155767011,3,46.227411962276726,27.1512508392334
1786281069998909000,788.1789089355469,38.39974954562197,0.18767708539962769,0.9046048745501817,51.82923382732207,38.809749542045694,238.99336338081918,1.2675035607513012,3,46.22709219988032,26.133098602294922
1786281070998920200,789.1789201660156,38.14201046106382,0.19222798943519592,0.9014602127676256,51.82911655478938,38.55201045748754,237.84109680745968,1.2527993797827772,3,46.22679154859291,23.878551483154297
1786281071998932500,790.1789323730469,37.96599731156847,0.16710823774337769,0.8933218822889967,51.828999308814765,38.37599730799219,236.81721046973973,1.243274953373938,3,46.22650263362976,23.878551483154297
1786281072998945000,791.1789450683593,37.467872343140385,0.14538992941379547,0.8904103540727201,51.82888453050651,37.87787233956411,236.0356046022585,1.245878923318387,3,46.2262214954265,23.31601333618164
1786281073998959000,792.178958984375,37.46791497338563,0.3080157138828072,7.258974518679134,51.82876745673091,37.87791496980935,236.03538407922693,2.3019720035102673,5.543007334814725,46.225940991699076,23.31601333602624
1786281074998972000,793.1789719238282,36.93898373004049,0.30801571388287796,7.258974518679492,51.828651224050866,37.34898372646421,234.9687200327504,2.3019720035082876,5.569395379355332,46.22567825853246,22.909957885594757
1786281075998986200,794.178986328125,36.564668104983866,0.3080157138830027,7.258974518679325,51.82853537733956,36.97466810140759,233.61639389468525,2.301972003499452,5.436019250330908,46.22542815068972,22.176143646106507
1786281076998999800,795.1789997558594,36.266009125858545,0.30801571388300236,7.258974518679061,51.828410237234294,36.67600912228227,231.84885494529507,2.3019720034961906,5.319903706302462,46.22517880911137,22.176143646106482
1786281077999014400,796.1790144042968,35.67704667430371,0.30801571388303733,7.258974518679157,51.82828383452338,36.08704667072743,230.5170692207552,2.3019720034901847,5.143627055880219,46.2249394373915,21.965320587028216
1786281078999029800,797.1790297851562,35.5383169548586,0.3080157138830376,7.258974518679272,51.82815423597019,35.94831695128232,229.60294661427042,2.301972003461881,3.930581746674045,46.22469537681811,21.962440490592712
1786281079999045400,798.1790454101563,35.302872970700264,0.30801571388304516,7.258974518680238,51.82802398101034,35.712872967123985,228.8428993893562,2.3019720034586815,3.7751947641361663,46.22445478143751,21.916454315056406
1786281080999060700,799.1790607910157,34.9794810032472,0.30801571388300847,7.258974518679805,51.827889207620956,35.38948099967092,228.22516333547412,2.3019720034582787,3.7239422827856203,46.22421248929422,22.136352538929426
1786281081999076900,800.1790769042968,34.586782227270305,0.30801571388302507,7.258974518679158,51.82775260704661,34.99678222369403,227.03784859807422,2.301972003483344,4.863614395666372,46.22397946708012,22.035598754751533
1786281082999093500,801.1790935058593,34.16244866233319,0.3080157138830081,7.258974518679304,51.827611017791774,34.57244865875691,225.7326025742793,2.3019720034887845,5.054120938514766,46.22375418369718,22.1363525389294
1786281083999109600,802.1791096191406,33.56028144527227,0.30801571388291915,7.258974518679415,51.827460058428024,33.97028144169599,223.90244130868956,2.301972003490514,5.012731728121066,46.223527771681326,22.659603118753694
1786281084999125800,803.1791257324219,33.188218963332474,0.3080157138828056,7.2589745186791115,51.82730460618071,33.598218959756196,222.84668371300225,2.3019720034984243,5.158991778884991,46.2232984870642,23.311729430996852
1786281085999142700,804.179142578125,31.75263493083675,0.135497584939003,0.8904224136254734,51.82713893815194,32.16263492726047,220.9958285782139,1.3411637639036886,3,46.2230640839526,24.03477668762207
1786281086999161300,805.1791613769532,31.752680256962776,0.30801571388267585,7.258974518679573,51.82697589923658,32.1626802533865,220.99564878938898,2.3019720035024993,5.149196687317295,46.222835388296666,24.034776687451636
1786281087999177000,806.1791770019531,31.001376535743475,0.3080157138823419,7.258974518679155,51.82678938677749,31.411376532167196,220.067662346082,2.3019720035134195,5.140468395871288,46.22258357448893,25.805486678866178
1786281088999194600,807.1791945800782,30.366336392238736,0.3080157138822995,7.258974518679956,51.82660321581758,30.776336388662457,218.43685036480286,2.3019720035119424,5.061794048955423,46.222350512104164,26.01997184731787
1786281089999212500,808.1792126464844,29.89472891855985,0.3080157138822992,7.258974518679691,51.826412284354234,30.30472891498357,216.7903307373717,2.3019720035101705,5.012768088791905,46.22212823787212,26.019971847317844
1786281090999230000,809.1792299804688,29.17009791497929,0.16308681666851044,0.886240630306133,51.826193383803286,29.580097911403012,212.92841894194504,1.3293928359244498,3,46.22189621409858,28.83580207824707
1786281091999248000,810.1792478027344,28.78648782145963,0.161899134516716,0.8825673759148414,51.82597060381086,29.19648781788335,213.517577399372,1.303621622012513,3,46.22166285823098,30.185882568359375
1786281092999266800,811.1792668457031,28.46154337111997,0.18468065559864044,0.8890394070402515,51.82574146179393,28.87154336754369,214.51317309354974,1.3008619328095394,3,46.22141454378346,30.185882568359375
1786281093999284700,812.1792846679688,28.049398060888052,0.8917929267249359,7.258961623831336,51.825519632359665,28.459398057311773,214.2670287273688,2.6873971148233484,3,46.22119514162482,30.706308654684907
1786281094999303200,813.1793032226562,28.0153129472031,0.20322109758853912,0.8838688471168461,51.82526432024434,28.42531294362682,215.81555356448777,1.395732774690921,3,46.220868891632186,33.75823974609375
1786281095999321000,814.1793210449218,27.578429463659944,0.18330012261867523,0.8762197289375194,51.825014677763946,27.988429460083665,215.73521687947007,1.4069589599458592,3,46.22058465393538,34.488712310791016
1786281096999340000,815.1793400878906,27.26734762285995,0.1752699613571167,0.8729996149089757,51.824763029122636,27.677347619283672,215.7199035953509,1.4253113639571435,3,46.22029893440686,34.23473358154297
1786281097999358200,816.1793581542969,26.957976972311833,0.17394191026687622,0.8716947819732388,51.82451322055137,27.367976968735555,215.77375280676728,1.4517570879229251,3,46.220014530823484,34.23473358154297
1786281098999377200,817.1793771972656,26.439537064444732,0.17563697695732117,0.8716961693554139,51.824269814455846,26.849537060868453,215.66502985555903,1.4572414532335518,3,46.21973435737329,33.12331008911133
1786281099999441400,818.17944140625,25.838673209326775,0.17071400582790375,0.8684079668785818,51.824030028339024,26.248673205750496,215.6363567214233,1.4369768125575175,3,46.21945718288991,33.12331008911133
1786281100999415300,819.1794152832031,26.491882363334298,1.2690455562001675,7.258972940049228,51.82378709996799,26.90188235975802,215.64986039651728,2.4485152820732026,3,46.21919420875916,32.80055663074457
1786281101999434500,820.1794345703125,26.066460165195167,1.2686612968995974,7.258968743551407,51.82355397039171,26.47646016161889,215.49405420654048,2.3757106233984153,3,46.218927457742524,32.351333821701616
1786281102999453200,821.179453125,26.003505433909595,1.2687859216653625,7.2589698588690466,51.82332723265214,26.413505430333316,215.50536957670843,2.2481336363218927,3,46.21866288392151,31.804320284118567
1786281103999472000,822.1794721679687,26.075287182815373,1.269568528803977,7.258973847425853,51.82309979366989,26.485287179239094,215.29414475099668,2.015011325512539,3,46.218403763981996,31.213318632367773
1786281104999491300,823.1794912109375,26.301978457719088,1.2646687357167445,7.258974390145399,51.82287494345223,26.71197845414281,215.11688682604225,2.0075056723748985,3,46.21815611096734,30.700794854595888
1786281105999510300,824.1795102539063,26.51056952122599,1.2671854452495552,7.258974295713294,51.82265835866482,26.92056951764971,214.848263932501,2.0007386515309857,3,46.217916197650155,30.066022288798955
1786281106999533300,825.179533203125,26.620559256523848,1.2682565053253654,7.258974476380309,51.82244411697758,27.03055925294757,214.61435990754617,2.000369336109011,3,46.21768144014796,29.28528564448927
1786281107999550000,826.1795500488281,26.94970759563148,1.1601652865021415,7.2589744926810065,51.822235611556614,27.3597075920552,214.51100872026836,2.021913492620343,3,46.217453375320275,28.606061943640128
1786281108999569200,827.1795690917969,26.8279674006626,1.1514904672565678,7.258974462341549,51.82203331069128,27.237967397086322,214.62537562786972,2.010956755001124,3,46.21723021151153,27.960885298086474
1786281109999588600,828.1795886230469,27.005667814984918,1.1570361615580635,7.258974369544511,51.82184079655662,27.41566781140864,214.6257345811006,2.5250153211648887,3,46.217012581237896,27.22876841451257
1786281110999607300,829.1796071777344,26.976773938164115,1.2621623272894744,7.258974514507581,51.821647577832394,27.386773934587836,214.81716786724604,2.41394207627591,3,46.21679247692325,26.64051726612323
1786281111999627500,830.1796274414063,27.08736581541598,1.2668435110134877,7.258974143360126,51.821455522118804,27.4973658118397,214.6699880252346,2.0760666848122,3,46.216584284088846,26.126263350581176
1786281112999646700,831.1796467285156,27.21013663802296,1.152318439786464,7.258973308675413,51.82126918739332,27.62013663444668,214.89119640086284,2.0380333570237585,3,46.21637307978104,25.687514762551135
1786281113999667000,832.1796669921875,27.234147080220282,1.2646434465791458,7.258974454750445,51.82108286957258,27.644147076644003,214.55031444452962,2.3246652522935474,3,46.21616712948678,25.53088119660166
1786281114999686000,833.1796857910156,27.31728765554726,1.262165947423771,7.258974077636259,51.82088242431978,27.727287651970983,213.50986783116463,2.6557365904912706,3,46.215961333821674,26.03959961117122
1786281115999705900,834.1797058105469,27.598478410393,1.2665922936117018,7.258973095215703,51.82066915586486,28.00847840681672,212.54363258665725,2.608252397203917,3,46.21574242888445,27.140418391823335
1786281116999725800,835.1797258300782,27.669564058072865,1.2633075137059664,7.25897386261719,51.82044810264339,28.079564054496586,212.51133306128372,2.3041262436038883,3,46.21551501322413,28.45729780780488
1786281117999744800,836.1797448730468,28.03707797639072,1.2675852761379418,7.258970551792388,51.820222505852044,28.44707797281444,213.64559505595122,2.1813798704232603,3,46.215262356790795,29.596107650691227
1786281118999765800,837.1797658691406,28.33280294574797,0.7383695271734368,7.258967263253202,51.81998951563634,28.742802942171693,214.47846883219955,2.090690128130126,3,46.214997847740214,30.771470084985634
1786281119999784200,838.1797841796875,26.237263258957324,0.1781575083732605,0.8646087275136151,51.819741546371844,26.647263255381045,214.54389528443645,1.4045777690351262,3,46.214691677852386,33.11862564086914
1786281120999804000,839.1798039550781,26.68836124228272,0.16005642712116241,0.8556742531098566,51.81949125372769,27.098361238706442,214.3003990405255,1.4002895421103103,3,46.21441916653522,33.11862564086914
1786281121999825000,840.1798249511719,27.18265940030616,0.15010344982147217,0.8521114023231957,51.81923411994176,27.592659396729882,214.39066682059638,1.4217533773633533,3,46.21413720322051,34.080482482910156
1786281122999844600,841.1798447265625,27.523222869822707,0.14746388792991638,0.8501145858471719,51.818970567865605,27.933222866246428,214.5482529451269,1.4359330094137217,3,46.21384629096937,35.77883529663086
1786281123999864000,842.1798640136719,28.280806506653388,0.17804917693138123,0.861170527679307,51.81870508434501,28.69080650307711,214.8925081396739,1.4566482284629465,3,46.2135504651716,35.77883529663086
1786281124999883800,843.1798837890625,28.280906891450286,0.30801571388001714,7.25897451867965,51.81844132698517,28.690906887874007,214.89227482879585,2.0906898859172025,4.305823145725385,46.213253653636365,35.77883529606831
1786281125999903700,844.1799038085937,30.123538516550713,0.17669463157653809,0.8510590195824849,51.81819634213165,30.533538512974435,216.82359386333326,1.4282561458005174,3,46.21296152230879,34.972816467285156
1786281126999924500,845.1799245605469,31.149485121286826,0.1431027054786682,0.8408876406087193,51.817960002846846,31.559485117710548,217.40644122596714,1.393574221622854,3,46.2126725719708,32.41997146606445
1786281127999943400,846.179943359375,31.149567544460297,0.3080157138808846,7.258974518679777,51.817728547662995,31.559567540884018,217.4062167312978,2.0906898859057668,4.500707289208044,46.212386973311084,32.41997146564602
1786281128999963600,847.1799636230469,31.6406758595258,0.3080157138808848,7.258974518679646,51.81750713411803,32.05067585594952,218.06161102179232,2.090689885915749,4.677007761974291,46.212100735017785,32.419971465646036
1786281129999984000,848.1799841308593,32.02998375426978,0.30801571388126925,7.2589745186795795,51.81730769297,32.4399837506935,217.96194302119238,2.0906898859100282,4.791273475735419,46.211843997377066,30.81245613062223
1786281131000003800,849.18000390625,32.404205633327365,0.30801571388162907,7.2589745186800885,51.817115163530836,32.814205629751086,217.62641580319035,2.0906898859026786,4.878952484864899,46.21160431951272,29.22774887054301
1786281132000023800,850.1800239257813,32.56159342452884,0.30801571388210686,7.258974518679564,51.81693706702448,32.97159342095256,217.95142412727265,2.0906898858902387,4.9645695280301085,46.21137794448071,26.98028945898735
1786281133000043000,851.18004296875,33.112875553779304,0.30801571388210697,7.258974518679352,51.81674870225174,33.522875550203025,218.28917555691493,2.090689885892749,5.0234175877670975,46.211136600834514,26.98028945898736
1786281134000063500,852.1800634765625,33.416733144782484,0.3080157138822291,7.2589745186792864,51.81656466818637,33.826733141206205,218.08471213475002,2.090689885889545,5.051778376359589,46.21090667130566,26.374828338397762
1786281135000083700,853.1800837402344,33.758701879531145,0.3080157138822291,7.258974518679425,51.8163746669486,34.168701875954866,218.14392963164408,2.0906898858878153,5.009713605094651,46.21066819670651,26.374828338397762
1786281136000104200,854.1801042480469,34.02373865712434,0.30801571388192756,7.258974518679506,51.81617042054055,34.43373865354806,218.1777149092647,2.090689885896775,4.970785403898704,46.21040761955891,27.845317840311065
1786281137000124400,855.1801245117188,34.44027045648545,0.30801571388167914,7.258974518679296,51.81595976645751,34.85027045290917,217.7844262686121,2.0906898859044003,4.9490734362647775,46.21014613266541,29.00041580170246
1786281138000143600,856.1801435546874,34.817264875397086,0.3080157138816792,7.258974518679239,51.815750036168396,35.22726487182081,217.92805083388933,2.0906898859029925,4.920226151346481,46.209879207000924,29.00041580170247
1786281139000163600,857.1801635742188,35.110077117569745,0.3080157138814359,7.258974518679272,51.815529557522076,35.520077113993466,218.88306309039922,2.0906898859106695,4.907918743458109,46.20959127746572,30.090265273713346
1786281140000183800,858.1801838378906,35.46455029118806,0.3080157138813656,7.258974518679346,51.81531977805795,35.87455028761178,220.36613392916124,2.0906898859160954,4.9646106823843885,46.20930051933856,30.399217605245944
1786281141000203000,859.180203125,35.62459394861996,0.1150493174791336,0.8349526331068015,51.81511804048788,36.03459394504368,222.94154456707543,1.2683663715194207,3,46.20899839844397,30.39921760559082
1786281142000224000,860.1802241210937,35.91517660664781,0.11585226655006409,0.8344301769961483,51.814915282730496,36.32517660307153,224.03572721173313,1.2550560263827553,3,46.2086835712377,30.844619750976562
1786281143000243500,861.1802434082031,36.12376001502208,0.11699976027011871,0.834116842067974,51.81470936201953,36.5337600114458,224.69488144777438,1.2502981547272156,3,46.208353484594824,32.906620025634766
1786281144000264200,862.1802641601563,36.456815637929324,0.11551448702812195,0.8329671291315904,51.81449754626082,36.866815634353046,225.15411604680938,1.247039516107169,3,46.20801230610488,33.89084243774414
1786281145000284700,863.1802846679687,37.88643474597484,1.2692214027250808,7.258974516474684,51.81427939008529,38.29643474239856,225.11032450546992,2.000000040442494,3,46.207693931837376,33.519450706476725
1786281146000305000,864.1803049316406,38.00647560600191,1.1581719395250953,7.258974518321031,51.81406133808236,38.416475602425635,225.4530807172431,2.0000000962727635,3,46.20732809889929,34.50820174236319
1786281147000323800,865.1803237304688,38.2738327877596,1.157969744623778,7.2589744971259655,51.81384013806248,38.68383278418332,225.94224512440059,2.0000001928974256,3,46.206954993715165,35.34003854094245
1786281148000344800,866.1803447265625,37.95816763676703,1.2712449728775357,7.258972461338008,51.81361363944457,38.36816763319075,226.17727390344828,2.000000127720486,3,46.20656865403672,35.770737702180774
1786281149000364800,867.1803647460938,38.60325578134507,0.5059901012848259,7.258974517542811,51.8133912760029,39.01325577776879,227.16818864072286,2.000000259819674,3,46.20617799176665,35.23982224607232
1786281150000385000,868.1803850097656,39.24107474926859,0.46685035507546974,7.258895669871123,51.81317997477532,39.65107474569231,227.48575033940352,2.000000637771267,3,46.20580650857239,34.813641085692396
1786281151000404500,869.1804045410156,37.48798382451284,0.1474526971578598,0.8435518946327004,51.812988515110796,37.89798382093656,228.87411027636512,1.3647355596077104,3,46.205417453107785,33.44144058227539
1786281152000424400,870.1804245605468,37.49857276586153,0.14446011185646057,0.843721048536364,51.81279311916749,37.90857276228525,229.36275566996616,1.358780307540513,3,46.20505361082609,33.44144058227539
1786281153000444400,871.1804443359375,37.59904286545982,0.13987837731838226,0.8445349082646533,51.81260423126649,38.00904286188354,229.4865869996185,1.3602490115775614,3,46.20469374215867,32.77721405029297
1786281154000465000,872.18046484375,38.67688390985131,1.69290383278942,7.258948480971779,51.81236558764681,39.086883906275034,228.1415822369209,4.666749361904669,3,46.20433209192457,34.0283015153493
1786281155000484400,873.180484375,40.394620281644166,0.5570063036801663,7.258966206408578,51.8122253800178,40.80462027806789,230.51277698827647,2.0000001925470903,3,46.20400093697538,31.865996364990025
1786281156000504800,874.1805048828126,40.63894265051931,0.5009981310638003,7.25893781870839,51.81204509642689,41.04894264694303,231.50649176790512,2.506857987971758,3.0980692241763386,46.20363481078751,32.266861241685305
1786281157000525800,875.1805258789062,41.11792639642954,0.5061629712599738,7.2586165851863,51.81186540584658,41.52792639285326,231.73008154194036,2.5997348032973955,3.1027660320996118,46.203262965371124,32.75675620427474
1786281158000545500,876.1805456542969,40.71595151629299,0.5072423407301081,7.2589224725143255,51.81167791277433,41.12595151271671,231.17549161817792,2.7222013622570924,3.1615806978088408,46.20288518739539,33.54694419036796
1786281159000565500,877.1805654296875,40.74150806013495,0.5104568802655928,7.258954021836589,51.811491947418176,41.15150805655867,231.5717253704497,2.100501689459478,3,46.202499852702935,34.05110672796601
1786281160000585500,878.1805854492187,40.575857732445,0.49375831547183896,7.258946599061775,51.811297683225305,40.98585772886872,231.30286091040645,2.4001554805626486,3,46.2021093638747,34.443800279371544
1786281161000605700,879.1806057128906,38.05899029934364,0.1445535123348236,0.8455640256735039,51.81110368349879,38.46899029576736,229.6718080695309,1.3567093792757923,3,46.20170300624726,34.37674331665039
1786281162000626000,880.1806259765625,40.60186810605228,1.043255098545157,7.258971955707629,51.81090359513356,41.011868102476,229.52502776409958,2.4001553843019092,3,46.20135793774154,33.685675862046004
1786281163000646100,881.1806462402344,40.449560455046594,0.5163090829661136,7.258973448275727,51.81070890359361,40.859560451470315,228.60315094326515,2.000000227820678,3,46.20100673758799,32.88967880615843
1786281164000667000,882.1806669921875,40.25576363410801,0.4956767611799739,7.258973804154841,51.810513667110975,40.66576363053173,227.9104864941122,2.000000194632358,3,46.20066029026186,32.29145245156962
1786281165000686300,883.1806862792969,39.95748911704868,0.4947991117881022,7.258967215473255,51.810319904252516,40.3674891134724,227.51669031474123,2.0000002270707027,3,46.200321269951466,31.772759991459647
1786281166000706800,884.1807067871093,39.85286432970315,0.5357578866790979,7.25896415892104,51.81012730476897,40.26286432612687,227.13192478944566,2.1385363477275234,3,46.19998516945834,31.47411859308733
1786281167000726500,885.1807265625,39.702789928764105,0.5278824006537863,7.258967253481901,51.80992277384398,40.112789925187826,225.53150828925067,2.006138706366377,3,46.19966034518939,31.340792533066935
1786281168000747300,886.1807473144531,39.99150000046939,0.5102153888248124,7.258973262434204,51.8097312304741,40.40149999689311,225.2589976221038,2.003069432180667,3,46.199344763099674,30.642574166606572
1786281168997924400,887.1779243164062,39.58707750402391,0.5163002032147627,7.258645293783924,51.809540326088765,39.99707750044763,224.55040362379276,2.0002543070891368,3,46.199042504314605,29.888917650637982
1786281169997906200,888.17790625,39.63697329815477,0.5184230125577447,7.258896850662986,51.809345800959555,40.04697329457849,223.975140222767,2.063881107948838,3,46.19874118670651,29.75473532297402
1786281170997926700,889.1779267578125,39.35580808762461,0.5057782235509974,7.258850934603568,51.80915690724829,39.76580808404833,223.69860219125462,2.0067438768955164,3,46.198451024262454,29.186801410442747
1786281171997974000,890.1779741210937,39.18667328450829,0.5068035325713885,7.258747488687383,51.80897278454764,39.574428380467,223.19251029927838,2.003372002271952,3,46.198172965796594,28.148207131267075
1786281172998013200,891.1780131835937,39.06780139543116,0.5279498289937974,7.258772204380777,51.808798531953876,39.45555649138987,222.68449108087367,2.000499170972769,3,46.19791437782881,26.681717217676848
1786281173998097400,892.1780974121094,38.81844454538077,0.5194699079519227,7.258716471252477,51.80862366997272,39.20619964133948,222.1239911375992,2.000249730551504,3,46.19765882784301,26.278593444160013
1786281174998144500,893.17814453125,38.440741210244596,0.52520458454147,7.258493289966412,51.80844732263443,38.828496306203306,220.9218542700628,2.0000464680610257,3,46.19741513845241,25.860531620943316
1786281175998191400,894.17819140625,37.86758995056152,0.5376649857003617,7.257903797249037,51.80827223981777,38.25534504652023,220.27543281964643,2.0000233331657182,3,46.197177081821046,25.568888221760705
1786281176998277400,895.17827734375,37.50623518880457,0.5274704833602546,7.258280464050939,51.80809713327226,37.89399028476328,220.23648708379065,2.0000048883771497,3,46.19693781174627,25.575389480589493
1786281177998321400,896.1783212890625,37.25488192681223,0.5218227899350905,7.258539736101493,51.8079206172616,37.64263702277094,220.4489312564533,2.000002550710608,3,46.19669524506334,25.74599113940861
1786281178998366000,897.1783659667968,36.873089398257434,0.5179892150007075,7.258336117473092,51.80774160594929,37.260844494216144,220.68067827920143,2.000000688638309,3,46.196446788518834,26.246387147104283
1786281179998449700,898.1784497070313,36.324551958590746,0.5457399940873684,7.258046030659359,51.80755668694912,36.712307054549456,220.07958278891797,2.0000004016282102,3,46.196195562595065,26.872454227126152
1786281180998490400,899.1784904785156,36.94553174916655,0.694015400426663,7.258603197400385,51.807369259122275,37.33328684512526,219.61757565823473,2.000000416667529,3,46.19594499661294,27.115006216588988
1786281181998527000,900.1785268554687,36.22174103744328,1.4626481953450963,7.258973585435097,51.80718965592328,36.60949613340199,219.35639656748288,2.0000000191900775,3,46.19569724708133,27.41809625885526
1786281182998601700,901.1786018066406,35.3855605404824,0.6949954950632883,7.257913228158639,51.80696981578096,35.77331563644111,217.54121109724656,2.0000001507383183,3,46.195445269287184,28.06239622373426
1786281183998674000,902.178673828125,35.90599565021694,0.5207617431513237,7.25897448463881,51.80676992713382,36.29375074617565,216.68303133605008,2.0000003802807513,3,46.19520776324204,27.717014674029155
1786281184998744000,903.178744140625,35.95970487687737,0.5161600725899009,7.258974044379151,51.806572341470506,36.34745997283608,215.92878530431062,2.0000003776828916,3,46.19497696820364,27.204420099963386
1786281185998811000,904.1788107910156,36.05161687545478,0.5150778167141029,7.258967804462297,51.8063762367675,36.43937197141349,215.29989585716012,2.4337350386573138,3,46.1947530440161,26.797740994160925
1786281186998876000,905.1788759765625,35.863133657723665,0.5223148131261268,7.258969526437947,51.806182370456,36.250888753682375,214.69638482802645,2.8508927093844694,3.2772995260662494,46.19453770101992,26.2970727627901
1786281187998937000,906.1789370117187,37.95786426216364,0.5298286936963504,7.2488507718562545,51.805994692017904,38.34561935812235,215.70263790000405,2.856080946974517,3.2608641054168324,46.19431502188944,25.93564838896643
1786281188998995200,907.1789951171875,36.44466102309525,0.5330917781684045,7.258521996597507,51.80580223588768,36.83241611905396,214.0710373084524,2.168524437984584,3,46.194113902453196,25.62725071859809
1786281189999052500,908.1790524902344,37.054392255842686,0.5362101971507525,7.258780057761083,51.8056149424979,37.442147351801395,214.6612241908967,2.217748814371711,3,46.19389886770835,25.607523083274398
1786281190999107300,909.179107421875,37.21007606014609,0.5282320817478917,7.258836921634317,51.80542357902845,37.5978311561048,214.5205728401998,2.8935438394991517,3.272073948189851,46.19368608848577,25.82824214006464
1786281191999159800,910.1791599121094,37.68573890160769,0.5177214853402311,7.258214245920735,51.80522943904097,38.0734939975664,214.39154583485117,3.153375502493371,3.5597430182258494,46.19347250520129,26.078677137976438
1786281192999210500,911.1792104492188,37.55169290304184,1.4615101911075776,7.258968816779527,51.80503773321614,37.93944799900055,214.2580222149389,2.499174717472188,3,46.19325820903654,26.14865124628783
1786281193999260000,912.1792600097656,38.24920231103897,0.6654875490974319,7.258280076095304,51.80483811296277,38.63695740699768,213.6723024099656,2.4991749785634356,3,46.193049729801274,26.02961948026664
1786281194999307300,913.1793073730469,38.59821298252791,0.5253038952077509,7.2579053603500565,51.80465098433432,38.98596807848662,214.2623196934288,2.5964356370488155,3,46.192838167201515,25.515954365605282
1786281195999352600,914.1793525390625,38.80245409719646,0.5308392674460959,7.258131143698372,51.80446369886037,39.19020919315517,214.40585696111228,2.2212049978460473,3,46.19263101854925,25.330120822131647
1786281196999396600,915.1793967285156,39.32053459715098,0.5384883075771635,7.257217134830757,51.8042789212604,39.70828969310969,214.75950938349473,2.1106026829245113,3,46.192423906873486,25.15186661732147
1786281197999439600,916.1794396972656,40.65700051281601,0.5220465401002092,7.252546150579088,51.80409929375282,41.04475560877472,215.59359440464186,2.1288898147183217,3,46.19221243856134,24.891770128639788
1786281198999480800,917.1794807128906,40.54548696335405,0.546463697935553,7.257941117202068,51.80391852174789,40.93324205931276,215.85294114475198,2.064444900715158,3,46.192003022779,24.746448024715534
1786281199999521800,918.1795217285156,41.628101519308984,0.5463734020421595,7.254786618317182,51.803737607600965,42.015856615267694,216.7220902008915,2.0138405717318695,3,46.191783211368154,25.023827639533973
1786281200999561000,919.1795610351562,42.31185076199472,0.5358494170718046,7.256189985457846,51.803562866093586,42.69960585795343,218.38080080534104,2.00692041726205,3,46.19155442072059,25.14063853928377
1786281201999598800,920.1795988769532,43.05955363996327,0.535719113756317,7.256505077296641,51.80338577519056,43.44730873592198,218.30919520382864,2.001498232589389,3,46.191330747356375,25.133165525655404
1786281202999637000,921.1796369628906,43.69683694560081,0.5245016964624193,7.256190248519106,51.80320994855129,44.08459204155952,218.94915865426918,2.000749275776489,3,46.19109872426845,25.182780442725786
1786281203999672000,922.1796721191406,44.369274439290166,0.5306920085051037,7.255927327067551,51.80303402891561,44.757029535248876,219.56404370381128,2.1009609608867006,3,46.19086284104438,25.321460559991475
1786281204999707600,923.1797077636719,44.99040111806244,0.5180737559345624,7.256404110156099,51.802858045140624,45.378156214021146,219.8461502767276,2.050480757001469,3,46.19062538755235,25.45120240330336
1786281205999741400,924.1797414550781,46.42467694636434,0.5315457028843396,7.251281799867044,51.80268567053965,46.81243204232305,220.83754410057767,2.0103415881560274,3,46.19038189676198,25.531753945177883
1786281206999776000,925.1797758789063,46.327846388332546,0.5390249193696601,7.2579218277533535,51.802513448579454,46.715601484291255,220.9318176392386,2.005171027981149,3,46.19014209759642,25.293040049132827
1786281207999808800,926.1798088378906,47.237056649290025,0.5329916440337485,7.255876921740402,51.80235101219762,47.624811745248735,222.25329735769876,2.508390583775347,3,46.18989984888558,24.704265128178594
1786281208999841800,927.179841796875,47.58234176877886,0.534221282846694,7.257310628586062,51.80219208827348,47.97009686473757,222.8411445607949,2.5040581403031217,3,46.18966295387617,24.199731331124053
1786281209999873300,928.1798732910156,47.96217299439013,0.5351483173707486,7.257607413848611,51.80203656437682,48.34992809034884,223.63348213745488,2.1181718844086257,3,46.189422124811315,24.03257369139549
1786281210999904300,929.179904296875,48.45888988301158,0.5280462273528697,7.257326682984751,51.8018803624949,48.84664497897029,224.09439736487366,2.059086090427726,3,46.18917773328483,24.220465056951745
1786281211999935200,930.1799353027344,49.03369828220457,0.5308456852238147,7.257048363468947,51.801724612386124,49.42145337816328,224.7475217419217,2.2404737864161,3,46.18892765098895,24.435287275604296
1786281212999964700,931.1799645996093,49.50832610297948,0.5294751383839706,7.257530235435753,51.80156858603479,49.89608119893819,225.04820793266535,2.1202370227528737,3,46.18867599557372,24.58854907813586
1786281213999995000,932.1799948730469,49.98101521469653,0.5309784992290874,7.257561713354891,51.801415792864915,50.368770310655236,225.7201680337373,2.0267121885101353,3,46.188422896650486,24.377600929382567
1786281215000023800,933.1800239257813,50.31100729200989,0.532499388711654,7.258007403041305,51.80126878491266,50.6987623879686,226.28658064148584,2.0133561981731143,3,46.18817446669587,23.815261796687764
1786281216000052500,934.1800524902344,50.71262696478516,0.53179834487254,7.258075444629467,51.80112361055281,51.10038206074387,226.6549002181841,2.0032642173723754,3,46.18792636972666,23.599022886097305
1786281217000081200,935.1800810546875,50.803517752327025,0.5299791507742687,7.258959971835114,51.80097916801518,51.191272848285735,227.328379632654,2.0016322058457146,3,46.18767258303626,23.776295936969632
1786281218000108500,936.1801086425781,51.200562295503914,0.5434422229775482,7.258668565695574,51.80083768207422,51.588317391462624,228.6388261608313,2.2377044049820944,3,46.18741217775792,23.893474128727547
1786281219000137000,937.1801369628906,51.52289457060397,0.5653043484806085,7.258636908290852,51.80069757333003,51.910649666562676,230.26217744642187,2.393271204809736,3,46.187140507574895,24.179955065146945
1786281220000163600,938.1801635742188,51.64630830101669,0.7052016797341091,7.258886404820752,51.800560147115576,52.0340633969754,230.38028033651844,2.393271198723,3,46.186873055512436,23.965089380464676
1786281221000190200,939.1801901855468,51.46112678106874,0.556552327263678,7.258952080816347,51.80042843280175,51.84888187702745,230.84871809733843,2.0000002783961253,3,46.18660941450008,23.516432980886275
1786281222000216600,940.1802165527344,51.55691666249186,0.5493099460383876,7.2589600208999405,51.8002983398771,51.94467175845057,231.13710775772668,2.0000002650740494,3,46.18634857076238,23.154881442126904
1786281223000243500,941.1802434082031,51.91506228130311,0.5468063965656638,7.2588135900207895,51.80017250371975,52.30281737726182,231.67714351704922,2.000000282892639,3,46.186090240199995,22.77802198191431
1786281224000269000,942.1802690429688,52.063375749625266,0.5403129058253466,7.25873167071883,51.80004862746459,52.451130845583975,232.26853684543892,2.000000270667482,3,46.18582902516792,22.72087280880595
1786281225000295200,943.1802951660156,52.04770511202514,0.5438281394026871,7.258953089571773,51.7999241344504,52.43546020798385,232.1447700623872,2.00000020489072,3,46.185572609487025,22.46169167117036
1786281226000320800,944.1803208007813,51.945580665022135,0.5543219398651088,7.258968443522739,51.799803401267894,52.333335760980844,232.97675340492165,2.000000164819478,3,46.185313871020824,22.319390487437154
1786281227000346000,945.1803461914062,51.739223750308156,0.5467209460032267,7.258971142639258,51.79968859320124,52.126978846266866,234.4371418042394,2.000000179098489,3,46.18505095786369,22.271207805176324
1786281228000371200,946.18037109375,51.563556749373674,0.5547773929177012,7.25895553535058,51.799577992710596,51.951311845332384,236.2908469133232,2.000000094196549,3,46.18477891712948,22.410986090556086
1786281229000396300,947.1803962402344,51.28021518699825,0.550517804095887,7.258661384759051,51.79947014571523,51.66797028295696,237.54261122469464,2.000000112100978,3,46.18450263006615,22.496820293136608
1786281230000422000,948.180421875,51.32394958753139,0.547504571869106,7.25896188283005,51.79936160407301,51.7117046834901,237.63206534577267,2.0000000941901885,3,46.1842289876626,22.39089336705661
1786281231000446000,949.1804460449218,50.131429048255086,0.5440267589698836,7.254615309225315,51.799250512671286,50.519184144213796,236.88332163651276,2.000000074238843,3,46.18395823341664,22.411449132556008
1786281232000470300,950.1804702148437,50.28946777060628,0.5462292447489466,7.2585601579708054,51.799146638695184,50.67722286656499,238.36118924190853,2.000000070736499,3,46.18367736833791,22.52702813600832
1786281233000494800,951.1804948730469,50.18439702875912,0.5443158755390752,7.258783426141878,51.79903414501497,50.57215212471783,238.17026634775067,2.000000123904866,3,46.183391862517624,23.047652263277612
1786281234000519700,952.1805197753906,49.96031768899411,0.5322545556139331,7.258658827136682,51.79891951427201,50.34807278495282,238.38856758853794,2.000000036729849,3,46.18309312126139,23.97759514839901
1786281235000544300,953.1805441894531,49.64748003613204,0.5228356024594064,7.258425723475764,51.798803393128885,50.03523513209075,239.7122457393871,2.00000004024613,3,46.1827693729217,25.51509479572582
1786281236000567800,954.1805678710938,49.32278619799763,0.5191660836057099,7.258537547711923,51.79868562567288,49.71054129395634,241.22733181814579,2.000000017876849,3,46.18242265185391,27.028104499536404
1786281237000592000,955.180591796875,48.986938962712884,0.5063824233027718,7.258658106101691,51.79857083104918,49.374694058671594,242.22713366426623,2.000000003257767,3,46.182066713848215,27.478610928430097
1786281238000615200,956.180615234375,45.816322201929054,0.14082609117031097,0.8348817698941625,51.798470117704355,46.204077297887764,244.53402649591186,1.2323582144635552,3,46.18169164117875,27.58613395690918
1786281239000638500,957.1806384277344,45.65756809543027,0.14139243960380554,0.8298254555567962,51.79835649440592,46.04532319138898,244.69118914871387,1.257117295472952,3,46.181306949850715,28.6578311920166
1786281240000662500,958.1806625976562,45.52425952812286,0.13739673793315887,0.8251575548676213,51.79823902680748,45.91201462408157,244.73221126486897,1.2692539519499193,3,46.18090559342677,31.17951202392578
1786281241000685300,959.1806853027343,45.81407118518106,0.162791445851326,0.8341404809258046,51.798118512997405,46.22407118160478,245.23834194274525,1.245108901730665,3,46.18048857511271,32.2235221862793
1786281242000709000,960.1807092285156,45.980841704773034,0.14962702989578247,0.82506449354018,51.797997846977154,46.390841701196756,246.66210170542357,1.247382805845224,3,46.18005681514728,32.2235221862793
1786281243000733400,961.1807333984375,45.98092303518206,0.3080157138809422,7.258974518679907,51.79788311532282,46.39092303160578,246.6617646783165,2.0000000001344262,4.81007111194281,46.17962793726328,32.22352218586942
1786281244000756500,962.1807565917969,46.099609832279384,0.3080157138806738,7.258974518679309,51.79777106871833,46.509609828703105,248.1318726522106,2.000000000138868,4.736548870597533,46.17916011742341,33.31086349442031
1786281245000778800,963.1807788085938,46.45158120337874,0.30801571388022897,7.258974518679684,51.79765986366143,46.86158119980246,249.13508370604427,2.000000000149098,4.672574191624845,46.17866546966089,35.03698730416072
1786281246000802600,964.1808024902343,46.545468935742974,0.3080157138800438,7.25897451867931,51.79754929152133,46.955468932166696,249.7866132708515,2.000000000147741,4.571325293052247,46.17817237009637,35.73108291570106
1786281247000825300,965.1808254394531,46.5381978712976,0.30801571388004395,7.258974518679578,51.797441849416394,46.94819786772132,250.1324727196278,2.0000000001428853,4.502925948063518,46.17768061674469,35.73108291570107
1786281248000849000,966.1808488769532,46.78143590409309,0.30801571388003324,7.258974518679491,51.797331314197585,47.19143590051681,249.86724303833165,2.0000000001418843,4.484206207924792,46.17719000097241,35.77046203557226
1786281249000872200,967.1808720703125,47.00234271865338,0.30801571388007953,7.2589745186798735,51.79721679987319,47.4123427150771,249.3575637664794,2.0000000001407834,4.487954285125739,46.176708367737085,35.59785079900805
1786281250000895500,968.1808955078125,47.35207622498274,0.3080157138800794,7.2589745186796,51.79710344957379,47.76207622140646,249.10410291371525,2.000000000147338,4.58105584592984,46.176229824463086,35.59785079900804
1786281251000918000,969.18091796875,47.486111297272146,0.3080157138802384,7.258974518679159,51.79699167569783,47.89611129369587,248.68981835544074,2.00000000014763,4.655965812747638,46.175770362999636,35.000579833459206
1786281252000940300,970.1809401855469,47.93120164517313,0.3080157138804307,7.2589745186792936,51.79688270413454,48.341201641596854,248.5862807559448,2.0000000001346296,4.552394062498753,46.17532463100366,34.26457214306195
1786281253000963300,971.1809633789062,48.340445722453296,0.30801571388056403,7.2589745186797225,51.79676929901102,48.75044571887702,248.30434358713518,2.0000000001232014,4.434702185298313,46.174881296508644,33.74463653517388
1786281254000985600,972.1809855957031,48.7266256576404,0.30801571388051013,7.258974518679117,51.79666079420016,49.13662565406412,249.04036072315063,2.0000000001189804,4.341629214305068,46.17442140682935,33.95660781812396
1786281255001009000,973.1810087890625,49.10464380774647,0.30801571388051024,7.258974518679167,51.796554856964526,49.51464380417019,249.63772764639197,2.0000000001162013,4.296132538133401,46.17395189198122,33.95660781812398
1786281256001032000,974.1810319824219,49.5975978160277,0.3080157138803075,7.258974518679568,51.7964373610405,50.00759781245142,248.8505965683461,2.000000000121863,4.300000370639017,46.173465353733924,34.73814010568773
1786281257001054700,975.1810546875,49.87446031346917,0.3080157138799026,7.258974518679255,51.79631463831315,50.28446030989289,248.76587272244885,2.0000000001342664,4.322532172162819,46.17295858064021,36.250125884426325
1786281258001077200,976.1810771484375,50.161500537768006,0.30801571387990295,7.258974518679294,51.796207584500245,50.57150053419173,250.14482978864044,2.000000000136777,4.358626978549723,46.17246174420852,36.25012588442636
1786281259001100000,977.1811000976562,50.71580902021378,0.30801571388000576,7.258974518679288,51.79610963824287,51.125809016637504,251.4556328435018,2.0000000001397997,4.44310719941233,46.171972999627286,35.87363433781354
1786281260001122600,978.1811225585938,51.3137510754168,0.30801571388020493,7.258974518679492,51.79601629303088,51.723751071840525,251.91096076952067,2.000000000137378,4.492173478786625,46.17149934482674,35.13064575142218
1786281261001145000,979.1811450195313,51.52566615026444,0.3080157138805616,7.25897451867905,51.79591966283686,51.93566614668816,251.31592399074162,2.000000000129227,4.529913751514839,46.17104833781284,33.757175445085544
1786281262001167000,980.1811669921875,51.69376099482179,0.3080157138805615,7.2589745186794605,51.79581934944623,52.10376099124551,250.7817019104169,2.000000000131444,4.5647920787231975,46.17058663960605,33.75717544508553
1786281263001190100,981.1811901855468,53.611760806292295,1.265727989935355,7.258970086042827,51.79572678855141,54.02176080271602,250.5549944295316,2.0688430285684287,3,46.17016149531179,32.763314951964745
1786281264001213000,982.181212890625,53.88037572149187,1.26702430185615,7.2589706839844705,51.79562758841231,54.290375717915595,250.03692936689663,2.034421531857891,3,46.16973312765522,32.12978429510858
1786281265001235500,983.1812353515625,54.23423088248819,1.2651714925614606,7.258969059871855,51.79552907747569,54.64423087891191,249.55928667443968,2.181123357686058,3,46.16931755394866,31.508633658775917
1786281266001257500,984.1812575683593,54.41221779678017,0.49413514327471175,7.258350929452058,51.79542276868502,54.82221779320389,248.4996655137648,2.0905617476441,3,46.16893887068681,30.29710128780133
1786281267001280500,985.1812805175781,54.651323861442506,0.49459454009213344,7.258566397232588,51.79532648507461,55.06132385786623,248.53548008630156,2.612610186802049,3,46.168543606300574,29.397245132191703
1786281268001302800,986.181302734375,54.97725880239159,0.5028999589826424,7.258618830381937,51.79523346581521,55.38725879881531,248.58082298576446,2.306305138279406,3,46.168160657201454,28.55755906354758
1786281269001325300,987.1813251953125,55.12947879079729,0.5069351772861705,7.258747344423953,51.795143281194186,55.539478787221014,248.79045090119786,2.0405896011311717,3,46.16778293504138,27.980806697416917
1786281270001348000,988.1813481445313,55.39888256788254,0.5071623138700865,7.258713329525383,51.795053153786085,55.80888256430626,248.61159182763578,2.0203440708285565,3,46.16741328999725,27.440419562647758
1786281271001370400,989.1813703613282,55.70020651817322,0.5074350070970199,7.258423241705092,51.79496483003537,56.11020651459694,248.56381112869514,2.0032094435986045,3,46.16704964860208,27.039496694235268
1786281272001392400,990.1813923339844,55.715377015993,0.5080589436945967,7.258787854121016,51.794875193975244,56.12537701241672,248.20003530389482,2.0016047656038065,3,46.166686472241985,26.932658767946577
1786281273001414700,991.1814145507813,55.93909823242575,0.5142492440154499,7.25872140490508,51.794784463177706,56.34909822884947,247.94873196068357,2.0002684826787136,3,46.166327729716755,26.70390585970019
1786281274001436700,992.1814367675781,56.02078573778272,0.5111999162854779,7.258862489688699,51.79469462583752,56.43078573420644,247.75166160863768,2.000134287336101,3,46.16597417014237,26.382018541294833
1786281275001459200,993.1814592285157,56.565326689742506,0.5149405456994552,7.258118386835233,51.7946054189088,56.97532668616623,247.77545732362472,2.0000243015160257,3,46.165620855033296,26.3465328693083
1786281276001482000,994.1814819335938,56.86670298688114,0.5142552033755621,7.258125293497354,51.794510643082894,57.27670298330486,247.33846105979603,2.0000122207549325,3,46.16525744284171,27.048313899346407
1786281277001504300,995.1815041503907,57.417245430871844,0.5078372651333103,7.257225751263505,51.794412133558424,57.827245427295566,247.15018421121084,2.0000020644122456,3,46.164877183731036,28.24027003492929
1786281278001525800,996.1815258789062,57.553405560553074,0.503883911388795,7.258434980920463,51.79430362722893,57.963405556976795,246.13086293238712,2.0000011205684154,3,46.16448544730889,29.392579286144795
1786281279001549300,997.1815493164063,58.1834620796144,0.5152943795214593,7.257564519973294,51.794192112001355,58.59346207603812,246.30199885914448,2.4529509145687247,3,46.16407811857225,30.511789066904402
1786281280001571000,998.1815710449218,58.672082527540624,0.49192612144336906,7.25789527796016,51.79408082491079,59.082082523964345,246.8478299956354,2.226475552487287,3,46.163657883995434,31.411430859765098
1786281281001593600,999.1815935058594,59.21279604639858,0.49057800675994134,7.257604827729227,51.7939694338997,59.6227960428223,247.56618020200756,2.01327966703672,3,46.163221708702075,32.40914541598462
1786281282001615600,1000.1816157226563,59.852009317837656,0.4714446683393795,7.257383005061788,51.79386026414829,60.26200931426138,247.94498632870457,2.0066400172363594,3,46.16278511900777,32.43612639794661
1786281283001638100,1001.1816381835938,58.38722184282436,0.12465286254882812,0.8148954090830888,51.79374887744492,58.79722183924808,246.95583399068,1.2685750763937413,3,46.162346300174846,32.02460479736328
1786281284001661000,1002.1816608886719,59.06661542898181,0.12545889616012573,0.8142015579129507,51.793638461495924,59.476615425405534,246.17060129274944,1.25866120957082,3,46.1619384505375,30.339054107666016
1786281285001683500,1003.1816833496093,59.856379172422535,0.12238204479217529,0.8130874900262981,51.793527594315144,60.26637916884626,245.70779450477858,1.2500120703041284,3,46.16154168338824,30.339054107666016
1786281286001705700,1004.1817058105469,60.690073625515524,0.1207665428519249,0.8139825116118342,51.79341947171927,61.100073621939245,245.5204424158451,1.2414023856196237,3,46.161156220084024,29.547060012817383
1786281287001728000,1005.1817280273438,61.569563323406754,0.1491883397102356,0.8278819465728102,51.79331269134456,61.979563319830476,245.34647749768487,1.2387099583232937,3,46.160780810836414,28.8121280670166
1786281288001750500,1006.1817504882813,62.655071236950405,0.17378480732440948,0.8370998204662713,51.793208135447095,63.06507123337413,245.17464359854569,1.2234766329070357,3,46.16041312420581,27.427461624145508
1786281289001772000,1007.1817719726563,62.65513018053025,0.3080157138820214,7.258974518679851,51.793104638066346,63.06513017695397,245.1743600926208,2.0066397418725113,4.920338536386463,46.160052330046014,27.42746162389274
1786281290001795300,1008.1817954101563,63.1484484737739,0.3080157138820214,7.258974518679475,51.79299944802338,63.55844847019762,245.01865945868332,2.0066397418733604,4.939044555274047,46.159697250354185,27.427461623892736
1786281291001817000,1009.1818171386719,63.850651141256094,0.30801571388216314,7.258974518679373,51.79290053280797,64.26065113767982,244.8952043993337,2.0066397418688147,4.952645089542645,46.15936260917703,26.73377609229522
1786281292001839000,1010.1818391113281,64.66533715557307,0.3080157138823029,7.258974518679105,51.79280361232964,65.07533715199679,244.66465228181113,2.0066397418651194,4.986575622699831,46.159033962342576,26.03185844399775
1786281293001861400,1011.181861328125,65.24042954482138,0.30801571388253657,7.258974518678859,51.79271086521747,65.6504295412451,244.54689895029878,2.006639741856001,4.973836359573566,46.15871991289108,24.813606262019853
1786281294001883400,1012.1818833007812,65.67264302354306,0.30801571388253657,7.25897451867957,51.79261519110614,66.08264301996678,244.64219354886743,2.006639741854785,4.94125455614707,46.15839996047037,24.813606262019853
1786281294999114500,1013.1791145019531,66.13208429329097,0.30801571388266086,7.258974518679029,51.792525495487304,66.5420842897147,244.31831357143463,2.0066397418512083,4.967493757821677,46.15809948873949,24.208518981760744
1786281295999101000,1014.1791008300781,66.98270296957344,0.3080157138827656,7.258974518679713,51.79243623537012,67.39270296599716,243.97907840573777,2.006639741849599,5.033358310173783,46.1578029150198,23.55950546248628
1786281296999123500,1015.1791235351562,67.28751515597105,0.3080157138828637,7.258974518679182,51.792347305327965,67.69751515239477,243.65534747060263,2.0066397418451003,5.008786911937397,46.157516433505414,23.00000381454819
1786281297999121000,1016.1791208496094,67.56961766630411,0.3080157138830433,7.258974518679708,51.79226035920587,67.97961766272783,243.30486097456554,2.0066397418360133,4.927180148333638,46.15724402571086,21.941787719597137
1786281298999118000,1017.1791181640625,67.68971168063581,0.30801571388304316,7.258974518679727,51.79216997948462,68.09971167705953,242.88946335002288,2.0066397418116138,3.9970309657557603,46.156963758894896,21.94178771959713
1786281299999151000,1018.1791511230468,68.08590770605952,0.3080157138831241,7.258974518679294,51.79208291452465,68.49590770248324,242.4939602035829,2.0066397418107176,4.038290824638338,46.15669824991468,21.446456909058814
1786281300999153700,1019.1791535644531,68.39804169628769,0.3080157138832012,7.258974518679215,51.79199994750835,68.80804169271141,242.6239023350965,2.0066397418101136,4.0922905647367,46.15643712129759,20.965936660653686
1786281301999155200,1020.1791552734375,68.92279960867018,0.30801571388336013,7.2589745186800805,51.791921181655276,69.3327996050939,242.8004045153403,2.006639741806903,4.121310151271653,46.15618902846564,19.93635177602596
1786281302999196400,1021.1791965332031,69.32455314323306,0.30801571388336,7.258974518679541,51.79184148812207,69.73455313965678,242.986349242518,2.0066397418072377,4.137906150200834,46.15593409817225,19.936351776025955
1786281303999203300,1022.1792033691406,69.64410797227174,0.3080157138834189,7.258974518679554,51.79176356934629,70.05410796869546,243.03364539486992,2.0066397418058535,4.140695034687119,46.155685598814124,19.54229736318981
1786281304999208400,1023.1792084960938,70.0856138234958,0.30801571388341886,7.25897451867921,51.791683580853956,70.49561381991953,242.88608624918066,2.006639741805895,4.142835485955752,46.1554326190901,19.542297363189803
1786281305999249700,1024.1792497558595,70.39578391611576,0.30801571388332205,7.2589745186802475,51.791595326354205,70.80578391253948,241.79907079253465,2.006639741807095,4.085565688951923,46.15517185372433,20.186328887838652
1786281306999255300,1025.1792553710939,71.03133004213703,0.11887849867343903,0.8395627439922956,51.79150551701078,71.44133003856075,242.55008876845494,1.1857282626064214,3,46.1548927919504,20.815488815307617
1786281307999260400,1026.179260498047,71.03136402089149,0.3080157138832249,7.258974518679023,51.79141928054084,71.44136401731521,242.54987841167664,2.006639741808886,4.061584532875009,46.15462508233071,20.815488815197114
1786281308999300900,1027.17930078125,72.56132750958204,1.2659613220614723,7.2589710497698166,51.791318594430166,72.97132750600576,241.52382358684216,1.9999999938608433,3,46.154336548022805,23.224050556242425
1786281309999345700,1028.179345703125,72.65485076699406,0.7391568205777634,7.258972471499292,51.79120043026097,73.06485076341778,240.95460272492844,2.0000000204382204,3,46.154005864623706,24.819810074230418
1786281310999389700,1029.1793896484376,71.75851984089093,0.11948603391647339,0.8270210759331241,51.79107950456918,72.16851983731465,243.25980006473264,1.22048559640933,3,46.15360247446778,26.668333053588867
1786281311999433000,1030.1794328613282,72.20198382542527,0.11958155781030655,0.8262440885541823,51.79096256050166,72.611983821849,243.59293571131082,1.236605187313758,3,46.15322670531205,28.127696990966797
1786281312999473700,1031.1794736328125,72.2538465473327,0.11626098304986954,0.8249049445900366,51.79084047481904,72.66384654375642,243.44264422881386,1.2462055553967162,3,46.152834439784776,30.904163360595703
1786281313999513000,1032.1795131835938,72.13903077708478,0.11522349715232849,0.8253738264043875,51.79071352474584,72.5490307735085,243.35788158121403,1.2606417481628838,3,46.152425545007596,31.953243255615234
1786281314999552300,1033.1795522460939,72.15437900478005,0.11204875260591507,0.8267590207845777,51.79058307810403,72.56437900120378,243.511629139431,1.2673433525002862,3,46.15200167249604,31.953243255615234
1786281315999591000,1034.1795908203126,72.15445898659527,0.3080157138810069,7.258974518679357,51.79045498928859,72.564458983019,243.51130345686977,2.0000000001276854,4.734312913777077,46.15158718865858,31.953243255215508
1786281316999629000,1035.1796291503906,72.19311970077598,0.14145582914352417,0.836818235245567,51.790327079546266,72.6031196971997,243.7946311975013,1.3254807059239897,3,46.15116161387746,31.710968017578125
1786281317999665000,1036.1796647949218,71.99498928032304,0.14445726573467255,0.8379904131010175,51.7902023089254,72.40498927674676,244.475136604888,1.3529708218755345,3,46.150755104558655,31.710968017578125
1786281318999701000,1037.1797009277343,72.16424884661795,0.13935761153697968,0.8366171715518746,51.790081889712916,72.57424884304167,244.94968448804218,1.346328469475229,3,46.15035439494888,31.066341400146484
1786281319999736000,1038.1797360839844,72.15704991226602,0.13561871647834778,0.8377475678595118,51.78996466733003,72.56704990868974,244.37903584326594,1.3131770462145753,3,46.14995912430023,30.4521541595459
1786281320999770000,1039.1797700195314,72.71175754843064,0.14570607244968414,0.84390999931645,51.789848962124125,73.12175754485436,243.83420531355236,1.2798793509752056,3,46.149571355892746,29.234683990478516
1786281321999805400,1040.1798054199219,72.89513611028627,0.15187238156795502,0.8471033261968426,51.78973488859814,73.30513610671,243.22482949618217,1.2617099274271502,3,46.149193742904146,29.234683990478516
1786281322999835600,1041.1798356933593,73.35792415283042,0.15004824101924896,0.8470726437064304,51.789620341123076,73.76792414925414,242.99862729124968,1.2484161665086437,3,46.14882605886595,28.670101165771484
1786281323999869200,1042.179869140625,73.3579885577783,0.3080157138817579,7.258974518679117,51.78950335301992,73.76798855420202,242.9983363975877,2.0000000001062466,4.806089636538892,46.14845584467184,28.670101165482734
1786281324999901200,1043.1799011230469,73.85107217170298,0.3080157138818822,7.258974518679729,51.789392398845365,74.2610721681267,242.93456213995285,2.000000000104112,4.851517147526015,46.14810442671418,28.090002059664943
1786281325999932000,1044.1799318847657,74.55981935746968,0.30801571388222576,7.258974518679491,51.78929101107162,74.9698193538934,243.1928279145853,2.000000000091046,4.826089283900444,46.14777812412324,26.419925689471306
1786281326999963000,1045.179962890625,75.46540472004563,0.3080157138822258,7.258974518679268,51.78918727948461,75.87540471646935,243.53226019740782,2.000000000087849,4.748050838816583,46.147435792463654,26.419925689471313
1786281327999993300,1046.179993408203,75.81299367640167,0.3080157138823422,7.258974518679461,51.78908724477331,76.2229936728254,243.64893923983126,2.000000000081473,4.683354564623715,46.147110358085904,25.82972145059452
1786281329000023800,1047.1800239257811,76.11239535082132,0.30801571388238574,7.258974518679626,51.78898191836174,76.52239534724504,243.26258593006293,2.000000000082309,4.7426063531713325,46.14678238674484,25.605199813637086
1786281330000053500,1048.1800534667968,76.503476832062,0.3080157138824872,7.258974518679005,51.788879989148825,76.91347682848573,243.01924589245863,2.0000000000788756,4.740957091889743,46.14646393520018,25.07486724834198
1786281331000082000,1049.18008203125,77.10168409813195,0.30801571388248716,7.258974518679771,51.788778795493776,77.51168409455568,243.11518251382023,2.000000000079171,4.749058397521384,46.14614229301724,25.07486724834198
1786281332000110800,1050.1801108398438,77.72138715349138,0.30801571388252275,7.258974518679888,51.78867846177419,78.1313871499151,243.15247717864165,2.000000000077779,4.743339753834056,46.14582469255322,24.886396407892203
1786281333000139800,1051.1801398925782,78.3245241753757,0.30801571388252275,7.2589745186795,51.78857664091049,78.73452417179942,243.26551655827546,2.0000000000794014,4.788215954028202,46.145496690874005,24.886396407892207
1786281334000168000,1052.18016796875,79.08075094223022,0.30801571388254073,7.258974518679893,51.78847739853458,79.49075093865395,243.4640706939371,2.000000000079746,4.814657343435649,46.14517340186669,24.790618896297705
1786281335000196400,1053.1801962890625,79.47329505253583,0.30801571388248805,7.258974518679489,51.78837545480981,79.88329504895955,243.31174130834373,2.000000000078665,4.736054609569115,46.14484731143577,25.07012557964092
1786281336000224000,1054.1802241210937,82.25328817218542,1.2665583100170215,7.258945709483993,51.78827153967978,82.66328816860914,243.23931774789247,2.000000035699183,3,46.14453784876567,25.354733910040316
1786281337000251600,1055.1802517089843,82.79063074383885,1.2622922129476406,7.2589509637235565,51.78816869313054,83.20063074026257,243.1451842205937,2.0000000191986587,3,46.14421373266573,25.26270711868113
1786281338000279600,1056.1802795410156,83.32879076898098,1.2678370650721784,7.258951081057858,51.788069490835596,83.7387907654047,243.1351000090017,2.000000020415359,3,46.143899672179685,24.762660660993912
1786281339000305700,1057.1803056640624,83.86035242117941,1.2661297169826848,7.258949207385111,51.78796868412924,84.27035241760314,243.09626727814705,2.000000010144184,3,46.14358057184371,24.73121425773671
1786281340000332500,1058.1803325195312,84.5493201604113,1.265643553207496,7.258947528832612,51.78786574169415,84.95932015683502,243.23461076324924,2.0000000390667503,3,46.14325342944721,24.987830132396827
1786281341000359700,1059.1803596191405,85.29224460292608,1.1602540189174462,7.2589369274805176,51.787763926659814,85.7022445993498,243.0150246179162,2.0680753437225365,3,46.142917465123595,25.426553914024804
1786281342000385800,1060.1803857421876,86.00687660090625,1.2623767199210825,7.258941951297073,51.787655720325404,86.41687659732997,242.74703661333018,2.0134823491775338,3,46.14258165170266,25.881262136920988
1786281343000412000,1061.1804118652344,86.65188891626894,1.4578306241240628,7.258947953486197,51.787546425919075,87.06188891269267,242.78911881580484,2.006741173058086,3,46.14224197909531,26.289599437947167
1786281344000438000,1062.1804379882813,87.45728532969952,1.996582529899239,7.25894461889308,51.787438368983125,87.86728532612324,242.7883449699082,2.633876585927952,3,46.14190311943652,26.2908286508544
1786281345000464400,1063.1804643554688,88.15142664592713,1.4616275928319415,7.258947628833547,51.78732541713939,88.56142664235085,243.0254012099963,2.0000000004907195,3,46.14154673014609,27.09217235527976
1786281346000490800,1064.1804907226563,88.71749047469348,2.065558419733752,7.258957212602805,51.78721497280566,89.1274904711172,243.0255138974223,3.001633422548608,3,46.14119683921058,27.09185394828238
1786281347000516000,1065.1805161132813,89.4062948198989,1.1541265612870464,7.258948642230862,51.78710690875628,89.81629481632262,243.4174664128895,2.0000000202619748,3,46.14083151625949,27.02386948615874
1786281348000541400,1066.1805415039062,89.91267225984484,1.2728146149693034,7.258946391105641,51.78699936650961,90.32267225626856,243.27299774042683,2.3939054177610006,3,46.14048521519639,26.624599731734694
1786281349000567000,1067.180567138672,90.40799905639142,0.5507604512736255,7.2569494552233,51.78689116004136,90.81799905281514,243.16852716367464,2.5549268953697246,3,46.14014267641692,26.651611426229653
1786281350000592100,1068.1805920410156,90.6546141486615,0.53378261821962,7.2579665749894895,51.78678246175297,91.06461414508522,242.8621945355613,2.291956075996007,3,46.13980144335942,26.490948915004886
1786281351000617700,1069.1806176757811,91.07792455516756,0.5240765491513736,7.25795542581526,51.786674532514795,91.48792455159128,242.83223100781288,2.145978106838095,3,46.139462399407165,26.355933199979056
1786281352000643300,1070.1806433105469,91.46770654153079,0.52421037625039,7.257943724290567,51.786567089717856,91.87770653795451,242.9661298189706,2.241396159422117,3,46.139122732813576,26.377288947396316
1786281353000668200,1071.1806682128906,91.81766051985323,0.5225339600687997,7.258160858944153,51.7864583985641,92.22766051627696,243.12158612202586,2.319938751958365,3,46.138777666319456,26.65105296740465
1786281354000692700,1072.180692626953,92.07868500705808,0.5168123062993462,7.258328029607844,51.78634910533285,92.4886850034818,243.23846856184986,2.055807451963788,3,46.13842830957026,26.96459946470755
1786281355000717600,1073.1807175292968,92.27171429619193,0.5184488512166794,7.2585459670740695,51.78623659339727,92.68171429261565,243.00543230595753,2.0279037573093848,3,46.138075106414895,27.35087271374631
1786281356000743400,1074.1807434082032,92.83623916376382,1.4614890136316998,7.258967357654201,51.78612848263295,93.24623916018754,243.17355498346114,2.004462680481017,3,46.13773022442124,27.332096912344962
1786281357000767700,1075.1807678222656,93.03287109360099,0.6672114801740162,7.258382497752484,51.786011558305546,93.44287109002471,242.7605722410945,2.004462689117101,3,46.13736094175711,27.721368492075417
1786281358000792600,1076.1807924804687,93.24314603768289,0.5187351305135263,7.258450021506367,51.785888690419675,93.65314603410661,241.1862063554255,2.002231428998569,3,46.137011923368846,27.5207436376915
1786281359000817700,1077.180817626953,93.38945869542658,0.5091924980771706,7.258773405879893,51.785766082942686,93.7994586918503,240.263423813043,2.0003439923094586,3,46.136667802499964,27.3580296632069
1786281360000842000,1078.1808420410157,93.45279744826257,0.5133825076586791,7.2588592254570825,51.78563866038201,93.8627974446863,239.18671131324604,2.0001720809581696,3,46.13632490846448,27.519869209539703
1786281361000866000,1079.1808659667968,93.40925479400903,0.5061019204969108,7.258959455589419,51.7855065846265,93.81925479043275,238.15330440317996,2.0000264968908965,3,46.13598487190361,27.65654084180286
1786281362000890400,1080.1808903808594,93.48979552648962,0.5106111223170903,7.258946457827364,51.785371663678106,93.89979552291334,237.45856680892814,2.0000133242527482,3,46.13564588197794,27.839599878975033
1786281363000915000,1081.1809150390625,93.67651137895882,0.5067134130241464,7.258901657980226,51.785233388621236,94.08651137538254,236.87350292694447,2.000002070544996,3,46.1353039988849,28.18787299813543
1786281364000939500,1082.180939453125,93.3115494037047,0.5098311942082874,7.258878743364107,51.78509185120935,93.72154940012842,236.20983458865078,2.0000010956764247,3,46.13496569952485,28.077911662843942
1786281365000964400,1083.1809643554689,93.29782232549042,0.5165040014984121,7.2589307097197,51.784951257759985,93.70782232191414,235.54154595610586,2.0000002573016187,3,46.13463632762804,27.725284108570172
1786281366000989200,1084.1809892578126,93.36952665634453,0.5090606888070519,7.2589551786414175,51.784806604223775,93.77952665276825,235.01142544623787,2.0000002397433003,3,46.134304437599035,27.859411721107694
1786281367001012700,1085.1810126953126,93.39744085539132,0.5106443494761181,7.258934510648667,51.78465986870461,93.80744085181504,234.4857736198191,2.0000001423335227,3,46.13397289309233,28.063173757767252
1786281368001036500,1086.1810366210937,93.32564138248563,0.5011724140215205,7.258849050448866,51.78451160685324,93.73564137890935,234.27821015409845,2.0000002086899853,3,46.13364062168245,28.180129890815596
1786281369001062000,1087.181061767578,93.41529432591051,0.5036332355036519,7.2589121805706736,51.78436607883831,93.82529432233423,234.40173607346952,2.0000001799170675,3,46.133311862857916,27.944343150556882
1786281370001085700,1088.1810856933594,93.33533509541303,0.51821242891847,7.258838217271253,51.784222825611856,93.74533509183675,234.40862629106147,2.0000000714774706,3,46.13298801444061,27.54689024346257
1786281371001109800,1089.1811098632813,93.29479317273945,0.5119727286294716,7.258885089410872,51.78408053371269,93.70479316916317,234.5143812284277,2.000000117466957,3,46.13266475496014,27.42664676486462
1786281372001134300,1090.1811342773437,93.12112787086517,0.5173474299611384,7.25891897448877,51.78393617666507,93.53112786728889,234.55401930823746,2.000000093216497,3,46.13233695299421,27.684622724363976
1786281373001158100,1091.181158203125,92.67414025776088,0.5099942951966293,7.258387246922082,51.78378674973235,93.0841402541846,234.39536261766258,2.0000000196810097,3,46.13199970135174,28.49250998389584
1786281374001183000,1092.1811828613281,92.4216551873833,0.5041446600011078,7.25851591485116,51.783631362342874,92.83165518380702,234.1214266554849,2.0000000148397383,3,46.13165277111769,29.347375633727673
1786281375001206800,1093.1812067871094,92.33399919886142,0.5151851704311529,7.258804559261719,51.78347215511224,92.74399919528514,234.01501889671312,1.9999999844808756,3,46.131298728944365,30.07647827197469
1786281376001230600,1094.1812307128907,92.09966522827744,0.48016186914740344,7.258834301284759,51.78331025617166,92.50966522470117,234.01708401895308,2.0000000404401628,3,46.13093899151837,30.511441814414933
1786281377001255000,1095.1812548828125,91.0460521028784,0.1322290152311325,0.8362482346149882,51.78314641867044,91.45605209930213,234.46594516871954,1.3690480859505243,3,46.13054153416908,31.75023078918457
1786281378001278000,1096.1812778320314,91.19863464332053,0.12889234721660614,0.8344190245778942,51.782981347945665,91.60863463974425,234.83745281805489,1.3844595124530086,3,46.130164495154695,31.939428329467773
1786281379001303600,1097.1813034667969,92.32250787131488,1.3433603843221054,7.258943633439041,51.782816775119294,92.7325078677386,234.5679454703971,2.896771170051423,3,46.12982557167704,31.325196364854367
1786281380001326600,1098.1813266601562,92.59914955869317,1.4635146853619947,7.258972958163421,51.78265451666137,93.00914955511689,235.0693752212414,2.0000000084391347,3,46.12943021525833,31.738821553335992
1786281381001351700,1099.1813515625,93.02470703050494,0.8381447419644902,7.258593525575807,51.7824898541848,93.43470702692866,234.81418498208922,1.999999925361097,3,46.1290575213615,31.72299921221608
1786281382001374700,1100.1813747558595,93.56385629344732,0.500666025757575,7.258375238711315,51.78232165754707,93.97385628987104,234.5651569274067,2.000000023386775,3,46.12867532036,32.187813209872985
1786281383001398800,1101.1813986816405,94.36059597320855,0.5031120374390354,7.257350074494321,51.7821472588874,94.77059596963227,234.22243502844083,2.0000001044953564,3,46.12828562084424,32.89754675489818
1786281384001423400,1102.1814233398438,94.80123984999955,0.4994062320958089,7.257303537188196,51.78196855967738,95.21123984642327,233.78564630516718,1.9999999878881851,3,46.12789333890482,33.54433091104989
1786281385001447200,1103.181447265625,95.59788129944354,0.49680160399572404,7.257116393347366,51.7817867534214,96.00788129586726,233.9942921039251,1.9999999611318529,3,46.12748798691297,34.399865778166614
1786281386001470500,1104.1814704589844,96.65186557266861,0.49368111904150475,7.255870473561559,51.78160237299159,97.06186556909233,234.42029070798512,2.0000000126977886,3,46.12707045873539,35.28464712993628
1786281387001494000,1105.1814938964844,97.69773449935019,0.4908548445384111,7.255705506964108,51.781414968534435,98.10773449577391,234.67908377342752,2.0000000263615676,3,46.12664275530929,36.08008984596434
1786281388001518800,1106.1815187988282,98.82058633118868,0.48152867142330447,7.255505996217759,51.781224681478,99.2305863276124,234.6991990951895,2.0495221612693055,3,46.12620967065085,36.496182021859276
1786281389001542700,1107.1815427246095,97.9764851110503,0.16918498277664185,0.836569680392802,51.78103283675286,98.38648510747402,234.4422444122996,1.433423583288407,3,46.12574986193708,37.72683334350586
1786281390001566000,1108.1815659179688,98.92193778062128,0.15057234466075897,0.8246907007656804,51.78083400993186,99.331937777045,234.47644999966303,1.4367589701823211,3,46.12530229873316,38.12150192260742
1786281391001591000,1109.1815910644532,100.22492180320263,0.1425081193447113,0.8231189568437841,51.780632021913824,100.63492179962635,234.46690139520334,1.4409745690742375,3,46.12484947595873,38.12150192260742
1786281392001614000,1110.1816140136718,101.7667866642713,0.13979090750217438,0.8232110576758734,51.780432094089925,102.17678666069502,234.5415553628316,1.4217862414268438,3,46.12439645005047,38.458465576171875
1786281393001638400,1111.1816384277345,103.03199078211654,0.14352647960186005,0.8245848861943981,51.780233695226705,103.44199077854026,234.6980759778516,1.417108718307608,3,46.123947242725485,37.69948196411133
1786281394001662200,1112.181662109375,104.48544726465595,0.14146460592746735,0.8232074824987298,51.7800426103031,104.89544726107967,234.81149809920885,1.4053593525247685,3,46.123510194835774,37.69948196411133
1786281395001685500,1113.181685546875,104.48555860947818,0.3080157138794928,7.258974518679626,51.7798473546222,104.8955586059019,234.81114736906625,2.0495220352304653,4.375084631639069,46.12306376902815,37.699481963454396
1786281396001710000,1114.1817099609375,105.87144019734114,0.3080157138797823,7.258974518679406,51.77966603635124,106.28144019376487,234.91948331087588,2.0495220352210066,4.351728858220032,46.12264628063401,36.668289183965825
1786281397001734100,1115.1817341308595,107.23489199299365,0.30801571388004634,7.258974518679673,51.77948893304591,107.64489198941737,234.81989490052422,2.0495220352158534,4.380075932861929,46.12223806719366,35.70224761907094
1786281398001757200,1116.1817570800781,108.31215525045991,0.30801571388023347,7.258974518679703,51.77930828432613,108.72215524688363,234.57810003848886,2.0495220352105057,4.375629455998293,46.1218335647635,35.00137329048988
1786281399001781000,1117.1817810058594,109.6836564084515,0.30801571388008686,7.258974518679501,51.77912393089047,110.09365640487522,234.96909434924925,2.0495220352103547,4.313092907894497,46.121406818218674,35.551979064390466
1786281400001805000,1118.1818051757812,111.32792400568724,0.30801571388008747,7.258974518679525,51.778949283914244,111.73792400211096,236.46644344523406,2.0495220352095695,4.301275705822394,46.12096903686108,35.551979064390544
1786281401001828600,1119.1818286132811,112.4956860858947,0.30801571387997934,7.258974518679642,51.778787296558676,112.90568608231843,239.16992748051223,2.049522035209475,4.257391875496506,46.12051268044105,35.95653152408845
1786281402001853400,1120.181853515625,113.56932606548071,0.3080157138801214,7.258974518679513,51.77864548547622,113.97932606190443,241.8690637462268,2.049522035202405,4.202863613376427,46.12006005236339,35.43292236273613
1786281403001876700,1121.1818767089844,114.34213718771935,0.3080157138801219,7.2589745186797865,51.778510253472284,114.75213718414307,244.0609873742714,2.0495220352033967,4.2187615342387295,46.11959665649185,35.433788299015475
1786281404001901000,1122.1819011230468,116.07843461167067,0.3080157138801226,7.258974518679278,51.77838037336136,116.4884346080944,245.82285674058625,2.0495220352188155,4.455827155118323,46.119117588711006,35.43378829901556
1786281405001924600,1123.1819245605468,117.3104168297723,0.30801571387998966,7.2589745186792625,51.77825970552115,117.72041682619601,247.90787710599352,2.0495220352309897,4.576935384955991,46.11862117290871,35.92938995304516
1786281406001948400,1124.181948486328,119.80443453434916,0.15040189027786255,0.8288267004732405,51.77815727546186,120.21443453077288,251.8223779252599,1.3939022881035505,3,46.118097493782244,37.60694885253906
1786281407001972200,1125.1819721679688,119.80454526655376,0.3080157138795256,7.258974518679533,51.77805183249686,120.21454526297748,251.82197121762124,2.0495220352322496,4.4110452774470055,46.117579804092415,37.60694885188774
1786281408001996000,1126.18199609375,122.61405530208869,0.16892561316490173,0.8343053126003841,51.77795834004385,123.02405529851241,255.31857417647103,1.452234615184526,3,46.117032717794224,38.2294921875
1786281409002018800,1127.182018798828,122.61416971962899,0.30801571387934834,7.258974518679288,51.77787125817464,123.02416971605271,255.3181532299672,2.0495220352237467,4.233865548218146,46.116496902351976,38.22949218681591
1786281410002043400,1128.1820434570313,123.64276201557368,0.30801571387902427,7.258974518679294,51.77779491809161,124.0527620119974,257.09150070612264,2.049522035215799,4.023301103047084,46.11592591732003,39.33890151903006
1786281411002067200,1129.182067138672,124.45737126469612,0.30801571387890697,7.2589745186792625,51.77771663858051,124.86737126111984,257.5371175960279,2.049522035202546,3.8083949317289374,46.11535938517598,39.732875823206676
1786281412002091500,1130.1820915527344,125.22783414553851,0.308015713878907,7.258974518679503,51.77764251400981,125.63783414196223,257.8323861776872,2.049522035101333,3,46.114790813883694,39.73287582320668
1786281413002114800,1131.1821147460937,125.90302080381662,0.3080157138787723,7.258974518679342,51.7775655152836,126.31302080024034,257.90153675322995,2.049522035099562,3,46.11420891574846,40.180034636657034
1786281414002138000,1132.1821381835937,126.80984178573611,0.21262630820274353,0.8454951368124219,51.77748821755318,127.21984178215983,258.1425158888128,1.992147016401486,3,46.1136153965168,41.08822250366211
1786281415002163000,1133.182162841797,127.16290258053644,0.20998845994472504,0.8462126268403906,51.77741121292684,127.57290257696016,258.2378858201937,1.9760056071255199,3,46.113049863280736,40.44009017944336
1786281416002186500,1134.1821865234374,127.71421444970935,0.20654051005840302,0.8458286421429889,51.77733642393108,128.12421444613307,258.31872793920996,1.9632345685738333,3,46.11248821359062,39.84904098510742
1786281417002209500,1135.1822094726563,127.71433875430375,0.3080157138788723,7.25897451867922,51.77726391007001,128.12433875072747,258.3182837542959,2.04952203509815,3,46.11192281360588,39.84904098433276
1786281418002234600,1136.1822346191407,128.2772987326607,0.3080157138790041,7.258974518679532,51.777190879626986,128.68729872908443,258.1797726606584,2.0495220351705616,3.355850304652074,46.111373258972456,39.40758132859649
1786281419002258200,1137.1822580566406,128.7433667620644,0.308015713878848,7.258974518679366,51.77711746576051,129.15336675848812,258.13946879563633,2.0495220351791694,3.4536450484913606,46.11080418043147,39.929611205275314
1786281420002282000,1138.182281982422,129.19021820183843,0.30801571387887955,7.258974518679371,51.77704494846954,129.60021819826216,258.1605205740038,2.0495220351924264,3.657711304715078,46.11023918446738,39.82471084517402
1786281420999336200,1139.1793361816406,129.9205936063081,0.3080157138789151,7.258974518679381,51.77697638573247,130.33059360273182,258.3128075453289,2.0495220352017096,3.7989360800279206,46.1096816648182,39.8247108451786
1786281421999318500,1140.1793186035156,130.64694386348128,0.3080157138790828,7.258974518679492,51.77690810442579,131.056943859905,258.34772970408625,2.049522035207657,3.9293329198969116,46.10913693043864,39.14419555590641
1786281422999341800,1141.179341796875,131.18895808327943,0.3080157138796558,7.258974518679471,51.776845022936044,131.59895807970315,258.39477769800703,2.049522035203379,4.048451228725638,46.10862654523408,37.15017700132543
1786281423999331600,1142.1793315429688,131.56551771331578,0.30801571387965637,7.258974518679422,51.77678217156444,131.9755177097395,258.5173384498708,2.0495220352102934,4.150906046737336,46.10810821735493,37.150177001325495
1786281424999322000,1143.1793220214843,133.08685603179038,0.4776246907180133,7.258970882641356,51.77672444103694,133.4968560282141,258.83084765985154,2.049522804838927,3,46.10769500290529,33.48829228345951
1786281425999358700,1144.179358642578,132.9349547624588,0.49213538568272214,7.258962081532438,51.776667646209546,133.34495475888252,258.7090178529776,2.0000005508480427,3,46.107238952325375,32.320134040214974
1786281426999354400,1145.1793542480468,132.74242106452584,0.48849401333579723,7.258900703328224,51.776607127571125,133.15242106094956,257.8401041690088,2.0125381775013924,3,46.10679571574419,31.5055921842703
1786281427999350500,1146.1793505859375,132.74344132561237,0.4993293225856644,7.25896899679552,51.77654351450296,133.1534413220361,256.9548785126765,2.0007771351342343,3,46.106363001146036,30.71875727640885
1786281428999387400,1147.1793874511718,132.5646089715883,0.5011345971534588,7.258926399857055,51.776486237530634,132.97460896801203,257.3027191763957,2.0690229829878892,3,46.105942536952846,29.95352825318951
1786281429999386400,1148.1793864746094,132.61803325358778,0.49942295425146405,7.258935531824824,51.77643008812943,133.0280332500115,257.687157705537,2.242520553937727,3,46.10552455472553,29.47003096034945
1786281430999389000,1149.1793889160156,132.51935419626534,0.5038880142623403,7.258960754316056,51.77637594351239,132.92935419268906,258.05792911301313,2.402588675783218,3,46.1051101933384,29.126516374740643
1786281431999428900,1150.179428955078,132.3976787775755,0.4917678286312435,7.2589506286429595,51.77632270208166,132.8076787739992,258.20352317539806,2.185828601857116,3,46.1047019672635,28.859010294942482
1786281432999423000,1151.1794230957032,132.39391884300858,0.5016878664869004,7.258946938954937,51.776271002329096,132.8039188394323,258.2267020903353,2.1742506775227315,3,46.1043000593822,28.395746312112074
1786281433999418600,1152.179418701172,132.52760539762676,0.5058033480291673,7.258970026188657,51.77622166723294,132.93760539405048,258.5115886350412,2.0371308799065075,3,46.103904828959244,27.91074792071505
1786281434999446300,1153.1794462890625,132.4892029063776,0.5077822598362737,7.258966085816543,51.776172942523814,132.89920290280133,258.5433094087253,2.187406925689249,3,46.10351527573191,27.47324610742911
1786281435999487000,1154.1794870605468,132.3906445018947,0.5040389050147661,7.258927785254351,51.77612351251425,132.80064449831843,258.3295045528732,2.0294536775458782,3,46.10313223250452,27.06152959254075
1786281436999526100,1155.1795261230468,132.49130318220705,0.51017855555475,7.258971447529406,51.77607360133986,132.90130317863077,257.93310027385536,2.0147269409164696,3,46.1027574301788,26.550401393917504
1786281437999565000,1156.1795649414062,132.4738701544702,0.5114036246411217,7.258974509043099,51.77602310517257,132.88387015089393,257.6825428836306,2.0026178857986863,3,46.10238764602111,26.146757551761866
1786281438999603200,1157.1796032714844,132.38340603653342,0.5162856447081448,7.258972729317713,51.77597481411875,132.79340603295714,257.8718559155244,2.0013090560808973,3,46.10202412878435,25.70653837760586
1786281439999639600,1158.1796396484374,132.2718976708129,0.5276849513046029,7.2588939187761685,51.77592930044781,132.68189766723663,257.9900387097561,2.000263149150687,3,46.10167730639481,24.57914267982589
1786281440999676200,1159.1796762695312,132.2248042691499,0.5396558118606569,7.2588446952152905,51.77588839885751,132.63480426557362,258.10059636021623,2.000131644699489,3,46.10135947921653,22.737513854359577
1786281441999712500,1160.1797124023437,132.26026996783912,0.5546291387657262,7.258937277025699,51.77585043280861,132.67026996426284,258.26150018992416,2.0000358302680707,3,46.10105788492458,21.46903573647001
1786281442999747300,1161.1797473144532,132.2722146557644,0.5583084863745924,7.25897451824635,51.775812898682055,132.68221465218812,258.23567108170556,2.000017977698584,3,46.10076719951632,20.71822868392653
1786281443999782000,1162.179781982422,132.06239155959338,0.559082262678669,7.258865053763638,51.77577729131133,132.4723915560171,258.5659047255932,2.000005811805824,3,46.100476372551924,20.524209363885483
1786281444999815700,1163.1798156738282,131.77266773115844,0.5578003370581475,7.25864185183497,51.77573965353854,132.18266772758216,258.3087415852643,2.0000029779633413,3,46.10018515570976,20.48682928352836
1786281445999849200,1164.1798491210936,131.75162874534726,0.5640882353212563,7.258906204891247,51.775703837521945,132.16162874177098,258.45194935671225,2.0000010376549024,3,46.09989660778089,20.356383581260307
1786281446999882200,1165.1798823242189,131.5630020890385,0.5725831892860411,7.258702922961093,51.77566511069975,131.9730020854622,258.09439250185983,2.000000491271138,3,46.09960656653631,20.45429885106654
1786281447999913700,1166.1799138183594,131.47443832363933,0.5639470269132785,7.25870189053792,51.77562564026637,131.88443832006305,257.7400148410505,2.207238739766761,3,46.09931889756622,20.42363906064066
1786281448999945700,1167.1799458007813,131.27949885372072,0.5638332964284855,7.2585972634708265,51.775588505659634,131.68949885014445,258.1135478811786,2.1730253739516003,3,46.0990255792677,20.690380439545578
1786281449999977200,1168.1799772949219,131.167696101591,0.5541511588359153,7.258617962987642,51.77554800804272,131.5776960980147,258.0261772065587,2.1715057919920744,3,46.0987205779797,21.39474645603538
1786281451000008700,1169.1800087890624,130.91174857784063,0.5471385847578268,7.258395939186678,51.7755080485749,131.32174857426435,258.35160401510433,2.7365319178783514,3,46.098408098907896,21.888831952885095
1786281452000039200,1170.1800390625,130.71311827935278,0.5471658080020257,7.25849424429247,51.775470506827865,131.1231182757765,258.78612872909,2.5153678464974725,3,46.0981004205206,21.7154937137922
1786281453000068900,1171.1800688476562,130.56839958578348,1.4569327603430067,7.258968634494461,51.77543340234654,130.9783995822072,258.59039244327846,2.257683883582882,3,46.09780226836572,21.710596795775782
1786281454000099600,1172.180099609375,130.1101822219789,0.6753987697329632,7.258077362513756,51.77539168371424,130.52018221840262,258.0388867394141,2.257683884480634,3,46.0974956397266,21.2580670338362
1786281455000128800,1173.1801286621094,129.9481632662937,0.557953756692421,7.258159702390422,51.775354626046266,130.35816326271743,258.3833530486132,2.145237406201121,3,46.09719951806365,20.97820449433735
1786281456000158000,1174.1801579589844,129.69151525571942,0.5519977884285668,7.258132533322625,51.775316759492505,130.10151525214314,258.3002894225124,2.072618741290434,3,46.09690434453059,20.857901149866553
1786281457000187000,1175.180186767578,129.40847461484373,0.5504646972896172,7.258274120047943,51.77527810627185,129.81847461126745,258.1666262333739,2.022586250696226,3,46.09660581596004,20.945038064877085
1786281458000216600,1176.1802165527345,129.12816104199737,0.5512781713413621,7.2579971414639095,51.775240497728355,129.5381610384211,258.16805076283424,2.0112931637364624,3,46.09631301449122,20.737045977240278
1786281459000245200,1177.1802453613282,128.81632066238672,0.5544451978121804,7.257762570778626,51.7752000742372,129.22632065881044,257.82206423540447,2.29854024568496,3,46.0960148170396,21.015044307138936
1786281460000273700,1178.1802736816405,128.54121610242873,0.5453064521569804,7.257843237946869,51.775158555969995,128.95121609885246,257.6574025363135,2.631834393069736,3,46.09571253328745,21.317321797148185
1786281461000301800,1179.1803017578125,128.01684531755745,0.5485145704666102,7.257123251281463,51.77511769149912,128.42684531398118,257.88678483266506,3.036473427204837,3.3394172998108,46.095404837012204,21.59906715240117
1786281462000330000,1180.180330078125,127.70225829724222,0.5438498696365706,7.257769299566859,51.77507715448279,128.11225829366595,257.96976154425005,2.5182367528885368,3,46.09509727631445,21.75492395650921
1786281463000357600,1181.1803576660157,127.38583664409816,0.5426077423928795,7.2578239844880095,51.77503642103625,127.79583664052188,257.98050955682214,2.194341339695297,3,46.094787975659685,21.80720502355573
1786281464000385300,1182.1803852539063,127.10412375349551,0.5470847392106906,7.258116061667157,51.77499545798043,127.51412374991924,257.98943764627234,2.0971706913600974,3,46.09447344794896,22.102226221828708
1786281465000412700,1183.1804125976562,126.82686369773,0.5560673701733222,7.258085344893916,51.77495459967272,127.23686369415373,258.15502433278357,2.067439913651041,3,46.09415557797952,22.389279486871903
1786281466000440600,1184.1804406738281,126.6743380324915,0.6741266101975049,7.258677103354778,51.77491321877351,127.08433802891523,258.1493922638342,2.0674399007470647,3,46.093837748529815,22.426278586692227
1786281467000467000,1185.1804670410156,126.50359711050987,0.5414607946413567,7.258880041795885,51.77486816106694,126.9135971069336,257.81909064303926,2.298008636633018,3,46.09350994700843,23.039109823182518
1786281468000493600,1186.1804936523438,126.4061953118071,0.5324563449751104,7.258842585804758,51.77482273274343,126.81619530823082,257.8389228319626,2.22363041812678,3,46.09316888822558,23.93429242986915
1786281469000521700,1187.1805217285157,126.24669174291193,0.5272547298616659,7.25878987891095,51.77477527412093,126.65669173933566,257.81570454753285,2.111815218309141,3,46.09281576567102,24.815592372968677
1786281470000548900,1188.180548828125,126.09139698464423,0.5031695192584317,7.258826667243318,51.77472791017631,126.50139698106796,258.011472452471,2.023695849378005,3,46.092453338983084,25.354093005659593
1786281471000574700,1189.1805747070312,124.92314425883443,0.13327115774154663,0.8400913366010311,51.77469330024513,125.33314425525815,258.3777954151522,1.2367395481192085,3,46.09206228244635,26.07094383239746
1786281472000602000,1190.1806020507813,124.3530661876984,0.13692381978034973,0.8387028872088145,51.77464617672696,124.76306618412212,258.483403800099,1.2656790358599672,3,46.09169605488174,26.000564575195312
1786281473000629000,1191.18062890625,125.69514879956841,1.2996633103538677,7.25897252878371,51.77458453410774,126.10514879599214,258.0752570916774,2.951731097840489,3,46.09135143674909,25.5623668397777
1786281474000654600,1192.1806545410157,126.79947819933295,0.5763793112601765,7.256760340714589,51.774543544786226,127.20947819575667,258.0917495363307,2.631806838717755,3.6340634053474847,46.091015339849214,24.49020919734541
1786281475000680700,1193.1806806640625,126.04233882948756,0.5697618388099693,7.258965393653734,51.77448719859386,126.45233882591128,255.92345057434846,2.210632075809921,3.017366233507626,46.09065591309395,25.27324324905821
1786281476000707600,1194.1807075195313,125.55101091135293,0.5556679524983895,7.258804572801172,51.774415070534275,125.96101090777665,252.51358154701677,2.213135356542452,3,46.090305599622795,25.57190015998897
1786281477000734000,1195.1807338867188,125.03445426560938,0.5692383724235508,7.258593185019374,51.77433846877699,125.4444542620331,250.58473763505174,2.369744297926642,3.2256705307869487,46.089961833570584,25.52393793522777
1786281478000759600,1196.1807595214843,124.51648488920182,0.5340960524259076,7.258596529566044,51.77425423753796,124.92648488562554,249.32324154181953,2.1848723202243567,3,46.089602254611535,26.14895927012706
1786281479000786400,1197.1807863769532,124.87116903159767,1.457654269556214,7.258971865954775,51.77417343776843,125.2811690280214,248.76278405054688,2.0336550553899215,3,46.08923821882874,26.2945215655215
1786281480000812000,1198.1808120117187,123.8109755050391,0.6816833130932338,7.25851984850691,51.77405887773082,124.22097550146282,246.09226463542862,2.0336552342221124,3,46.0888797270807,27.426135551560694
1786281481000838100,1199.1808381347657,123.53815383743495,0.5276707746814533,7.258864108019061,51.773951798432826,123.94815383385867,244.8361116207834,2.0168281476732526,3,46.08850490840605,28.274459655297104
1786281482000863500,1200.1808635253906,123.33939799387008,0.5200462508116962,7.258825081083721,51.77382968902755,123.7493979902938,242.9302703806125,2.002174983096033,3,46.088126040640574,29.162107963113414
1786281483000889900,1201.180889892578,122.68346831947565,0.5042648850656647,7.25731129318227,51.77369179292105,123.09346831589937,240.30123344206675,2.001087855362869,3,46.087747913695125,29.96055689620212
1786281484000915000,1202.1809150390625,122.04101696237922,0.5159584694342525,7.2577287130969586,51.77354109344064,122.45101695880294,237.93842201770929,2.0000943271761638,3,46.08736397211283,30.994141910274042
1786281485000941000,1203.1809411621093,121.8089270638302,0.480362262420122,7.258346703025785,51.77338280927865,122.21892706025392,236.5360024373889,2.0000478667028943,3,46.08698345292739,31.41678722261711
1786281486000967000,1204.180966796875,121.0346165832733,0.18579332530498505,0.8354415252409862,51.77321736958853,121.44461657969703,231.3991492502488,1.3956415636003117,3,46.08660390499346,31.18592071533203
1786281487000992300,1205.1809921875,120.681229260692,0.2055029273033142,0.8367497199104552,51.77304009572045,121.09122925711573,229.41712397575947,1.4584537407808993,3,46.086257881535516,31.18592071533203
1786281488001018600,1206.1810185546874,120.464507639561,0.21555626392364502,0.8350500700241799,51.77285772704607,120.87450763598473,227.68228324733292,1.493816092744342,3,46.085923903114434,30.724706649780273
1786281489001043700,1207.1810437011718,120.67453288587787,0.20678205788135529,0.8293026792810257,51.772672709276065,121.08453288230159,225.84007194515374,1.4913485962143818,3,46.08560678510311,30.28557777404785
1786281490001070000,1208.1810700683593,121.1493708794369,0.19622905552387238,0.8254854039477819,51.772484685057144,121.55937087586062,223.87863286082285,1.3965174733409216,3,46.085306453370386,29.50310516357422
1786281491001095700,1209.181095703125,121.14943913090974,0.3080157138815698,7.258974518679708,51.77229355441851,121.55943912733346,223.87840013594294,2.000046921668531,4.2965024636107305,46.085010199438145,29.50310516325906
1786281492001120800,1210.1811208496094,121.1790456995368,0.30801571388155813,7.258974518679885,51.77209247622139,121.58904569596052,221.88634266205162,2.0000469216705072,4.332512521038072,46.08473131553761,29.55265045134335
1786281493001145900,1211.1811457519532,121.53021930810064,0.3080157138815574,7.258974518679636,51.77188131044741,121.94021930452436,219.32068915770793,2.0000469216699837,4.320786790332526,46.08446315567507,29.552650451343272
1786281494001171700,1212.1811716308594,121.71311822292189,0.13258910179138184,0.8107223769436225,51.77164026137843,122.12311821934561,215.99660821900648,1.3953211672911767,3,46.08419631872581,31.808252334594727
1786281495001197800,1213.1811977539062,121.71319757401943,0.3080157138810328,7.258974518679543,51.77140897077247,122.12319757044315,215.99639546977846,2.000046921683072,4.300186154506495,46.08392549016391,31.808252334199494
1786281496001222700,1214.18122265625,122.20601380802691,0.3080157138808859,7.2589745186795955,51.77117330853209,122.61601380445063,216.87204445576205,2.0000469216888024,4.332451267196111,46.08363940521699,32.41417694049974
1786281497001247500,1215.1812475585937,122.25237045026493,0.12405556440353394,0.8041519484054818,51.77093760485361,122.66237044668866,216.6492327942012,1.3272117532969845,3,46.08334831777972,32.78632736206055
1786281498001273000,1216.1812731933594,122.35108101111993,0.12200776487588882,0.8010521631002067,51.770694293806734,122.76108100754365,216.48795836751884,1.3212437586563859,3,46.08305696433164,34.186763763427734
1786281499001299000,1217.181298828125,122.34707437083735,0.11948633193969727,0.7984001287115376,51.77044395669103,122.75707436726107,216.3437867345182,1.3006557052416208,3,46.082760202366785,34.882080078125
1786281500001323800,1218.1813237304686,122.34716978482902,0.30801571388025756,7.25897451867959,51.770191436230675,122.75716978125274,216.34355149461967,2.00004692172467,4.613166067299865,46.08246073833949,34.882080077603774
1786281501001348900,1219.181348876953,122.03958681598306,0.3080157138802575,7.258974518679602,51.769937641958286,122.44958681240678,216.26198583304702,2.00004692172545,4.6244541264541,46.08215946712338,34.88208007760377
1786281502001375700,1220.1813757324219,121.63169110286981,0.30801571388014537,7.2589745186797225,51.769676231557625,122.04169109929353,215.9886540323197,2.000046921729323,4.629307279279244,46.08185386012404,35.304111480172494
1786281503001400000,1221.1814001464843,120.93280899648451,0.12536342442035675,0.7952678466468521,51.76940852145593,121.34280899290823,215.70405755647647,1.2933626515606134,3,46.081546378040784,36.154296875
1786281504001426200,1222.1814262695314,120.0949697896622,0.12004285305738449,0.7926629832521386,51.769144559758516,120.50496978608592,215.81202918687603,1.2747356201519222,3,46.0812435993117,36.004608154296875
1786281505001451300,1223.181451171875,120.09507143963128,0.30801571387995635,7.258974518679652,51.76888214431305,120.505071436055,215.811789461228,2.0000469217410566,4.70696877831017,46.080938419382875,36.004608153723666
1786281506001475800,1224.1814758300782,119.10154354386032,0.30801571387993293,7.258974518679598,51.76862007806088,119.51154354028404,215.98771987954112,2.0000469217416152,4.704184188746919,46.08063201704865,36.09097671451056
1786281507001501400,1225.1815014648437,118.05526759289205,0.30801571387991705,7.258974518679508,51.76835738930794,118.46526758931577,216.0205315344537,2.0000469217387864,4.659687394282686,46.08032702520229,36.148635863677704
1786281508001526300,1226.1815263671874,116.62192565202713,0.3080157138799098,7.258974518679904,51.768096472592816,117.03192564845085,216.0490540623838,2.0000469217367587,4.629391204468252,46.080021188901654,36.175312041654934
1786281509001552100,1227.1815522460938,115.45178185496479,0.30801571387990984,7.258974518679863,51.76783372268661,115.86178185138851,216.16108217718997,2.0000469217447963,4.73621303091204,46.079709398883864,36.175312041654934
1786281510001577500,1228.1815773925782,112.45693854414137,0.12718579173088074,0.792753056371818,51.767557427616204,112.86693854056509,216.02499448519703,1.278756440508819,3,46.07938652368774,37.31606674194336
1786281511001602000,1229.1816020507813,112.83273518644273,1.2651094629029804,7.258891340037046,51.76728508591056,113.24273518286645,215.9635188502042,2.0000000114807954,3,46.07909692499154,37.09255829722975
1786281512001627400,1230.1816274414064,111.41677054949105,1.4588134418790741,7.258903188096297,51.767008846271175,111.82677054591477,215.92277562864194,2.0000000047802926,3,46.078776258224146,37.51820260107654
1786281513001653500,1231.1816535644532,110.01379045192152,2.063589260784355,7.258920337803238,51.766735788764244,110.42379044834524,215.92341919565084,2.9279352785419466,3,46.07845739356915,37.51822335571296
1786281514001678000,1232.1816779785156,108.29704105481505,1.2671265011695854,7.25889763830388,51.76646433616501,108.70704105123878,215.82670244385884,2.0000000512405,3,46.07814450818904,37.23465124488304
1786281515001703200,1233.181703125,106.3178670713678,0.4639165522139572,7.251467171399703,51.76618677696333,106.72786706779152,215.4724347474413,2.0000002968630994,3,46.07782835748522,37.60308372457947
1786281516001728300,1234.1817282714844,104.72884516045451,0.47308510593586817,7.251533274942154,51.765910466227936,105.13884515687823,216.0074534749449,2.000000139480998,3,46.07750265557163,37.98646818368149
1786281517001753300,1235.1817534179688,103.01991165895015,0.4690190515691862,7.250865937837284,51.76562678362724,103.42991165537387,215.91532029005216,2.000000179199846,3,46.07717511064821,38.6185882797614
1786281518001779200,1236.181779296875,101.42941961996257,0.46169929111093555,7.25160938619419,51.765342033049194,101.8394196163863,215.97865504391723,2.0000001984050493,3,46.076841966832916,39.10743606330121
1786281519001804300,1237.1818041992187,99.80459884181619,0.4578607595335845,7.25058448762671,51.76505526906914,100.21459883823991,216.02176662369195,2.0000002191521964,3,46.07650498597398,39.40925231971052
1786281520001830000,1238.1818298339845,98.10965418815613,0.43862277407655265,7.252082230601307,51.764763824289105,98.51965418457985,215.90462938975932,2.0000003175499197,3,46.07616576329958,39.781654420254355
1786281521001855000,1239.1818549804686,95.45755614498275,0.1370171755552292,0.7881706931298271,51.76448271268847,95.86755614140647,216.18572249674577,1.3134861262669113,3,46.075803654962066,39.70027542114258
1786281522001879800,1240.1818798828126,94.85921094287187,0.894653454175997,7.252721802389303,51.76418872100013,95.26921093929559,216.23812218168564,1.9999999168248233,3,46.075487224974744,39.60560588994828
1786281523001905000,1241.1819047851563,93.46031326334924,0.49386516537689795,7.251023064231667,51.763901296666674,93.87031325977296,215.70058039070247,2.000000117293824,3,46.07515768018087,39.54183880431702
1786281524001929700,1242.1819296875,91.89447620138526,0.4760858705607817,7.251300651689942,51.763611922598585,92.30447619780898,216.17458069431797,2.000000149699085,3,46.07481418244081,39.927888962002235
1786281525001955300,1243.1819553222656,90.62484845332801,0.46911501089584995,7.252043809147123,51.763321145912386,91.03484844975173,216.2131426439543,2.247492171751702,3,46.07447238530706,40.02744549931409
1786281526001980700,1244.1819807128907,89.12972696870565,0.48318115712903176,7.252763154186129,51.763027386195226,89.53972696512938,215.78542740202906,2.1312035598767602,3,46.07413411676414,40.02769468181528
1786281527002005000,1245.1820048828124,88.36890951823443,0.5227211781391194,7.255364431667859,51.76274109788613,88.77890951465815,216.02023738400064,2.187906543374117,3,46.07379642333374,39.67685868744814
1786281528002030000,1246.1820300292968,87.30944750085473,0.496242171570882,7.25603614486529,51.76245907465098,87.71944749727845,216.1798549067267,3.01713314436603,3.9023490251536717,46.07346372934465,39.1502150911349
1786281529002055700,1247.1820556640625,87.08485922776163,0.4903669324193736,7.258211030367319,51.762178193069225,87.49485922418535,215.99335647297278,3.120544462477598,3.982117498146237,46.07313661160388,38.64396040561019
1786281530002080500,1248.1820805664063,86.59969434235245,0.4897754810531125,7.258244385459013,51.76189816484932,87.00969433877617,215.94936446892507,2.150186358941364,3,46.07280862627576,38.52085223888904
1786281531002105900,1249.1821059570314,85.79606122057885,0.47417106868897946,7.25751741694815,51.76161792052987,86.20606121700257,216.01820884063972,2.075093308139246,3,46.072480207166734,38.41093292541484
1786281532002130700,1250.1821306152344,85.12954824138433,0.4757048593881047,7.257621846192986,51.76133944385597,85.53954823780805,215.96035896600904,2.000000365540821,3,46.07215475907549,38.32344022981589
1786281533002156000,1251.1821560058593,84.09562130924314,0.4669762308243359,7.256229855895643,51.761057343332276,84.50562130566686,215.76631298033624,2.0000004034325807,3,46.071827716825,38.54024373951143
1786281534002182000,1252.1821818847657,83.09804276004434,0.4756752250281223,7.255700432896907,51.76077506182286,83.50804275646806,215.848205622653,3.7225593723057373,4.611989152527408,46.07149850860981,38.70245971879048
1786281535002207200,1253.1822072753907,82.0274454234168,0.47303055517403453,7.256010690845874,51.76049018934202,82.43744541984051,215.93086653646347,2.861279996108912,3.5231379502387403,46.071165859332275,38.95455774960938
1786281536002231800,1254.1822316894531,80.66606428101659,0.4757124551564194,7.254807274039326,51.76020474619727,81.07606427744031,216.03152948544312,2.2205508879489995,3,46.070831903044876,39.17522789331036
1786281537002257000,1255.1822568359376,79.47939433250576,0.4726982059576959,7.25488643925971,51.75991662167994,79.88939432892948,216.0120673655578,2.156799861250281,3,46.07049419067421,39.53368331159856
1786281538002282200,1256.1822822265624,77.874421980232,0.49506024887617456,7.252453800949678,51.75962622965727,78.28442197665572,216.02584582730177,2.094645912432757,3,46.07015318017059,39.94195612117805
1786281539002307300,1257.1823073730468,76.25285550579429,0.6307023029842488,7.251083180442603,51.7593346364928,76.66285550221801,216.02719137576423,2.0946459977089416,3,46.06981144621978,40.12215708618169
1786281540002332700,1258.1823327636719,74.62418789044023,0.5046867483164746,7.251495750770778,51.759035256215704,75.03418788686395,216.07112735906986,2.0572353172256745,3,46.06945824618216,40.93947738676579
1786281541002358000,1259.1823579101563,72.994773093611,0.6610953992399874,7.251727890933212,51.758735973937014,73.40477309003472,216.06884053557602,2.0572354034718363,3,46.06910697939207,41.20170393432771
1786281542002383400,1260.1823833007813,71.16455932054669,0.47347427858055996,7.251104991009256,51.758432931318424,71.57455931697041,216.00701176165663,2.7364989239330533,3.374805850859445,46.06875209213244,41.62387989083185
1786281543002408000,1261.1824079589844,69.72866377979517,1.4611441209339482,7.258897664639166,51.75813171878917,70.13866377621889,216.0615821411567,2.4691085306619596,3,46.068396425843545,41.65046032261018
1786281544002432300,1262.1824323730468,67.80142268911004,0.6635186268232254,7.250933834290812,51.757824113828896,68.21142268553376,215.95911641640203,2.4691089502904666,3,46.06803903469053,41.798292068592595
1786281545002458000,1263.1824580078126,66.29581404477358,0.501809869442687,7.251847361561205,51.75751868588736,66.7058140411973,215.9186435134063,2.4250458764955423,3,46.067681607730215,41.739154899385674
1786281546002484000,1264.1824838867187,64.33329275529832,0.5288372590992586,7.250087182585978,51.757220589748606,64.74329275172204,215.5787182927129,2.3478457383287736,3,46.06733720464313,40.845245556468804
1786281546999565800,1265.1795659179688,62.82839734945446,0.48986244694806463,7.251907020184334,51.75693510847113,63.238397345878184,215.6135633529602,2.1618620796830736,3,46.06700652350512,39.349656735936314
1786281547999549700,1266.1795498046874,60.780438190326095,0.5002805202704211,7.250388412301213,51.756659773989206,61.190438186749816,216.46189503429716,2.080931118217288,3,46.06667498887932,38.16583199368612
1786281548999580000,1267.1795798339845,59.671166472136974,0.5152565313129629,7.253549660322228,51.75640214249929,60.081166468560696,215.7213719201572,2.643564330359057,3.1249681098404585,46.066384523066354,35.6284067858665
1786281549999571500,1268.1795715332032,58.86540635395795,0.5053740350487995,7.256696613891456,51.75615288640628,59.27540635038167,215.72021204321877,2.3217824930123623,3,46.06609318696613,34.35594513160774
1786281550999562200,1269.1795622558593,58.729144661687315,0.5061108374582974,7.258294926684696,51.75590846053488,59.139144658111036,216.06468488081666,2.6685105464639007,3.1681683411354067,46.0658030847519,33.81250459827617
1786281551999594800,1270.1795947265625,58.548843424767256,0.49376955573343606,7.258745119538413,51.75566568779534,58.95884342119098,216.15930333508305,2.6685105869631003,3.1723649301305032,46.065516483537486,33.45632727186155
1786281552999586600,1271.179586669922,58.80717298388481,0.5084052635699058,7.258973139387281,51.75543235382711,59.21717298030853,215.645272901129,2.3342554093589825,3,46.06524935354207,31.977886515920943
1786281553999578000,1272.179578125,59.051065851934254,0.5262078395673115,7.258901340781149,51.75521290177183,59.461065848357975,215.69265689464444,2.019396900464092,3,46.064995802625596,30.502243300886345
1786281554999616300,1273.1796162109374,59.46553420647979,0.5238550088225601,7.258563206670602,51.75499902298047,59.87553420290351,215.8945557032703,2.2845581715386944,3,46.06474539946473,29.65259570674001
1786281555999596000,1274.1795959472656,59.76519794203341,0.5099393402702974,7.258583346553768,51.75478729549356,60.17519793845713,216.04849175944483,2.0299525108926195,3,46.06449724008903,29.24160719666637
1786281556999576600,1275.1795766601563,60.21439796406776,0.5063274587939837,7.258257233825666,51.75457442680553,60.62439796049148,215.93890134685176,2.096967452484914,3,46.06424873014101,29.2448319096555
1786281557999615200,1276.179615234375,60.444349254481494,0.5069768137444004,7.258445452819415,51.75436389259762,60.854349250905216,215.89376911896036,2.011148275092395,3,46.06400352412812,28.910026413050936
1786281558999618600,1277.1796186523438,60.71765006240457,0.5128403263832563,7.25849507324597,51.754157464197384,61.127650058828294,215.85166597191414,2.268370835824185,3,46.06376300971098,28.436825653586006
1786281559999620900,1278.1796208496094,60.74922763276845,0.5092997972926709,7.258898631687884,51.753955382952064,61.15922762919217,215.96327602961946,2.036584409436132,3,46.06352610387701,27.918726893953654
1786281560999663400,1279.179663330078,61.102045027539134,0.5125599150225243,7.258559084883989,51.75375373700747,61.512045023962855,215.94250872417766,2.0182923761558555,3,46.06329043326837,27.725773612255686
1786281561999709000,1280.179708984375,61.13174984510988,0.5080045288987167,7.2588687914955035,51.75354900927604,61.5417498415336,215.8053065861325,2.002684744705048,3,46.063052781681705,28.015164810544775
1786281562999754000,1281.17975390625,61.33475008420646,0.5123691860703956,7.2587808533386,51.753341037581116,61.74475008063018,215.3450260520502,2.0013425767265938,3,46.062816547701004,28.147129897420704
1786281563999797200,1282.1797973632813,61.42592743691057,0.5305279742908557,7.258841867552439,51.7531390534539,61.83592743333429,215.63770526861958,2.000191294342745,3,46.06258282305619,27.749167712494035
1786281564999839700,1283.17983984375,61.741734565235674,0.5317055747306907,7.258795368469184,51.75294251782559,62.151734561659396,216.0316881972031,2.0000957232444603,3,46.062350621178894,27.26545001822414
1786281565999880700,1284.1798806152344,61.86066824756563,0.5231235506151977,7.258911032312022,51.752749680582475,62.27066824398935,216.21214755315296,2.0000162082684327,3,46.06212269836784,26.83684396775492
1786281566999921000,1285.1799208984376,59.917787472717464,0.546345373355565,7.248545878332807,51.75256560669717,60.327787469141185,215.5836608077001,2.0000082874255374,3,46.06191285096767,25.56565150734549
1786281567999960000,1286.1799599609376,62.10180257726461,0.5267258756574947,7.256627133919825,51.752366053618,62.51180257368833,216.47818796442226,2.000001640822542,3,46.06167021036893,26.527802414905498
1786281568999999000,1287.1799990234374,61.820984101854265,0.5333006227962336,7.258851713872601,51.75219244010944,62.230984098277986,215.8798476493795,2.0000009248634045,3,46.06147183769387,24.586353454130784
1786281570000036900,1288.1800368652343,62.14679402951151,0.5398385876031381,7.258803419584188,51.75202255849774,62.55679402593523,216.24271817130457,2.000000388256502,3,46.06127118373396,23.821238907691487
1786281571000074500,1289.1800744628906,62.438780778087676,0.5381913028809239,7.258746340608856,51.75184866554407,62.8487807745114,216.1185686197261,2.0000003404060114,3,46.0610674562385,23.904808342626755
1786281572000109800,1290.1801098632814,62.84341760445386,0.5316630081713846,7.258644488936261,51.751671421974706,63.25341760087758,216.20268805033862,2.1427618875779193,3,46.06085790842174,24.417526891569622
1786281573000146400,1291.180146484375,63.30210630968213,0.5264080565076711,7.258257393410531,51.75148487635598,63.71210630610585,216.2513520944341,2.0713810958140346,3,46.06063688984889,25.598545963852157
1786281574000182300,1292.1801823730468,63.54161439370364,0.5273903520376119,7.258678466746875,51.751291185450604,63.95161439012736,215.6444401069512,2.0140202274235035,3,46.06041432056253,26.314857850991316
1786281575000215800,1293.1802158203125,63.90117522981018,0.5264383350671203,7.258541788963265,51.75109495191326,64.3111752262339,215.69151602977888,2.1459082920348767,3,46.06018639821726,26.812010677993552
1786281576000250600,1294.1802507324219,64.65782593842596,0.5139932011898478,7.257449024776121,51.75090084496362,65.06782593484968,216.0227286560812,2.025518588456308,3,46.05995863629029,26.801146672477916
1786281577000284000,1295.1802839355469,65.20205441396683,0.5199288992209805,7.256833023651194,51.75071247885635,65.61205441039056,216.34571769429127,2.0127593847642524,3,46.059733940060106,26.234429192896236
1786281578000316400,1296.18031640625,65.79283252730966,0.5221402327550602,7.256252789795845,51.75052792527356,66.20283252373338,216.31807685274714,2.002385588500223,3,46.05951539731839,25.620151415020306
1786281579000349400,1297.1803493652344,66.36422514729202,0.5254250185004964,7.256482597988106,51.75034690044831,66.77422514371574,216.03398815352145,2.0011929173040843,3,46.05930384552696,24.99590313747646
1786281580000382000,1298.1803818359374,67.12635707762092,0.529519749766979,7.255803776640602,51.75017048150906,67.53635707404464,215.9750427641951,2.124541859419135,3,46.05909697428579,24.437474630498446
1786281581000414500,1299.1804145507813,67.97749695926905,0.5261644518827936,7.254600464126562,51.749994947392764,68.38749695569277,216.05196895656266,2.0622710449339103,3,46.05889055412659,24.228401693944686
1786281582000446200,1300.1804462890625,68.77658659685403,0.5262532094557164,7.254034199784261,51.74981711682307,69.18658659327775,216.0155562107683,2.014553371548862,3,46.058682688425286,24.42848870317469
1786281583000476400,1301.1804763183593,69.35370646137744,0.5236818656035016,7.255777536534713,51.74963725040909,69.76370645780116,216.0764914502084,2.352975299348219,3,46.05847086318808,24.725402935057158
1786281584000508200,1302.1805080566405,70.06747554149479,0.5287735315240678,7.255823650986104,51.749456456700194,70.47747553791851,215.9319797229015,2.0781028369847805,3,46.058259866787004,24.764548848313847
1786281585000539000,1303.1805388183593,70.6596610005945,0.531672111484979,7.256083359966855,51.74927919106387,71.06966099701822,215.9992339537211,2.0850224069684016,3,46.058051553093215,24.475246465071027
1786281586000569000,1304.1805690917968,71.28782388195395,0.5338181853901797,7.256209588708314,51.74910199462049,71.69782387837768,216.25625721591737,2.0190612656963967,3,46.05784171039593,24.457810770872783
1786281587000598800,1305.1805988769531,71.88876657746732,0.5292454267009937,7.256568453151193,51.7489256364805,72.29876657389104,217.0563602742243,2.009530821679515,3,46.05762612308052,24.61020543816996
1786281588000629200,1306.1806291503906,72.41153755877167,0.5293410006829773,7.2567682934905955,51.748748038740835,72.82153755519539,217.74235716779953,2.0020847109459057,3,46.057403686853036,24.96481148050912
1786281589000659500,1307.180659423828,72.77216798998415,1.4642208989198935,7.258951535195074,51.748571002734714,73.18216798640788,218.00236215196801,2.0010421966189327,3,46.05717818123104,25.03863131306605
1786281590000688600,1308.180688720703,73.56164976581931,0.7272772535533181,7.256750219783891,51.7483850017633,73.97164976224303,220.3375663179442,2.0010424095465034,3,46.0569170559377,26.702212307021306
1786281591000718000,1309.180718017578,74.23179962299764,0.9688086276272068,7.256975083629366,51.74820037764036,74.64179961942136,220.67771215799132,2.0010425134917345,3,46.05666247545695,27.20497617807614
1786281592000746500,1310.1807465820314,74.32407716382295,0.5312386792161556,7.258193630166004,51.747998291255065,74.73407716024667,222.12346922732107,2.204054238572279,3.039672272129251,46.05636054175325,29.22607498515151
1786281593000776000,1311.1807758789062,74.62207017280161,0.506783578789811,7.258175083273161,51.74780015069054,75.03207016922534,223.7687506075286,2.1639812108456877,3.0416847909168045,46.05605291610572,30.500523922393153
1786281594000804900,1312.1808049316405,74.8019077628851,0.4997117476177283,7.25863691936852,51.74760031691842,75.21190775930882,225.07922045140643,2.013143464776885,3,46.05572806333027,31.527375968948952
1786281595000833800,1313.1808337402344,75.12143532279879,0.5082711498007311,7.258559884213512,51.747395779114456,75.53143531922251,225.8059332768136,2.006572116058739,3,46.05538715219349,32.584078059337685
1786281596000862200,1314.1808623046875,75.28624635189772,0.4858650987127223,7.2587832788877344,51.74718753688708,75.69624634832144,226.05187054539783,2.2458525633151525,3.1200757903695604,46.05504010858825,33.156009964365474
1786281597000890000,1315.1808901367187,75.26643934473395,0.48122268722122735,7.258745678037886,51.746981474561046,75.67643934115767,226.37862294830475,2.122926704471287,3,46.05469128894396,33.249480261281
1786281598000918000,1316.18091796875,75.48625728767365,0.4674504044319325,7.258733300774745,51.74677377688336,75.89625728409737,226.43291012005966,2.002022518172227,3,46.054340668271806,33.36072112843707
1786281599000946000,1317.1809458007813,73.39286877856082,0.1245892122387886,0.7827632643804397,51.74657394090984,73.80286877498455,226.4846778782629,1.373633370266946,3,46.0539738566787,33.39324188232422
1786281600000973800,1318.1809738769532,73.21656118187516,0.12361259758472443,0.7822789079187507,51.74636782772032,73.62656117829889,226.48981418051872,1.377689613724029,3,46.05362168905094,33.478092193603516
1786281601001001500,1319.1810014648438,73.24033257644842,0.11872759461402893,0.7803069576001739,51.74615955508098,73.65033257287214,226.16268910041012,1.3518131326984066,3,46.05326994379845,33.478092193603516
1786281602001030000,1320.1810297851562,73.2380382948497,0.11955083161592484,0.7809107356506324,51.74594741806308,73.64803829127342,226.12113422949977,1.3469086450679826,3,46.0529140905502,33.83551788330078
1786281603001056800,1321.1810568847657,72.88226652248892,0.11967895925045013,0.7806932368142498,51.745734752869915,73.29226651891264,226.0722437354208,1.343303559543821,3,46.05255710193765,33.989192962646484
1786281604001084400,1322.1810844726563,72.86192194614935,0.11818769574165344,0.7799129410624288,51.74552113120695,73.27192194257307,226.13532736259506,1.3313339134091011,3,46.05220040874822,34.14517593383789
1786281605001112000,1323.1811120605469,72.62591175025464,0.12410146743059158,0.7814328182353153,51.74530867426601,73.03591174667837,226.42122542087347,1.301555471619576,3,46.051841072362365,34.03593063354492
1786281606001139700,1324.1811396484375,72.62600255198777,0.30801571388048193,7.258974518679457,51.7450977989212,73.03600254841149,226.42094508999355,2.002021602367698,4.614528491160898,46.05148408351658,34.035930633061135
1786281607001167000,1325.1811669921874,72.45637323055416,0.3080157138804818,7.258974518679223,51.7448876228513,72.86637322697788,226.3095862068727,2.002021602370976,4.664266859527983,46.05112852053649,34.03593063306112
1786281608001194000,1326.181194091797,72.25524628628045,0.308015713880685,7.258974518680195,51.74468431575248,72.66524628270417,226.23634616338666,2.0020216023661925,4.691468031376611,46.05078686369289,33.23685073807487
1786281609001222100,1327.1812221679688,71.3428217926994,0.308015713880685,7.258974518679326,51.744476568218616,71.75282178912312,226.08646517894724,2.0020216023659425,4.687496548955674,46.05044305214062,33.23685073807487
1786281610001249300,1328.181249267578,70.3756998302415,0.30801571388077326,7.258974518679969,51.744274166375895,70.78569982666522,226.0231798300807,2.0020216023640014,4.702260164082176,46.05010614306113,32.88331603960276
1786281611001276400,1329.1812763671876,69.5838114283979,0.3080157138808697,7.258974518679697,51.74407438718114,69.99381142482162,225.96919745212878,2.002021602362163,4.723678077817399,46.04977365830811,32.492973327215765
1786281612001302800,1330.181302734375,68.83043577056378,0.3080157138810421,7.258974518679668,51.7438811924326,69.2404357669875,226.2766970237886,2.0020216023573765,4.7389017748220414,46.04944626611298,31.783716201388255
1786281613001330000,1331.1813298339844,68.08312412537634,0.3080157138810423,7.258974518679618,51.74368676580443,68.49312412180007,226.7804076307603,2.002021602359394,4.773255223938691,46.049109886109726,31.783716201388273
1786281614001357300,1332.181357421875,67.33622120972723,0.3080157138810424,7.2589745186797705,51.74349235763441,67.74622120615095,226.97383775592047,2.0020216023590334,4.767189507476964,46.04877353716704,31.783716201388273
1786281615001383700,1333.1813837890625,66.59329991415143,0.3080157138810321,7.25897451867971,51.74329597483762,67.00329991057515,226.9989450728251,2.0020216023539734,4.675020146900961,46.04843286848116,31.826108932099594
1786281616001410600,1334.1814106445313,65.60934889223427,0.308015713880966,7.258974518679797,51.74309702345235,66.01934888865799,227.03888556769908,2.0020216023531225,4.6242239545056165,46.04808879612628,32.10030364949652
1786281617001438000,1335.1814379882812,64.80944917164743,0.3080157138809648,7.258974518680077,51.742897704268685,65.21944916807115,226.48067027338192,2.0020216023532234,4.625340008872936,46.04775077614878,32.104114532064706
1786281618001464600,1336.1814645996094,63.92958711553365,0.3080157138809644,7.258974518679984,51.74269102267613,64.33958711195737,225.23015014821797,2.002021602354112,4.6402806544574835,46.047418358901915,32.10411453206466
1786281619001491500,1337.1814914550782,62.91371398232877,0.3080157138808247,7.258974518679596,51.74246785418455,63.323713978752494,223.55000877705703,2.0020216023528206,4.545240180139747,46.04708411324258,32.671916961241884
1786281620001518300,1338.1815183105468,61.98002828937024,0.308015713880473,7.258974518679419,51.74223163355302,62.39002828579396,222.68304623437493,2.002021602253455,3,46.04674013984334,34.064888000003094
1786281621001545200,1339.1815451660157,61.29084562137723,0.30801571388047044,7.258974518679694,51.742005817039704,61.70084561780095,222.37197357918694,2.0020216022531505,3,46.0464072884384,34.074184417239
1786281622001570800,1340.1815708007812,60.72609514929354,0.30801571388047044,7.258974518679525,51.74177688796564,61.13609514571726,222.40555062361597,2.0020216023562054,4.43047698296439,46.04607206932133,34.07418441723901
1786281623001599200,1341.1815991210938,59.96147424262017,0.3080157138802998,7.25897451867902,51.74153844938658,60.37147423904389,222.09231472211783,2.0020216022524293,3,46.04572471411472,34.72974395700535
1786281624001625000,1342.181625,59.22149391938001,0.30801571387992993,7.258974518679652,51.741292339220855,59.63149391580373,222.6554366486556,2.0020216022530004,3,46.045357907688796,36.11187744082824
1786281625001651700,1343.181651611328,58.43127588182688,0.30801571387993026,7.258974518679634,51.74105929002541,58.8412758782506,223.5793105268528,2.002021602252669,3,46.0449953919656,36.11187744082827
1786281626001677600,1344.1816774902343,57.99950008094311,1.1567378757527127,7.258938304904891,51.740826862631714,58.40950007736683,224.09201294003472,2.2571338629080278,3,46.04465746007136,35.63893776892919
1786281627001705200,1345.1817053222655,56.92892829887569,1.2631119290837236,7.258939330085209,51.740606018140824,57.33892829529941,224.86901885273616,2.5470649010056645,3,46.044293459598414,35.28476084676675
1786281628001730600,1346.18173046875,55.84010528586805,1.2673034989400684,7.2589299423715925,51.74038904244389,56.25010528229177,225.16847735542592,2.278734635807449,3,46.043934958702415,34.77641944912459
1786281629001758500,1347.1817585449219,54.603998236358166,0.4824473235933628,7.255188116949411,51.74017280922876,55.01399823278189,225.03747339893565,1.9999997625914328,3,46.043583496080586,34.518866919680185
1786281630001784600,1348.1817846679687,53.777099357917905,0.4854130258629635,7.2561783061539,51.73995580837031,54.187099354341626,224.9105486598147,1.999999852721055,3,46.04323551672864,34.15365623512538
1786281631001811000,1349.1818110351562,53.09704794548452,0.4860387787383094,7.256885124405224,51.739741275824734,53.50704794190824,224.85079980262415,1.9999998840620712,3,46.042891561946554,33.75148871156561
1786281632001837300,1350.1818374023437,52.51857259590179,0.48057838162444894,7.257588750778626,51.739529042447884,52.92857259232551,224.9286572901499,1.999999877704024,3,46.04255114701916,33.364088515349394
1786281633001863400,1351.1818635253906,52.22482346650213,0.48169767939234553,7.257868905282052,51.73932090740917,52.63482346292585,225.230935905725,1.9999998797622025,3,46.042212841289825,32.98749406659928
1786281634001890800,1352.1818908691407,51.65560629963875,0.4845544360513604,7.257936021605899,51.739114216128826,52.06560629606247,225.2355189729955,1.9999998602088973,3,46.04187784748864,32.62417808498139
1786281635001917000,1353.1819169921876,51.2983378469944,0.48457397313176276,7.2583148256667664,51.73891078873579,51.70833784341812,225.2461674157602,1.999999825019459,3,46.04154779471306,32.166920714873434
1786281636001943000,1354.1819431152344,50.90296795312315,0.48820037874706274,7.258357308599334,51.73870900863351,51.312967949546874,225.1352681712732,1.9999998613049017,3,46.04122098091331,31.840504038261425
1786281637001970200,1355.1819702148437,50.59284374769777,0.494276032326536,7.25855355431776,51.73850737932575,51.00284374412149,224.3750220430854,1.9999999101683545,3,46.040905086709884,31.37728731220631
1786281638001995500,1356.1819956054687,50.516282711178064,0.5008322287286706,7.258744738699413,51.73830585680225,50.926282707601786,223.82353958875555,1.9999999443983107,3,46.04059494891964,30.996539686737826
1786281639002022100,1357.182022216797,50.399563637562096,0.4945291697215309,7.258814979783386,51.73810393189139,50.80956363398582,222.8622066541305,1.9999999811084563,3,46.04029444536506,30.586022485430927
1786281640002050000,1358.1820500488282,50.0330594945699,0.4999666719551246,7.258271000260038,51.737902681420344,50.44305949099362,222.13362898008043,2.1034168732541247,3,46.040003243265566,30.1666207682477
1786281641002075100,1359.1820751953126,49.87125607766211,0.4981251285790629,7.258590722881667,51.73770420676933,50.28125607408583,221.96991509505395,2.009681949148055,3,46.03971541874893,29.798572083240835
1786281642002101500,1360.1821015625,49.68309162650257,0.49947647784281113,7.258718638749976,51.737508595913184,50.093091622926295,222.08017906233823,2.0048410047462415,3,46.0394307259512,29.428312718663282
1786281643002129200,1361.1821291503907,49.28382895234972,0.5048642588087492,7.258358476052304,51.737316630509866,49.693828948773444,222.1510563040654,2.000544518237348,3,46.03914980121469,28.978947473476005
1786281644002155000,1362.1821550292968,49.07736653741449,0.5061345766113818,7.258533778680513,51.737124417333035,49.48736653383821,221.96712511348983,2.0002722685329806,3,46.03887186516758,28.702951204481394
1786281645002181000,1363.1821811523437,48.70996224414557,0.5071867773653898,7.258584823643276,51.73693310193391,49.11996224056929,221.27275639663864,2.00003421089039,3,46.03860180085313,28.353945907304517
1786281646002207200,1364.1822072753907,48.2824604511261,0.5092067515611858,7.258256886116338,51.73673937817994,48.69246044754982,220.02405611402133,2.0000171701139617,3,46.038342248751384,28.06832509575967
1786281647002233900,1365.1822338867187,48.09330437704921,0.5119634128406785,7.258586801660489,51.73654596702083,48.50330437347293,219.00818907224294,2.000002580432382,3,46.03809152018549,27.679484857902114
1786281648002260200,1366.1822602539062,48.14035767316818,0.5209967500877032,7.258948123433542,51.736354800868085,48.550357669591904,218.60538358957993,2.0000013556968863,3,46.037846356006995,27.23502421594988
1786281649002286800,1367.1822868652343,47.669286656193435,0.531970433267149,7.258550419156494,51.73616046232279,48.07928665261716,218.65542773586975,2.046720944187296,3,46.03759722279386,27.43600816563367
1786281650002312700,1368.1823127441405,47.52294488623738,0.5524208290610201,7.258876436015503,51.73596921620837,47.932944882661104,218.53865104461286,2.0233605553546066,3,46.03734822568704,27.54374939455475
1786281651002339800,1369.18233984375,47.29984371364117,0.531177525937649,7.258877798700271,51.735764717381876,47.70984371006489,216.65541373223786,2.1545628151803555,3,46.0371063412447,28.052239101897474
1786281652002365700,1370.1823657226562,46.936486491933465,0.5117343387162983,7.258611111948007,51.73555635842062,47.346486488357186,215.02248907462425,2.2948073918480056,3,46.03687422643873,28.047253058783397
1786281653002392800,1371.1823928222657,46.79642881359905,0.5143814897922513,7.258753889596699,51.73534846787576,47.20642881002277,213.8640196839165,2.0426000159681843,3,46.036652757336924,27.810571825493838
1786281654002417700,1372.1824177246094,46.62156187836081,0.5142674699468214,7.258863696018998,51.735141333230736,47.03156187478453,212.8812885423453,2.021300101154287,3,46.03643885003204,27.451685204073357
1786281655002444300,1373.1824443359376,46.44189965724945,0.5201792348908121,7.25884913518557,51.73493524132555,46.85189965367317,211.98152775139386,2.2787170676683703,3,46.036232442284486,27.062654266916006
1786281656002470100,1374.1824702148438,46.123201908543706,0.5163344853246202,7.258481314790049,51.734729269647026,46.53320190496743,210.85229531587117,2.152468503235237,3,46.03603690403715,26.658712867807047
1786281657002497500,1375.1824975585937,45.92890654318035,0.5127652305860165,7.2586039607927635,51.73452122500632,46.33890653960407,209.94190225702602,2.0265531885282226,3,46.035845489375546,26.677092553260003
1786281658002523400,1376.1825234375,45.583975470624864,0.5176537935260332,7.25848095158563,51.73430840493812,45.993975467048585,208.96545413416948,2.111246980474133,3,46.03565705822463,26.95857570632301
1786281659002550500,1377.1825505371094,45.2399686826393,0.5189286417482889,7.25854209953473,51.73409644871247,45.64996867906302,208.5755056864128,2.060533955754752,3,46.035472444981565,26.80640403701343
1786281660002576400,1378.1825764160155,45.118918160907924,0.5215872058348848,7.2584239395083525,51.733884729603304,45.528918157331645,208.77585914407416,2.030267144561943,3,46.035283568108504,26.854755856167603
1786281661002603300,1379.1826032714844,44.98975450079888,0.5192815576163547,7.258596451681623,51.73367426201648,45.3997544972226,208.24892151649968,2.0052611554295803,3,46.035101224928134,26.653650587666306
1786281662002630000,1380.1826298828125,44.90424762479961,0.5167515489176647,7.258829669578755,51.7334638508465,45.31424762122333,208.07067337409825,2.002630776881366,3,46.03492058031859,26.607444470897608
1786281663002655500,1381.182655517578,44.57026687916368,0.5229931614614353,7.25862228119282,51.7332483803488,44.980266875587404,207.0023096711817,2.000457328415642,3,46.03474387960913,26.760949058280428
1786281664002682000,1382.1826821289062,44.222488168627024,0.5195374042023992,7.25853269860768,51.73303410429558,44.632488165050745,205.67614328019198,2.188617317014382,3,46.034580184436116,26.43762342442148
1786281665002708500,1383.1827084960937,43.92005315888673,0.5150678063173078,7.25849656896114,51.73281876075089,44.33005315531045,205.1868504482895,2.0335469398228643,3,46.03441713691715,26.449884875628012
1786281666002734000,1384.1827341308594,43.689521012827754,0.5169556200664874,7.258516890255918,51.73259922689614,44.099521009251475,204.23571049199415,2.101021758254061,3,46.03425960400727,26.642634291126356
1786281667002761200,1385.1827612304687,43.40747965872288,0.5200978827977427,7.258605579961429,51.732379701862435,43.8174796551466,203.11453072762862,3.0842143485772553,3.6543459008470736,46.034110090838524,26.46145343269719
1786281668002786000,1386.1827861328125,42.95500551909208,0.5253253996976023,7.258176084940938,51.73216073760872,43.365005515515804,201.086277436204,2.636660388081399,3.117149790623153,46.03397706943763,26.086918771246495
1786281669002813200,1387.182813232422,42.56506342161447,0.5289622167382821,7.257997858488422,51.73194248273106,42.97506341803819,199.82408813439582,2.421098657515664,3,46.0338519713714,25.742458569651056
1786281670002839000,1388.1828391113281,42.02186605334282,0.5432940341800235,7.25735202043597,51.731725287535276,42.43186604976654,199.5179884108929,2.210549532408668,3,46.03372935320216,25.544480100320094
1786281671002865700,1389.1828657226563,41.68104893993586,0.5308820835311534,7.257612549481583,51.73151518187249,42.091048936359584,200.78323027779368,2.0426666571703516,3,46.03359934077727,25.178950216265577
1786281672002892500,1390.182892578125,40.99891114607453,0.5470420669896299,7.256500006373167,51.731309543616916,41.408911142498255,201.49927481595023,2.0213335019120695,3,46.03346769887379,24.54498917535084
1786281672999749000,1391.1797490234376,40.62676233518869,0.5619853587537881,7.257033586545743,51.73112612153025,41.03676233161241,201.29284984532896,2.005029440249176,3,46.033352939255664,22.310108398237684
1786281673999734500,1392.1797346191406,40.118932727724314,0.5741815463343322,7.256737968432661,51.73095951912506,40.528932724148035,201.06205117176714,2.0025148583043615,3,46.033249815274324,20.291876924153676
1786281674999762000,1393.1797619628906,39.717117010615766,0.5848920986970078,7.256218854612588,51.7308084615957,40.12711700703949,201.19840138960325,2.049729923603509,3,46.033155249045926,18.334915676367203
1786281675999751000,1394.1797509765624,39.28083165176213,0.6135626092938092,7.255562559193454,51.73068197820439,39.69083164818585,201.13486701241976,2.0192027953363287,3,46.033077054068556,15.596828723718673
1786281676999742500,1395.1797424316405,39.099071013741195,0.6473788081629243,7.256859900834528,51.73058275435948,39.50907101016492,201.50747708936436,2.008795928488586,3,46.03301355672354,12.685556844095919
1786281677999773700,1396.1797736816407,38.90704949013889,0.6451757629873831,7.254783317315378,51.73050822771107,39.31704948656261,201.71454880553657,2.00464241287998,3,46.03296543788318,9.722245291355433
1786281678999717000,1397.1797170410157,38.670658401213586,0.6467110665771229,7.777329439974354,51.730459662241145,39.08065839763731,201.82033902061875,2.0027919741883804,3,46.03293402928429,6.72975279294753
1786281679999660800,1398.1796608886718,38.661721447482705,0.6400649822283825,13.308034644742175,51.73043544294513,39.071721443906426,201.6864023609345,2.002093978524478,3,46.03291833219596,3.8946239726678478
1786281680999696100,1399.179696044922,38.669893017970026,0.638835974317591,36.69026465427301,51.73043334117116,39.07989301439375,202.2614003541769,2.094280183179675,3,46.032916179062155,1.4096154184965901
1786281681999696600,1400.179696533203,38.72290002927184,0.7906165506298499,180,51.7304352159182,39.13290002569556,202.63621934530602,2.078566803013635,3,46.03291717625723,0.20512617361714525
1786281682999695400,1401.1796953125,38.68596374895424,0.8891443586074738,180,51.730435502118894,39.09596374537796,202.63622001887967,2.0673429718116036,3,46.032918041247314,0.024597061624586327
1786281683999736300,1402.179736328125,38.60518228262663,0.8819450808167429,180,51.73043553722293,39.01518227905035,202.6362191174215,2.0589251004234335,3,46.03291688062903,0.027736309897221128
1786281684999738000,1403.1797380371095,38.613080548122525,0.880441792896419,180,51.73043593404648,39.02308054454625,202.63621924407877,2.052377866836121,3,46.03291704083252,0.008151402711818629
1786281685999741400,1404.179741455078,38.52177305333316,0.882765023045676,180,51.730435453030815,38.931773049756885,202.63621874127927,2.047140081099224,3,46.03291639705495,0.06162613219127476
1786281686999784000,1405.1797839355468,38.48009396903217,0.8862544795553532,180,51.73043617671987,38.89009396545589,202.63621896574264,2.0428546183569534,3,46.03291668082353,0.010863648891849615
1786281687999824600,1406.1798247070312,38.499414204619825,0.8879944892815381,180,51.73043596449492,38.909414201043546,202.63621866862985,2.039283400210194,3,46.03291629989054,0.01382531997565137
1786281688999864000,1407.179864013672,38.47476828377694,0.883119736461466,180,51.73043575450592,38.88476828020066,202.6362187543945,2.0365209439453915,3,46.03291641178605,0.030428745754310805
1786281689999903000,1408.179903076172,38.53245233558118,0.8830527154038514,180,51.73043680129029,38.942452332004905,202.6362189552067,2.0339123047957064,3,46.03291666280525,0.010789061059477183
1786281690999940900,1409.1799409179687,38.47143623791635,0.8835806083757731,180,51.7304365535024,38.88143623434007,202.6362189431944,2.0316514851283536,3,46.032916649110845,0.05640154426176354
1786281691999978500,1410.179978515625,38.46107335574925,0.8848931820186761,180,51.730436605740515,38.87107335217297,202.6362189967551,2.0564895448091005,3,46.03291671768212,0
1786281693000015400,1411.1800153808595,38.46107335574925,0.8847004259718244,180,51.730436605740515,38.87107335217297,202.6362189967551,2.130869031245142,3,46.03291671768212,0
1786281694000051200,1412.1800512695313,38.58548188768327,0.6439510804071668,33.927001056145365,51.730421545933574,38.995481884106994,199.01445850859616,2.1235985573231346,3,46.03290898597812,1.537904621107717
1786281695000086800,1413.1800866699218,38.46010833606124,0.6384672696264316,14.088127670935659,51.73038415855424,38.87010833248496,201.24580570886263,2.1170934202657317,3,46.03288428551331,3.6689231219695357
1786281696000122000,1414.1801220703126,38.23924688436091,0.6419613015197515,9.828387010281931,51.7303353892833,38.64924688078463,201.51899917951116,2.1143463990491425,3,46.03285311851799,5.286806772016394
1786281697000156700,1415.1801567382813,38.21940246783197,0.6396847592882308,7.541602332716157,51.73027370047687,38.62940246425569,201.66487075304607,2.108629106588447,3,46.03281359550222,6.870880725326922
1786281698000191200,1416.1801911621094,37.99158256035298,0.6411377374222325,7.254962614437771,51.73020254980368,38.4015825567767,201.86264167275627,2.0936544662487955,3,46.03276748807413,8.14940151852222
1786281699000225000,1417.1802250976561,37.840293534100056,0.6373868140943129,7.255665097943457,51.730127306984755,38.25029353052378,201.92885943334505,2.0699972987006143,3,46.032718932184,8.857589294419578
1786281700000258000,1418.1802580566407,37.70284582860768,0.6379193792942778,7.257755179974403,51.73004331796349,38.1128458250314,201.77794109544854,2.112223571089391,3,46.03266548002111,9.807160420676542
1786281701000290800,1419.1802907714844,37.50507393386215,0.6380005514252234,7.258132018727711,51.72994669705704,37.91507393028587,201.95229768879045,2.0670743281903237,3,46.032602413063564,11.183795318823522
1786281702000323800,1420.1803237304687,37.33101147972047,0.6405013288017355,7.258594402620373,51.729839264345095,37.741011476144195,201.8640734268076,2.0357400022360195,3,46.03253317060135,12.480870212112388
1786281703000355800,1421.1803559570312,37.68331943731755,0.6272691620633035,7.258740309229113,51.72972757315701,38.09331943374127,201.35715380926348,2.0181534269218266,3,46.03246367840902,13.127843231777353
1786281704000387800,1422.180387939453,33.34846554744032,0.15290427207946777,0.9170664479691641,51.729615220214384,33.75846554386404,202.23081273933096,1.444870604279864,3,46.03237075493646,14.20081615447998
1786281705000419600,1423.1804196777343,33.3755149888779,0.15071779489517212,0.9098514203281035,51.729486894768925,33.785514985301624,202.8876720318111,1.4253443132376882,3,46.03228326610134,15.89388656616211
1786281706000450000,1424.1804499511718,33.53667767867287,0.14785513281822205,0.9038284741406216,51.72935043684354,33.946677675096595,203.49038158455136,1.3950186408703307,3,46.03218732293467,16.83740997314453
1786281707000481500,1425.1804814453126,33.647467617161865,0.13600553572177887,0.8951478906749172,51.72920530997228,34.05746761358559,203.65322695474282,1.372519641398932,3,46.03208583697362,16.83740997314453
1786281708000512000,1426.1805119628907,33.79414972522262,0.12591618299484253,0.8888621422869485,51.729052553559605,34.20414972164634,204.32111017254334,1.3818106811956947,3,46.03197857119531,17.831249237060547
1786281709000543700,1427.180543701172,33.800416274111065,0.15577515959739685,0.8967091758696469,51.72889534260582,34.210416270534786,204.86344085302068,1.3990346932700974,3,46.03186027666564,19.220930099487305
1786281710000573200,1428.1805732421874,34.260884343171476,0.15252593159675598,0.8911132765878496,51.72873801346736,34.6708843395952,205.12073407905507,1.3740316088964337,3,46.03173770142566,19.742509841918945
1786281711000603600,1429.1806037597655,34.113331031040595,0.14752641320228577,0.8854992346160693,51.72857301900069,34.523331027464316,205.33767454747303,1.3545898365217324,3,46.031609150010446,19.742509841918945
1786281712000633300,1430.1806333007812,34.46878137357865,0.1409406065940857,0.8781187349701944,51.72839539934413,34.87878137000237,205.91437473985388,1.3848447826009997,3,46.03147280553321,20.756145477294922
1786281713000663000,1431.1806630859376,34.84512835396638,0.15977409482002258,0.8823231966520133,51.728205953935905,35.2551283503901,206.3445127330246,1.4119050399358795,3,46.031324124325316,24.33258628845215
1786281714000693200,1432.180693359375,34.523655643740085,0.14208701252937317,0.8700528151689383,51.7280039837396,34.933655640163806,206.53846278469626,1.4308336168254625,3,46.03116231022067,25.837427139282227
1786281715000722000,1433.180721923828,34.169461274043044,0.12987466156482697,0.8642316263662363,51.7277902833355,34.579461270466766,206.67615939836372,1.4553685897753854,3,46.030989835681304,25.837427139282227
1786281716000751600,1434.1807517089844,34.12465939892879,0.15751570463180542,0.872772404397367,51.72756855043597,34.53465939535251,207.0235564799289,1.512703335987568,3,46.030809272011446,27.229856491088867
1786281717000780500,1435.1807805175781,34.124717589467764,0.3080157138820532,7.2589745186796195,51.72735053574074,34.534717585891485,207.02341590523696,2.018153076946756,4.0024101795545,46.03063021269339,27.229856490840724
1786281718000810200,1436.1808103027345,34.27660301922988,0.20588260889053345,0.880076598023608,51.72712720006748,34.6866030156536,206.66372845407432,1.5073737977884112,3,46.03044786064969,27.42573356628418
1786281719000838700,1437.1808386230468,34.43883699009633,0.21714286506175995,0.8793099092892741,51.72690825547939,34.84883698652005,206.80415714340978,1.4939128790871825,3,46.030269972240724,27.3592472076416
1786281720000868000,1438.1808681640625,34.36117036555192,0.15430496633052826,0.8578142367541862,51.72668229987536,34.77117036197564,206.4665955342494,1.4328663344598342,3,46.03008939288423,27.3592472076416
1786281721000896500,1439.180896484375,34.356265988423345,0.13549569249153137,0.8553192433555745,51.72644653935578,34.76626598484707,205.88690371901208,1.410872511040931,3,46.02990464197866,29.773902893066406
1786281722000925200,1440.1809252929688,34.23452612104838,0.11735887080430984,0.8523988038768652,51.72620125223738,34.644526117472104,206.05537716507962,1.387228482968969,3,46.029714652622204,30.90801239013672
1786281723000953600,1441.1809536132812,34.29674221055342,0.11219709366559982,0.8511359125715005,51.72594784218715,34.70674220697714,206.28354646449307,1.3823066808413946,3,46.029515101985325,30.90801239013672
1786281724000981800,1442.1809816894531,33.971856636319366,0.10978478938341141,0.8488980117621163,51.72568443975529,34.38185663274309,206.33500510969995,1.3801069192770479,3,46.029307795915024,32.053646087646484
1786281725001010000,1443.1810100097657,34.00089391351496,0.10782521218061447,0.8464268706647469,51.725411980610865,34.41089390993868,206.29278088025092,1.3787544280953938,3,46.029092040836574,34.17540740966797
1786281726001038300,1444.181038330078,34.00098554044962,0.30801571388043836,7.258974518679316,51.72513659869361,34.41098553687334,206.29260888868487,2.0181530770062945,4.391252791069346,46.02887295716723,34.17540740917736
1786281727001067000,1445.1810668945313,33.81600841972977,0.3080157138804262,7.258974518679517,51.72486008878783,34.22600841615349,206.47209127210098,2.018153077004941,4.364150142251849,46.028653746655685,34.22274398754447
1786281728001094400,1446.181094482422,34.2751800538972,0.3080157138804385,7.258974518679783,51.72458812028458,34.68518005032092,206.6448805917637,2.018153077002382,4.3282149894060105,46.028431898446016,34.17540740917738
1786281729001123300,1447.1811232910156,33.94798020929244,0.11976798623800278,0.8418087556513191,51.7243247092324,34.35798020571616,206.356219677262,1.445178860819812,3,46.02821914933315,33.403804779052734
1786281730001150700,1448.1811506347656,33.85079247577043,0.11681772023439407,0.8389723595159126,51.72405272494026,34.260792472194154,206.51268565076865,1.4721266849397807,3,46.028001835162286,33.908470153808594
1786281731001178600,1449.1811787109375,33.54835203247815,0.11686631292104721,0.8394664810136807,51.72377644600953,33.95835202890187,206.20155687369623,1.4591703208737308,3,46.02778085238408,33.908470153808594
1786281732001206800,1450.1812067871094,33.5945176535067,0.11842241138219833,0.8401781013478314,51.72349413343345,34.00451764993042,205.35759137909278,1.4284238828256315,3,46.02756005886338,34.48076248168945
1786281733001234400,1451.181234375,33.20827591117919,0.12414204329252243,0.8414436073349879,51.72320968487633,33.618275907602914,203.74781141436915,1.4371712334579623,3,46.02734822900356,34.87138748168945
1786281734001262600,1452.1812626953124,33.20837131422013,0.30801571388025567,7.258974518679425,51.72292280743858,33.61837131064385,203.74765187801972,2.018153076999989,4.21276121426614,46.027145004668235,34.87138748116818
1786281735001289700,1453.181289794922,32.84302919730544,0.30801571388016846,7.258974518679564,51.72262233353988,33.25302919372916,201.1595854598669,2.0181530769968448,4.1277852907579495,46.026969864598335,35.19723892158303
1786281736001318700,1454.1813186035156,32.59007980488241,0.3080157138801678,7.258974518679352,51.72231784376405,33.00007980130613,198.99789939864604,2.0181530769075167,3,46.02680908165681,35.19723892158295
1786281737001345500,1455.1813454589844,32.57097526732832,0.3080157138800289,7.258974518679469,51.722004970409785,32.98097526375204,197.26742607053086,2.0181530769948304,4.043064538104411,46.02665634874344,35.71268844548477
1786281738001373200,1456.1813732910157,32.707519949413836,0.3080157138797471,7.258974518679743,51.72167747209921,33.11751994583756,194.34756452887237,2.0181530769976628,3.987697481143632,46.02653084281641,36.737300872192904
1786281739001400600,1457.1814006347656,32.8832648783034,0.13800296187400818,0.8388622227155461,51.72134105493672,33.29326487472712,188.87642687412202,1.5434341257760116,3,46.02645008943592,37.2159423828125
1786281740001428200,1458.1814282226562,33.190099574752615,0.1389389932155609,0.8392374562330738,51.72100286025889,33.60009957117634,186.21766645666784,1.5058801860277249,3,46.02638244837558,37.641902923583984
1786281741001455400,1459.1814553222657,32.95339204684888,0.14680196344852448,0.8412639413433048,51.720659495085684,33.363392043272604,183.80360439641854,1.4411430589479628,3,46.02633404698291,38.66437911987305
1786281742001483300,1460.181483154297,32.9535093633458,0.3080157138791949,7.2589745186794605,51.72031275479361,33.36350935976952,183.80357526105277,2.018153077025908,4.201150741392817,46.02629693176885,38.66437911916192
1786281743001511200,1461.1815112304687,32.92656358454346,0.13486658036708832,0.8355593993650219,51.71995176487773,33.33656358096718,179.97573051664628,1.4183891754643627,3,46.026299169743865,39.39811706542969
1786281744001538000,1462.1815380859375,32.926685395650566,0.30801571387897775,7.258974518679306,51.71959766440047,33.33668539207429,179.97573070621127,2.0181530770367653,4.2685458513641,46.026299411230916,39.39811706467728
1786281745001566000,1463.1815659179688,32.93844928406179,0.3080157138787687,7.258974518679314,51.71922680816765,33.34844928048551,179.7645156184663,2.0181530770452625,4.304905509785478,46.026305145255215,40.09210586468565
1786281746001593600,1464.1815935058594,34.29958917583322,0.12875038385391235,0.825335940198835,51.718848412838994,34.70958917225694,181.61159178608634,1.3864527124622474,3,46.02629151255872,41.19618225097656
1786281747001620200,1465.1816201171875,35.122214276030576,0.11758139729499817,0.8203147906635236,51.718483485507136,35.5322142724543,181.5784790289901,1.3767867483322698,3,46.0262745279944,41.129310607910156
1786281748001647900,1466.1816479492188,35.12234702240676,0.30801571387844945,7.258974518679346,51.718113965720384,35.53234701883048,181.57846616030162,2.018153077062047,4.397528693439274,46.026258134223255,41.12931060705414
1786281749001700600,1467.1817006835938,35.811921805143356,0.3080157138786771,7.258974518679564,51.71776575119166,36.22192180156708,182.0575047046834,2.0181530770591447,4.436616127634361,46.02623856663597,40.391468047284896
1786281750001703200,1468.181703125,35.987467577680945,0.3080157138796659,7.258974518679608,51.71745798560556,36.39746757410467,183.77722582440174,2.0181530770375793,4.523497734419621,46.026197891325374,37.023273467393246
1786281751001730000,1469.1817299804688,36.16667714435607,0.30801571387966586,7.258974518679453,51.71713544457775,36.57667714077979,186.37352567312448,2.0181530770384954,4.535591258986609,46.0261315894169,37.02327346739324
1786281752001757700,1470.1817578125,36.496417324990034,0.3080157138800298,7.258974518679252,51.71683601765233,36.906417321413755,190.54271392619364,2.018153077024269,4.4874816145690195,46.026026570883246,35.704399108326804
1786281753001785300,1471.1817854003907,36.70062467083335,0.3080157138802004,7.2589745186794286,51.71654013601528,37.11062466725707,194.1823890562848,2.018153077008991,4.33148567388413,46.02588775256563,35.07088088936202
1786281754001811700,1472.1818117675782,37.45921873021871,1.264945045780711,7.258971788450389,51.71623820123032,37.86921872664243,195.82207756393788,2.000093930577473,3,46.02578199321087,35.00168381265592
1786281755001839600,1473.1818395996095,37.87245362158865,1.2678635311724187,7.2589703984938385,51.715939590376266,38.28245361801237,199.02850746665658,2.7643042857350584,3,46.02559034777878,35.235043232589106
1786281756001866800,1474.1818666992187,37.9662851979956,1.268090257089156,7.258973320813549,51.71564474186192,38.376285194419324,202.50191709829102,2.000000278614325,3,46.025364472676955,35.53977866767225
1786281757001894000,1475.181893798828,38.20399482175708,0.4989450638277876,7.2589561879081685,51.715372623181736,38.6139948181808,208.84806439328128,2.000000730810675,3,46.02504574189883,36.28401501308517
1786281758001921000,1476.1819211425782,38.645384246483445,1.46568296546988,7.258970693183188,51.71508231036831,39.05538424290717,209.3603167534383,2.0000001023335723,3,46.02481453427375,36.33150033766499
1786281759001949700,1477.1819497070312,39.97259426768869,0.7191286997453454,7.256852643817349,51.7148262534866,40.38259426411241,214.2818656367893,2.0000002613180383,3,46.024462812006675,36.25412330901987
1786281760001976000,1478.1819760742187,41.134538383223116,0.4968328362300798,7.256500742305745,51.71457948242732,41.54453837964684,218.3482089040867,2.465612653972474,3.044204842842366,46.024126376274644,35.92623991378441
1786281761002003200,1479.1820031738282,41.86004362907261,0.48271614563433746,7.257408486403064,51.71433383513967,42.27004362549633,220.56201226065866,2.057479304432822,3,46.02378635278757,35.95885235555249
1786281762002029800,1480.1820297851561,42.458572106435895,0.4861378275217571,7.257956478545236,51.714098469879644,42.868572102859616,222.79279509870565,2.0287400008635026,3,46.02343260837771,35.85377681113433
1786281763002057000,1481.1820568847656,42.87852763198316,0.5167958532513381,7.258390044093588,51.71386358917333,43.28852762840688,223.3972668282232,2.000000653463284,3,46.023074290060634,35.88910107916501
1786281764002084900,1482.1820849609376,43.53720790799707,0.4813345506010963,7.258378210219977,51.71362886609134,43.94720790442079,223.78763335236732,2.000000664805973,3,46.02271301303841,36.094011667365024
1786281765002111500,1483.1821115722655,43.82563656475395,0.47890136972841035,7.258879669856548,51.71339483188268,44.23563656117767,224.0172084545543,2.0346420070924096,3,46.02235112342872,36.16637207348948
1786281766002138600,1484.182138671875,44.06376570649445,0.46781323385503765,7.258899925361039,51.71316205399653,44.47376570291817,224.45719649960384,2.0173213462284996,3,46.02198205643993,36.275027720318015
1786281767002166300,1485.1821662597656,44.18187026306987,1.4611766405913296,7.258973666416447,51.71292414069244,44.59187025949359,224.44925677791684,2.0957681806175974,3,46.021623630507065,36.30242255653764
1786281768002193400,1486.182193359375,44.31384093873203,0.655800556285924,7.258961678932949,51.712687589096994,44.72384093515575,223.92863470251075,2.0957685316618355,3,46.02124344834595,36.87777761294149
1786281769002220300,1487.1822202148437,45.19134460110217,0.4775873277971287,7.25855043687945,51.71243965903736,45.601344597525895,222.98946540533407,2.047884757323826,3,46.020873139778935,37.38141465549459
1786281770002247400,1488.1822473144532,45.480617644265294,0.4837272685742524,7.258649211458984,51.712179922064415,45.890617640689015,221.3515570020732,2.000000565951778,3,46.020509897364064,38.13684840862805
1786281771002274600,1489.1822746582031,45.43216114025563,0.4513101611161443,7.25896824627807,51.71191601486119,45.84216113667935,220.81465330798832,2.0154583976158107,3,46.02014419112813,38.575339244118354
1786281772002302200,1490.1823022460937,45.24300284019257,0.20602282881736755,0.8364289678237291,51.71164359216806,45.65300283661629,218.5234776835877,1.4459804159584055,3,46.01975402367265,38.96485900878906
1786281773002329900,1491.1823298339843,44.562329513952136,1.0093715132974288,7.258815256727856,51.71137169080809,44.97232951037586,218.84300412298515,2.015457375520266,3,46.01943310392035,38.991209367840234
1786281774002356700,1492.1823566894532,45.428810578770936,0.5046967247854647,7.258972816855358,51.71108576987623,45.83881057519466,216.9728052369892,2.8602128454574762,3.872010219386001,46.019103738202965,38.81159792302291
1786281775002383400,1493.1823833007813,45.29755543358624,0.4731830515333354,7.258846458842697,51.71080725491965,45.70755543000996,215.8339536070253,2.9399138089820904,4.1384934394679265,46.01878097267644,38.340606911342384
1786281776002410000,1494.1824099121093,45.69374560657889,0.48825035910861153,7.2589430201157406,51.71053023656804,46.10374560300261,215.41255228676474,2.1125691149670054,3,46.01846405550909,37.887615811694424
1786281777002438000,1495.1824379882812,45.56776889227331,0.4885812015798293,7.258970878612365,51.71025426293279,45.97776888869703,215.8604423164702,2.056284888087481,3,46.018142787517725,37.83132400315455
1786281778002465300,1496.1824653320311,45.74305699206889,0.4790867101827546,7.258898533600058,51.70998041784895,46.15305698849261,216.42439174419175,2.0000005687131246,3,46.01781635224537,37.83225481438167
1786281779002492400,1497.1824924316406,45.93421867955476,0.4741459618045755,7.258888886873546,51.70970838160566,46.34421867597848,216.99960940025542,2.00000056439215,3,46.017486326580816,37.83798296993715
1786281780002518500,1498.1825185546875,46.56551084108651,0.46318578775088143,7.2584784821493615,51.70944576493058,46.97551083751023,218.20875594931732,2.0000006898631417,3,46.01714982767348,37.47093988006285
1786281781002547000,1499.182546875,46.726178470999,0.46735375465229856,7.258845503923992,51.709193593424885,47.136178467422724,219.80477727189324,2.000000662848566,3,46.016807236201615,36.84818343770672
1786281782002573600,1500.1825734863282,46.93325996864587,0.5334294056886264,7.258906043508343,51.708946472833546,47.34325996506959,219.9357671708307,2.0000004283733346,3,46.016470840640565,36.19924951636072
1786281783002601200,1501.1826013183593,46.82311552669853,0.4891265741286443,7.258961856258222,51.70869811390154,47.23311552312225,218.85894192484497,2.060450666397556,3,46.01615066548912,35.516798198603006
1786281784002628000,1502.182628173828,47.04733953718096,0.4898436333160971,7.2589311615195085,51.70844171795166,47.45733953360468,216.62182070999071,2.0000005129864586,3,46.01584629498587,35.40329426646854
1786281785002655200,1503.1826552734376,46.92803469579667,0.48107895854190386,7.2589417465235915,51.708173470119135,47.33803469222039,213.44718219239425,2.0000005600841306,3,46.01556536059655,35.53047717228679
1786281786002681900,1504.1826818847655,46.791277951560915,0.48825370351077746,7.258891280275295,51.7078921908323,47.201277947984636,210.3056951108403,2.0000005917306685,3,46.01530479709189,35.96149669129338
1786281787002709000,1505.182708984375,46.62831972911954,0.49231365547663153,7.25892040686699,51.70759944240129,47.03831972554326,206.74976841951633,2.000000667992221,3,46.01507129212457,36.27699222199216
1786281788002736000,1506.1827360839843,46.34563892893493,0.5246366925379812,7.258859653921233,51.70729507264127,46.75563892535865,203.59373615370137,2.0000003679751113,3,46.014857901340875,36.79122604018853
1786281789002763300,1507.1827631835938,46.269441759213805,0.7045984840297722,7.258950581611401,51.70698753639746,46.67944175563753,201.99396428355615,2.0000003750579802,3,46.01465633068506,36.96536981379741
1786281790002790400,1508.182790283203,45.43688310775906,1.4601177994117345,7.258971515571535,51.706670662984926,45.84688310418278,201.26610082157612,2.0000000245997662,3,46.0144446847818,37.30667724046881
1786281791002817800,1509.1828178710937,45.201028030365705,0.7426514434074144,7.258885800440717,51.706340107260715,45.61102802678943,199.230944172824,2.0000004242483103,3,46.01429797035684,37.9332440125257
1786281792002844400,1510.1828444824218,45.92764298059046,0.5851191086287283,7.258694615936603,51.7060176889841,46.337642977014184,199.65861336153088,2.000000446990634,3,46.014109766422514,38.17983119616771
1786281793002872300,1511.182872314453,45.304857038892806,1.4641045198287745,7.258974439749398,51.70570061971966,45.71485703531653,199.39273955986218,2.289160016957447,3,46.01392043921079,38.43560169743361
1786281794002899200,1512.182899169922,45.0994502203539,0.7902330972200905,7.258906133139808,51.70535816894567,45.50945021677762,199.28791437037444,2.289160254377425,3,46.013738758859134,38.68845412162341
1786281795002926000,1513.1829260253905,45.14743433333933,0.48979317655630283,7.2589587589526,51.705037478419136,45.557434329763055,199.3104409251819,2.000000846357496,3,46.01355640500845,38.07099628624523
1786281796002953500,1514.1829533691407,44.80513938702643,0.49333850613403196,7.25896598870521,51.70472171631044,45.21513938345015,199.37528505789797,2.0000006801012704,3,46.01337642833692,37.398969355936046
1786281797002980000,1515.1829799804686,44.65482599101961,0.4902259186718695,7.258920255912092,51.70441215052804,45.06482598744333,199.7186453680388,2.0000006228691687,3,46.013196701003025,36.782684772550546
1786281798003008000,1516.1830080566406,44.47850907128304,0.4800468016833041,7.258913926099115,51.70410649622908,44.888509067706764,199.77035401107338,2.5459938032182317,3.3450526339448543,46.01301966849369,36.24596202770189
1786281798999980800,1517.1799807128907,44.322512516751885,0.48896405958064393,7.258843966297793,51.7038054506066,44.73251251317561,199.68265972103552,2.000000587269097,3,46.01284686425568,35.70922988388626
1786281799999963600,1518.179963623047,44.227674532681704,0.48294653427715095,7.258921538674216,51.70350806978721,44.637674529105425,199.80464456612896,2.000000794670456,3,46.01267334671839,35.18679502212748
1786281800999994400,1519.1799943847657,44.210713471286,0.4924572182891981,7.258960478756884,51.70321643610851,44.62071346770972,199.98884507420138,2.1722703468484865,3,46.012501625846205,34.577447818342044
1786281801999982600,1520.1799826660156,44.14401918370277,0.4965317955751701,7.2589722192629615,51.7029294562164,44.55401918012649,200.49090800592893,2.086135493537698,3,46.01232877540557,34.064562379694316
1786281802999970800,1521.179970703125,43.92080721165985,0.5096270454560454,7.258924583127861,51.7026494240545,44.33080720808357,200.96455164620517,2.000000575180551,3,46.01215557169612,33.45661415634663
1786281804000003300,1522.1800034179687,44.01318960543722,0.5435126391426139,7.25897451581212,51.70238013451191,44.42318960186094,200.96641765737232,2.000000547064355,3,46.01198870173437,32.16961916664374
1786281804999989200,1523.1799892578124,43.74964293092489,0.5268022781713725,7.25891354078242,51.70212519279757,44.159642927348614,200.52257071452635,2.0000005634689906,3,46.0118362280294,30.445873554444066
1786281805999975700,1524.1799755859374,43.90570674743503,0.5373588267002662,7.258965720968936,51.701885302191116,44.315706743858755,200.15744534419431,2.0000005484894614,3,46.01169503574181,28.61326083694614
1786281807000006700,1525.1800065917969,43.91026427876204,0.5331872821589156,7.258888380606655,51.70165871367832,44.320264275185764,199.72397283357535,2.0000006910708628,3,46.011564969397234,27.00613625208249
1786281807999994400,1526.1799943847657,43.81800216156989,0.5483786836454685,7.258936774691151,51.701447310036414,44.228002157993615,199.60773710658097,2.0000005356471315,3,46.01144425398996,25.28372185662202
1786281808999981000,1527.1799809570311,43.58880817051977,0.5542234787810834,7.258893235999747,51.701247106973256,43.99880816694349,199.98637477049604,2.0000005119758875,3,46.01132596497229,23.923419683236972
1786281809999998500,1528.1799985351563,43.057018178515136,0.5671102032230444,7.258175450947017,51.701058071724724,43.46701817493886,200.02073982751443,2.065308114668509,3,46.01121450485023,22.624742246405734
1786281810999984400,1529.179984375,43.22565235197544,0.5763589659538244,7.258969109775506,51.70088010484653,43.63565234839916,199.81798031840083,2.018036916639337,3,46.01111249174116,21.26083575796199
1786281811999967000,1530.1799670410155,43.05258621182293,0.5799702249065118,7.2588834748149385,51.70071220408252,43.46258620824665,199.75737295914405,2.00901864311861,3,46.01101555222287,20.01821334285207
1786281813000001800,1531.1800017089843,42.9246109733358,0.596066123956486,7.258711966327752,51.700562368260705,43.334610969759524,199.71469352118157,2.059721256521139,3,46.0109292336977,18.163441014877908
1786281814000039400,1532.1800393066405,42.94195681810379,0.6088769507907048,7.258955462449575,51.700422842107386,43.35195681452751,200.02552718293694,2.02295893504686,3,46.0108470509448,16.808468070639908
1786281815000076800,1533.1800769042968,42.82640683092177,0.6276448841580631,7.258882416613279,51.700294388266634,43.23640682734549,199.90227345321577,2.009601296641382,3,46.010772997258506,15.545712413446461
1786281816000112600,1534.1801125488282,42.74955737311393,0.6315572027666291,7.258855496032333,51.70017059560597,43.15955736953765,199.99255269728712,2.004298515044947,3,46.0107002016747,14.997523325423758
1786281817000147700,1535.180147705078,42.78442030586302,0.6327574649161734,7.258950304373929,51.700046507259415,43.194420302286744,199.7151205218276,2.200290369997381,3,46.01062972095735,14.729636495565707
1786281818000184000,1536.1801840820312,42.76610250398517,0.6373200757662123,7.258935770684215,51.69992369112117,43.17610250040889,199.67852146122422,2.2742621137128087,3,46.0105594216123,14.571521403791271
1786281819000219000,1537.1802189941407,42.46125597320497,0.6366740299959824,7.258232393116673,51.69980743776181,42.87125596962869,200.01435108298648,2.553735496859517,3,46.01049105045615,14.086630207562973
1786281820000254200,1538.1802541503907,42.55372234713286,0.6423577941731514,7.258898417704512,51.69969124312438,42.96372234355658,200.11672777303252,2.264724331919523,3,46.010423230434505,13.882518537672203
1786281821000287700,1539.1802878417968,42.46725637372583,0.6392679546849216,7.258878221394471,51.69957091194453,42.87725637014955,199.80598388970148,2.126377195043045,3,46.01035404237906,14.147548204488396
1786281822000321000,1540.1803210449218,42.421881505288184,0.6397202459063694,7.258891766898501,51.699447375301666,42.831881501711905,199.76725297353653,2.059430242485732,3,46.010283034486164,14.529781420429797
1786281823000355300,1541.1803552246095,42.49592215009034,0.6290402831725167,7.258974517794159,51.69932380988292,42.90592214651406,199.9824654292337,2.027515838034601,3,46.01021004861871,14.64152832352807
1786281824000387600,1542.1803876953124,42.53821910638362,0.6281635962931169,7.258973590817321,51.69919983844761,42.94821910280734,199.9136958296609,2.0127866721939323,3,46.01013787360621,14.772459544506706
1786281825000419300,1543.1804194335937,42.46741011925042,0.6287367789726539,7.258946698041896,51.69906969162549,42.87741011567414,200.22874896622125,2.0057757935821954,3,46.010060082322674,15.262776512250044
1786281826000452000,1544.1804521484376,42.280290267430246,0.620955868036272,7.258914291831168,51.69893601564041,42.69029026385397,200.12582406237377,2.0025684410838247,3,46.009981228327234,15.749572918628829
1786281827000483600,1545.180483642578,42.272540332749486,0.6146674378634561,7.258965546537738,51.6987974367084,42.68254032917321,199.5001655133627,2.2121102218443975,3,46.009903236339575,16.230934096957526
1786281828000515800,1546.1805158691407,42.18759176880121,0.5955433516488494,7.258966684368422,51.698658319944656,42.597591765224934,199.2792477155668,2.0892888565570322,3,46.009825527617664,16.304761579653892
1786281829000546800,1547.180546875,39.52293657287112,0.1475352793931961,0.9389765208878015,51.69852165356228,39.93293656929484,198.13529470920793,1.5629843668412544,3,46.00972941717217,16.588581085205078
1786281830000578000,1548.180578125,42.11538658477366,1.0203964621507373,7.258959090259636,51.69837861791486,42.52538658119738,198.02045898056178,2.089288472262096,3,46.00967787546438,16.496564645278422
1786281831000609300,1549.180609375,42.25416506174952,0.6213087959829933,7.258961989740646,51.69823489675428,42.66416505817324,197.7783391803936,2.000000221014998,3,46.0096046573559,16.55388845218095
1786281832000640500,1550.180640625,42.30252796411514,0.613267167730934,7.258969153462655,51.698096610857476,42.712527960538864,197.7417549377986,2.0000002168730187,3,46.00953344090761,16.251794960289523
1786281833000671000,1551.1806708984375,42.127911530435085,0.6118393737137783,7.258939481100297,51.69796178752687,42.53791152685881,197.97242618412344,2.0000002263882113,3,46.0094621325796,15.89465973591521
1786281834000701700,1552.1807016601563,42.34354227501899,0.616973475620001,7.258942869260244,51.69783056794349,42.75354227144271,198.72029266489147,2.3405600572018543,3,46.00939017714216,15.56048734145919
1786281835000732000,1553.1807319335937,42.143714014440775,0.6186674597010516,7.258921770993,51.6977034676714,42.553714010864496,200.1290565844044,2.1508785503213916,3,46.00931384792894,15.25730495219283
1786281836000762000,1554.1807622070312,42.14189954288304,0.6277543737778803,7.258967396758271,51.697580039913966,42.55189953930676,201.74352658859496,2.0678529803406827,3,46.00923259691496,14.926728176611405
1786281837000791600,1555.1807915039062,42.21371885854751,0.6332991671646478,7.2589710907594025,51.69745860771663,42.62371885497123,202.14535165686877,2.030900311244463,3,46.00915368980587,14.651450211364574
1786281838000821200,1556.1808212890626,42.16548900678754,0.6361060235966796,7.258919729483705,51.69733719600794,42.57548900321126,202.66085043152518,2.414027388232596,3,46.00907228402676,14.724801328818527
1786281839000851500,1557.1808515625,42.186977207660675,0.6292727888183867,7.258860869409251,51.697213732644194,42.596977204084396,202.70986312042368,2.5821349777302163,3,46.0089888978207,14.841084199721454
1786281840000880000,1558.180880126953,42.07801057957113,0.6233801446924339,7.258856182780332,51.69708760054359,42.48801057599485,201.84368325625204,2.3705727989303917,3,46.00890893335212,14.953819544519611
1786281841000909800,1559.1809099121094,41.96710179094225,0.6211936395247332,7.258969601547328,51.6969608462003,42.37710178736597,201.83503687950167,2.2755405322545763,3,46.00882609967405,15.12213317188019
1786281842000938800,1560.1809387207031,41.87763867620379,0.6183768269839147,7.2589684197119295,51.696830051419916,42.28763867262751,202.1484111558233,2.1226901118665276,3,46.00874001747969,15.562770721680229
1786281843000968400,1561.1809685058595,41.780509954318404,0.6142806023674149,7.2589226279453865,51.69669849225766,42.190509950742126,202.36534316356196,2.053817897939796,3,46.008652745208444,15.770983852115938
1786281844000998000,1562.1809978027343,41.71204464882612,0.6164125446600736,7.258821954744843,51.696567446885894,42.122044645249844,202.64843195376943,2.023230432123381,3,46.00856503934764,15.731513155757499
1786281845001026600,1563.1810266113282,41.886428374797106,0.6245786794867282,7.258966770331117,51.69643584254879,42.29642837122083,203.04825743009246,2.010069449476939,3,46.008474651004796,15.865436498084636
1786281846001055700,1564.1810556640626,41.870707034133375,0.6278825939145598,7.258895415728599,51.69629936660498,42.280707030557096,202.60219601790982,2.004313286443922,3,46.00838396109901,16.21791654307556
1786281847001084000,1565.181083984375,41.76049603801221,0.7554511613236,7.258781886060036,51.69616549427366,42.17049603443593,202.31981479538138,2.0043132786860887,3,46.008295631866794,16.10203416463928
1786281848001113300,1566.18111328125,41.99871451314539,0.6107588239908387,7.258930855014759,51.69603101181902,42.40871450956911,202.0700648123874,2.3431616709522785,3,46.008207536452694,16.005597765216056
1786281849001142500,1567.181142578125,42.08421120606363,0.6330380404594819,7.258940023842719,51.69590176660432,42.49421120248735,201.62079623647395,2.1715808989317833,3,46.00812560543121,15.545411353623546
1786281850001170200,1568.1811701660156,42.00494538526982,0.6315166176726965,7.258847572554243,51.69576954279771,42.41494538169354,199.9181159856438,2.452700712915558,3,46.00805010146106,15.568416612494394
1786281851001199400,1569.1811994628906,42.675920870155096,0.6886397774229663,7.25701496125268,51.69563079376264,43.08592086657882,194.73744596181243,2.271512215437574,3,46.00799922820409,15.697677641808475
1786281852001227300,1570.1812272949219,41.84998358320445,0.6772341082688855,7.257880904539238,51.69550501434317,42.25998357962817,197.21066911701286,2.1202281536381173,3,46.0079205392388,15.254518150578354
1786281853001256200,1571.1812561035156,42.14040918368846,0.6935119575904178,7.258843156292744,51.695364719754984,42.55040918011218,194.43444374388125,2.6625931707769936,3,46.007871958418015,15.473476914975166
1786281854001284600,1572.1812846679688,42.20882062520832,0.6928669461319407,7.258885744988318,51.695228833496486,42.61882062163204,193.9273379731108,3.148370824466016,3.218518494415439,46.007818894492225,15.696690753682622
1786281855001312300,1573.1813122558594,42.14147631917149,0.6338276876229691,7.2589617627487675,51.695090402643245,42.55147631559521,194.036746030806,2.5006904802762215,3,46.0077628765771,15.891003308307326
1786281856001340700,1574.1813405761718,42.306907285004854,0.6177988340756688,7.258974483424946,51.69495281274194,42.716907281428576,193.38151449940474,2.6044916820249675,3,46.007710784629424,15.737390685096726
1786281857001369300,1575.1813693847657,42.0173873770982,0.6216845922752338,7.258953699090238,51.69481878818823,42.427387373521924,192.95957546259538,2.5604274763501933,3,46.00766140801189,15.37639541481539
1786281858001397500,1576.1813974609374,41.87035721167922,0.6322337394236597,7.258971446295113,51.694686733330066,42.28035720810294,192.9314279234875,2.3620918104420854,3,46.00761306394209,15.007326094949379
1786281859001426400,1577.1814265136718,41.615577353164554,0.6246342157343409,7.258833763905626,51.69455793334725,42.025577349588275,193.25474376375,2.1634250766773504,3,46.007564022927966,14.75418884577171
1786281860001453800,1578.181453857422,41.77555453591049,0.6273395510529074,7.258809356451957,51.69443242572364,42.18555453233421,193.62264220706592,2.075288119748241,3,46.007514609001305,14.451304322167838
1786281861001482000,1579.1814819335937,41.8878958420828,0.6320878796144767,7.2586178558341485,51.694312426482895,42.29789583850652,194.72933898545963,2.06726441466723,3,46.007461890822945,13.999279968380847
1786281862001510100,1580.1815102539063,41.834059740416706,0.6504412086606536,7.258960919688734,51.69419157357788,42.24405973684043,195.33016268520754,2.1486805667337885,3,46.00740866673687,13.951542191576698
1786281863001538000,1581.1815380859375,42.03178170975298,0.6566310400244506,7.258685069295173,51.694066505489445,42.4417817061767,196.25431550658953,2.1955620465488113,3,46.00734968572788,14.379652216739304
1786281864001565400,1582.1815654296875,41.69498897437006,0.6390856778922583,7.258894834029638,51.693941427063244,42.104988970793784,198.4145407375522,2.1178071398439737,3,46.00727915703035,14.614998744711965
1786281865001594000,1583.1815939941407,41.54354907386005,0.6456156549763954,7.258934329904053,51.693812947315784,41.95354907028377,198.11836839767,2.5133552312335046,3,46.007211843775515,15.026477853007611
1786281866001622300,1584.181622314453,41.61510162334889,0.6322668184217675,7.2589685840223535,51.69367860338076,42.02510161977261,198.1666917124613,2.4325617748645603,3,46.00714144221789,15.801050215711115
1786281867001650200,1585.1816501464843,41.5021945387125,0.60683688975508,7.258960293498228,51.69352188200294,41.91219453513622,198.38431066702313,2.3989724104370382,3,46.00705708070429,17.883556171221098
1786281868001678000,1586.1816779785156,41.40883516985923,0.5875385877212435,7.258973967302324,51.693347759220664,41.81883516628295,197.93479619530424,2.786441883601022,3.008514656096953,46.006965616940164,19.95234238969161
1786281869001705700,1587.1817058105469,41.446687939576805,0.5753724045475985,7.2589127667876845,51.69315676385876,41.856687936000526,197.8345358013543,2.364914193714319,3,46.0068653618314,21.92126729425543
1786281870001734100,1588.1817341308595,41.63443983346224,0.5579788783016557,7.258791074125634,51.69294970355887,42.04443982988596,196.35738462059805,2.245334857168262,3,46.006769356575575,23.628472399770462
1786281871001761500,1589.1817614746094,41.86562519799918,0.5253572050156535,7.258679363556263,51.6927361693582,42.2756251944229,195.22976758625398,2.059955508790684,3,46.00667781789551,24.446641544206642
1786281872001789700,1590.1817897949218,40.90005519668712,0.14147403836250305,0.8864889717154865,51.69251824391892,41.31005519311084,194.6710364225558,1.5958374380877038,3,46.00655540319968,26.300708770751953
1786281873001817600,1591.181817626953,41.18046608819691,0.1464501917362213,0.882947892156805,51.6922846320955,41.59046608462063,195.34419254639556,1.62673366842682,3,46.00645375967913,27.262065887451172
1786281874001845800,1592.181845703125,41.47992550385154,0.1757097691297531,0.8898457962491362,51.692043028208744,41.88992550027526,195.97796579948104,1.6587025324004467,3,46.006345037736985,27.262065887451172
1786281875001873400,1593.1818732910156,41.56759347346814,0.20236536860466003,0.8938828649354368,51.691794889510064,41.977593469891865,196.43482349268487,1.6955199506588654,3,46.006230387663514,28.217763900756836
1786281876001900300,1594.181900390625,41.61935320544742,0.22533008456230164,0.8958909405514206,51.691542756139235,42.02935320187114,196.5395166322828,1.739575928655916,3,46.00611026635528,29.626216888427734
1786281877001928400,1595.1819284667968,41.70722327029954,0.23624294996261597,0.8939550088085451,51.691286255589674,42.11722326672326,196.48350908108873,1.7724919283209755,3,46.00598659479203,30.117124557495117
1786281878001956400,1596.181956298828,41.77319708182437,0.2370980829000473,0.8905585905220504,51.69102784504547,42.18319707824809,196.4631960984971,1.7896107944527655,3,46.005862382255124,30.117124557495117
1786281879001984500,1597.1819846191406,41.96993450712496,0.18684664368629456,0.8719806360621745,51.69076444166136,42.37993450354868,196.39967533921597,1.7715115156720855,3,46.005739495710024,30.390674591064453
1786281880002012200,1598.1820122070312,41.96829998183596,0.16034582257270813,0.8665685115577327,51.69050345355701,42.37829997825968,196.3598280155981,1.7139483375346518,3,46.005616345642444,30.015235900878906
1786281881002039600,1599.1820395507812,41.94794152894293,0.18282285332679749,0.8759418256156645,51.69024624873156,42.35794152536665,196.2931653692988,1.6912897938198401,3,46.005495774220435,30.015235900878906
1786281882002068200,1600.1820681152344,41.94801224209368,0.3080157138814473,7.258974518679015,51.68998731241257,42.358012238517404,196.29306981753106,2.059954769773155,3,46.00537400094615,30.01523590054634
1786281883002095900,1601.1820959472657,41.749944519251585,0.3080157138815561,7.2589745186789685,51.689737794779504,42.159944515675306,196.3084528528306,2.0599547697730083,3,46.00525762494017,29.53312110869199
1786281884002122800,1602.1821228027343,41.52522424142808,0.30801571388159305,7.258974518679406,51.68948635919302,41.9352242378518,196.27788162642284,2.0599547698223226,3.7407764033392272,46.005140150081836,29.367193221734407
1786281885002150700,1603.1821506347655,41.32464065309614,0.30801571388141386,7.2589745186794365,51.68922126900262,41.73464064951986,196.32810802232578,2.0599547698260863,3.7508468222385614,46.00501518567714,30.162069320341242
1786281886002178800,1604.1821787109375,41.53498296812177,0.30801571388122134,7.2589745186794286,51.68894996482125,41.94498296454549,196.3949588706905,2.0599547697737774,3,46.004886479087624,30.9929275509034
1786281887002206000,1605.1822060546874,41.746473824605346,0.3080157138812213,7.258974518679616,51.68867984698048,42.15647382102907,196.28563550774206,2.059954769773828,3,46.0047590710815,30.992927550903392
1786281888002233900,1606.1822338867187,41.6927856951952,0.30801571388104787,7.258974518679336,51.6883952545933,42.10278569161892,196.15635214500412,2.059954769774106,3,46.00462932763918,31.72299766501265
1786281889002262500,1607.182262451172,41.767269618462684,0.1743972897529602,0.8585148647526414,51.688097766491126,42.177269614886406,196.5630944452977,1.782642883367066,3,46.00448340007912,33.937416076660156
1786281890002289400,1608.1822893066405,41.85455663016875,0.17583462595939636,0.8583808222901799,51.68780244122137,42.26455662659247,196.5553080296439,1.7906805483362944,3,46.00434284935129,33.937416076660156
1786281891002317000,1609.1823171386718,42.14251038762069,0.17303715646266937,0.8559503421627132,51.68750228583709,42.55251038404441,196.60590607101534,1.7982514965290906,3,46.00419819006032,34.61183547973633
1786281892002345000,1610.182344970703,42.5748130166511,0.16956621408462524,0.853245640612241,51.68720112519683,42.98481301307482,196.65444139525746,1.7528058016157722,3,46.004051685498965,34.8126220703125
1786281893002372900,1611.1823728027343,42.862110280993456,0.16768240928649902,0.8510959986535381,51.686903007379364,43.27211027741718,196.3070579740706,1.7278513269642068,3,46.003909888869146,34.8126220703125
1786281894002400500,1612.182400390625,42.86220538429916,0.30801571388026916,7.258974518679429,51.68660270610515,43.27220538072288,196.30694707164784,2.0599547698384018,3.5766180878910605,46.00376854582609,34.81262206979362
1786281895002428200,1613.1824282226562,43.35430424101651,0.30801571388028165,7.258974518679521,51.68630600592639,43.76430423744023,196.3113185161575,2.059954769843771,3.683125327317928,46.0036296086088,34.765182494600424
1786281896002455300,1614.1824553222657,43.94368442799896,0.3080157138802817,7.258974518679373,51.68600433564537,44.35368442442268,196.42443936324085,2.0599547698411236,3.632980840677463,46.00348762060012,34.76518249460043
1786281897002483500,1615.1824833984374,45.147394416853786,0.3080157138800731,7.258974518679681,51.68569274240402,45.55739441327751,196.5469969399796,2.059954769777744,3,46.003339291446096,35.54816055242605
1786281898002511000,1616.1825109863282,47.39926487268699,0.1685904860496521,0.8477734851482972,51.68537231432426,47.80926486911071,196.4721026651748,1.7821180480371008,3,46.00318840304256,36.15019226074219
1786281899002538500,1617.1825385742188,47.39936741720885,0.3080157138799096,7.25897451867936,51.68506073912432,47.80936741363257,196.47198637471257,2.059954769780365,3,46.003040189904816,36.15019226016118
1786281900002566400,1618.18256640625,51.15709565080422,0.1383543312549591,0.8385067860744411,51.68473104222879,51.567095647227944,196.23834627102028,1.74734034715278,3,46.00288779244271,36.92136764526367
1786281901002594000,1619.1825939941407,51.15720261633396,0.3080157138796961,7.25897451867926,51.68441243927205,51.56720261275768,196.23822914235348,2.059954769790498,3,46.002738509678906,36.92136764464467
1786281902002621700,1620.1826215820313,54.57372196391225,1.2651989719096992,7.258902881758032,51.684079585122184,54.98372196033597,196.29191955257266,2.2443734758580294,3,46.002615705542446,36.406286429446524
1786281903002649900,1621.1826499023437,55.68827915471047,1.2601861231767093,7.258913430575478,51.68377337920814,56.09827915113419,196.33659161683562,2.0000005459655275,3,46.002465777716964,35.97858913797565
1786281904002677500,1622.1826774902345,57.071406475268304,1.1557947644731923,7.258917210001632,51.68346914080528,57.481406471692026,196.5776373543902,2.0000007423124724,3,46.00231459832186,35.95068750660884
1786281905002704600,1623.1827045898438,58.200429637916386,0.4878527462977505,7.25581920716733,51.68317691031426,58.61042963434011,196.24131475604693,2.0000014499151835,3,46.00217420687013,35.20484803014255
1786281906002733300,1624.1827333984374,58.94675610307604,0.4890939762872417,7.255925675100502,51.682874232242725,59.35675609949976,195.49295769339315,2.00000143527507,3,46.00204092099465,34.78895298405224
1786281907002761000,1625.182760986328,59.26145400386304,0.4896297819796977,7.257430764696573,51.68257557439545,59.67145400028676,194.63336946943494,2.00000174794804,3,46.00191612683482,34.32632969333287
1786281908002788000,1626.1827880859375,59.912113091908395,0.4993375750655368,7.257935250211891,51.68227746081719,60.32211308833212,192.71386975460516,2.196449917205725,3,46.001809575018804,33.955832590648036
1786281909002815000,1627.1828149414061,60.50119030941278,0.4947132493538063,7.257684063003128,51.68197898038166,60.9111903058365,191.31164282579653,2.000001689898604,3,46.00171538928599,33.803859967387154
1786281910002843000,1628.1828427734374,60.64915706589818,0.49091514192650615,7.2584093128701594,51.68167727520411,61.0591570623219,189.51297689987567,2.0000013469729803,3,46.001636693821844,33.91604215592086
1786281911002871000,1629.18287109375,60.77884265873581,0.49258710503831465,7.2589002131910885,51.68137064772063,61.18884265515953,187.41003332157814,3.029882365863458,3.7702288549456777,46.00157387206074,34.25025849153646
1786281912002898200,1630.1828981933593,60.92309652082622,0.49578499866796866,7.258955775202737,51.68106408180635,61.33309651724994,186.2462737714928,2.5149415699391056,3.1205519579841616,46.001520479867274,34.474441833695174
1786281913002926300,1631.1829262695312,60.684366536326706,0.5037572200042153,7.258880504420556,51.68075062564524,61.09436653275043,185.21846442611982,2.0000010762521483,3,46.00147624911686,34.91173043990393
1786281914002953500,1632.1829533691407,61.020855403505266,0.49375437891141977,7.258826260917357,51.680432984160554,61.43085539992899,184.66283308251639,2.0000011302417184,3,46.00143475651552,35.41599690723985
1786281915002982000,1633.1829819335937,61.461204409599304,1.4632644127148013,7.258971671437784,51.680121586601416,61.871204406023026,184.52451291321432,2.0000000923785985,3,46.00139394695909,35.45805243593394
1786281916003009300,1634.1830092773437,62.60217642877251,0.675469221760132,7.2568048539680445,51.67979049201558,63.01217642519623,184.5175540162097,2.0000006558964403,3,46.00135668207529,35.98389832963243
1786281917003037000,1635.1830368652343,62.44664341304451,0.5069269249144337,7.258377234994695,51.679466429731335,62.856643409468234,184.62381008877273,2.0680639475914244,3,46.00131253311546,36.24492020463437
1786281918003064600,1636.1830646972655,62.7910847812891,1.461898233839417,7.258968216279105,51.67915077157294,63.20108477771282,184.58716798503238,2.000000083981871,3,46.00128054266428,36.36963230992429
1786281919003091700,1637.183091796875,63.04917122796178,0.6691826791218137,7.2586360688475775,51.67880636452606,63.4591712243855,184.7071178833019,2.000000618996873,3,46.00122783059902,36.95173664319225
1786281920003119400,1638.1831193847656,63.156642467714846,0.49714060594296045,7.258740039849335,51.678474884290424,63.56664246413857,184.98126302998247,2.0000009604884736,3,46.001180906819094,37.102415199951274
1786281921003147000,1639.1831469726562,63.603272694163024,1.4668680888501722,7.258970407045483,51.6781393276559,64.01327269058675,184.8505988380722,2.0000000614656606,3,46.00113586304882,37.29942425985209
1786281922003174400,1640.1831743164062,64.23752239532769,0.7213758495969937,7.25844624396522,51.67779587003683,64.64752239175141,184.99691365511353,2.0000000848407633,3,46.00108888907261,37.92377114305685
1786281923003202600,1641.1832026367188,63.622083224356174,0.5336548914458629,7.258972660963291,51.67746234500039,64.0320832207799,186.1762486501124,2.0000006706997473,3,46.001024647581396,37.53134344470713
1786281924003230200,1642.1832302246094,64.00465549807996,0.5418957735784022,7.258694897685344,51.677130916317054,64.41465549450368,185.78291922494122,2.000000666400975,3,46.00097187382886,37.03590614557935
1786281924999707000,1643.1797067871094,64.04687140323222,0.4986140654735013,7.2588333955311874,51.67681068065265,64.45687139965594,185.674769670091,2.000000628441553,3,46.00092102391383,36.23975088191171
1786281925999691500,1644.17969140625,64.26616529095918,0.5266983852438551,7.258680738701237,51.676489043802846,64.6761652873829,185.73694438985095,2.000000605383666,3,46.00086760803865,35.81172495755241
1786281926999721700,1645.1797216796874,64.65017036069185,0.5127360571694134,7.258370748544394,51.676176139442504,65.06017035711557,185.062401194847,2.0000005089489625,3,46.000824967025196,35.01268696168582
1786281927999710700,1646.1797106933593,65.27235592063516,0.5082534999804726,7.257773615871336,51.675868632968296,65.68235591705889,184.71294145023907,2.0000005222557484,3,46.00078375970999,34.30698440212007
1786281928999700000,1647.1796999511719,65.93694422580302,0.5106772013028404,7.2572711985702165,51.67556874636275,66.34694422222674,184.53477413617102,2.000000503870326,3,46.00074667333116,33.59992129772573
1786281929999740200,1648.179740234375,66.68715425021946,0.49721708022552175,7.257013507249038,51.67527515290324,67.09715424664319,184.55828399891118,2.000000464743535,3,46.000709401569615,32.86689162736434
1786281930999671800,1649.179671875,67.63217269722372,0.5013289189138415,7.256370829813865,51.67498923767973,68.04217269364744,184.58980806017803,2.000000427284601,3,46.00067259134075,32.07416049746389
1786281931999605200,1650.1796052246093,68.3142498023808,0.503797344870205,7.25690908080659,51.6747080683135,68.72424979880452,184.68223999954432,2.000000381861715,3,46.00063552969841,31.45636193828952
1786281932999583700,1651.1795837402344,68.6090839067474,0.5100406195318449,7.258104703233238,51.67443609376696,69.01908390317112,184.6134362775406,2.0000002977409106,3,46.0006006830702,30.56769912425503
1786281933999591200,1652.1795910644532,69.2465303922072,0.5253673494240408,7.257394020403639,51.67416498310646,69.65653038863093,184.57031799072982,2.0000002399541787,3,46.00056573598003,30.16502150714985
1786281934999597600,1653.17959765625,70.04669245798141,0.5316809798955989,7.256154291407728,51.673901937040625,70.45669245440513,185.15464601963743,2.000000253062104,3,46.00052664951643,29.53324746725611
1786281935999651300,1654.1796513671875,70.61628053430468,0.5404011073208617,7.256496591280902,51.67364506474834,71.0262805307284,185.86667710048556,2.0000002298262998,3,46.00048436877011,28.939621823892114
1786281936999659000,1655.179658935547,71.37488196697086,0.5518825970822784,7.256505016186274,51.673391651527204,71.78488196339458,186.51699053484217,2.441183322916781,3,46.000438193168186,28.54558569593859
1786281937999664400,1656.1796643066407,72.34897019341588,0.5675589187635224,7.256046720036474,51.67313484834636,72.7589701898396,186.62535140595358,2.2478409697471537,3,46.00039036015329,28.694046828406456
1786281938999715000,1657.1797150878906,73.00415276736021,0.5376787572061289,7.256398422834398,51.672878024436194,73.41415276378393,187.11297081897789,2.1239208587663403,3,46.000337145144584,28.79126314402682
1786281939999762200,1658.1797622070312,73.47458140272647,0.5598489989587581,7.257371780173891,51.6726189518292,73.88458139915019,188.16452219165282,2.0151666450343915,3,46.00027736193615,28.983636454521946
1786281940999807700,1659.179807861328,74.06922326888889,0.5895764634019186,7.257639966065365,51.67236152774757,74.47922326531261,191.80329094686635,2.007583271969453,3,46.00018886895504,29.22927181451141
1786281941999853300,1660.1798532714843,75.0434551583603,0.7752385797560294,7.254069216273311,51.67210466179173,75.45345515478402,193.35024058069502,2.00758331994091,3,46.00009143290338,29.384362313194355
1786281942999897900,1661.1798979492187,76.53524082060903,0.6166749857340544,7.251283948289187,51.67184687910302,76.94524081703275,196.30228284009706,2.2111349414529275,3,45.999960706406625,29.74845774719993
1786281943999940900,1662.1799409179687,77.69192955922335,0.567591177900819,7.253290841488817,51.671587533187186,78.10192955564708,199.4079007367351,2.2681236789901913,3,45.99981180364324,30.283446724616912
1786281944999983400,1663.1799833984376,78.79186675045639,1.468902793714348,7.258859870593245,51.67133864335607,79.20186674688011,200.04965885989864,2.1883127652257355,3,45.999679848121566,29.640584721088207
1786281946000024800,1664.1800249023438,80.38913223519921,0.8508198753440217,7.250705472960593,51.671109509918416,80.79913223162293,203.77572738574128,2.188313021133701,3,45.99947299953583,29.230675387873287
1786281947000066300,1665.18006640625,81.79001273028553,0.5673919531969335,7.251250212274822,51.67083658305013,82.20001272670925,204.30626169028622,2.240799985577672,3,45.99927517998639,31.1911711032706
1786281948000106000,1666.1801059570312,82.91682158131152,0.5200262318362269,7.25346111766809,51.67058129078718,83.32682157773525,203.46923158249922,2.017210795058837,3,45.99909855727623,31.06573483655766
1786281949000146000,1667.1801459960936,84.10016462113708,0.504371720963855,7.253406835232515,51.67032935605284,84.5101646175608,202.3609306519981,2.0231845428643016,3,45.99893374343204,30.348959560243713
1786281950000184600,1668.1801845703126,85.24641912430525,0.5127395676469271,7.25188817748179,51.67008109039046,85.65641912072897,200.57994398545821,2.0020696261658286,3,45.99878458785166,29.488462396236866
1786281951000222500,1669.1802224121093,85.76957490108907,0.515416376632237,7.256556822201824,51.66983305773772,86.1795748975128,197.65519716265888,2.0010352172869372,3,45.99866018181321,28.870277255635873
1786281952000259800,1670.180259765625,86.3822937225923,0.5207214649004597,7.2564294158902785,51.66958532099595,86.79229371901602,194.10313111386088,2.0001218109386127,3,45.998562984691254,28.244982769770537
1786281953000296200,1671.180296142578,86.96719662100077,0.5299086326679459,7.2560312239983284,51.66934303188834,87.37719661742449,190.27159180200866,2.0000611994324418,3,45.998496334110484,27.500946436274155
1786281954000333000,1672.1803330078126,86.94996480178088,0.5251484317721161,7.258637278730637,51.66910202096897,87.3599647982046,186.2092560259784,2.000009885757596,3,45.998456293034415,26.851861562685336
1786281955000369200,1673.180369140625,87.20899874903262,0.5338999175223313,7.258735528396469,51.668866084122165,87.61899874545634,182.26572243296067,2.0000053076767252,3,45.99844532481427,26.19227491479594
1786281956000404500,1674.1804045410156,87.47535904217511,0.5347749402281029,7.258293452047944,51.66863543666262,87.88535903859884,179.11071055087382,2.0000014659411054,3,45.99845286751009,25.703105179216212
1786281957000439300,1675.1804392089844,87.31753034703434,0.5444356414113432,7.258940082686355,51.66840637181915,87.72753034345806,175.4287048891748,2.000001012132511,3,45.998484426144614,25.47325321323918
1786281958000473900,1676.180473876953,86.63878485374153,0.5514111534902583,7.258634057634608,51.66818054896586,87.04878485016525,171.0123708742544,2.0000007144519367,3,45.998545392987,25.478273775335804
1786281959000508400,1677.1805083007812,86.82718325033784,0.5470323721392607,7.258970206459644,51.667950247043215,87.23718324676156,166.3356196815957,2.000000604044941,3,45.99863652813975,26.117630291285383
1786281960000542000,1678.1805419921875,86.54282303247601,1.4635910955333638,7.258970335453734,51.66771536084416,86.95282302889973,165.46860608106527,2.0000000579949857,3,45.9987091818675,26.15462458921628
1786281961000576000,1679.1805759277345,86.8389468640089,0.8784221868252924,7.258464657043323,51.66748910358626,87.24894686043262,162.14009588023072,2.0000002601350553,3,45.99887803826759,27.189857398081987
1786281962000609800,1680.1806098632812,85.32643051538616,0.5361202247181575,7.257773392540307,51.667243059693945,85.73643051180989,161.52278679914969,2.000000698195638,3,45.999019236013964,28.43200881731564
1786281963000642800,1681.1806428222656,85.185288076289,0.5073453156165069,7.258485827175183,51.66698840481866,85.59528807271272,162.70097399682427,2.000000866373268,3,45.999144767851874,29.3820240982848
1786281964000674800,1682.1806748046874,85.05572269298136,0.48656507215990247,7.258756808953853,51.66672822296572,85.46572268940508,164.45357162887575,2.0000011991468276,3,45.9992563049873,29.750008404077537
1786281965000707600,1683.1807075195313,83.25941514701594,0.12569516897201538,0.8192534432995271,51.66646921762752,83.66941514343966,171.1674366007278,1.3161905937565312,3,45.99932209430299,29.568294525146484
1786281966000739600,1684.1807395019532,83.6590130587159,0.13324783742427826,0.8155783212783843,51.66620911542098,84.06901305513962,175.87028139147003,1.3201591026307355,3,45.999366900256966,29.371349334716797
1786281967000771600,1685.180771484375,85.90816458500922,1.344667393464412,7.258214098728204,51.665956449436045,86.31816458143294,171.60588601867042,2.969307429254702,3,45.999481611986106,29.15635947628055
1786281968000803600,1686.180803466797,86.56140749156475,0.5806153926257852,7.257214377175189,51.66567299470122,86.97140748798847,180.91973474042717,2.0000005684623336,3,45.99938150662256,30.139943889343094
1786281969000835600,1687.1808356933593,87.03319153841585,0.5483622084238199,7.257592703050892,51.665394330826224,87.44319153483957,183.72729946818535,2.0000004067258463,3,45.99935018362486,31.098904935168587
1786281970000866800,1688.1808666992188,87.53922480810434,0.7456255311145503,7.2577789071375225,51.665112470546006,87.94922480452806,184.18215558704543,2.0000004737902874,3,45.99931725825766,31.488440039146298
1786281971000897800,1689.1808977050782,88.32316771801561,1.464804829213466,7.258955917011091,51.66484624281742,88.73316771443933,184.2272612455175,2.0000000573290264,3,45.999293240491774,31.35375695016605
1786281972000929300,1690.1809291992188,89.08917965181172,0.6926453585902345,7.257226364690741,51.66454769408127,89.49917964823544,184.50792511961262,2.000000628896248,3,45.99924727256616,31.728932336370526
1786281973000960000,1691.1809599609376,89.6911090016365,1.4626309610356012,7.258953683248331,51.664265773507715,90.10110899806023,184.57951897889896,2.0000000225960872,3,45.99921310276111,32.18538591735509
1786281974000991000,1692.1809909667968,90.4484072253108,0.7169069746790387,7.257108335861284,51.66395712888656,90.85840722173452,184.3646438095671,2.000000491231122,3,45.99917329840017,32.846703284637236
1786281975001022000,1693.1810219726563,91.0346851143986,0.49912330460152476,7.257381313698164,51.663656355323766,91.44468511082232,184.4935901102698,2.000000669165185,3,45.99913435888673,33.42677147554369
1786281976001051600,1694.1810517578126,91.60125641711056,1.4617262771334685,7.25895858897904,51.663370163130395,92.01125641353428,184.47292722976914,2.000000022754955,3,45.99909889128918,33.434583993999354
1786281977001082600,1695.1810825195312,92.26338366698474,0.6655759541611446,7.257832531836609,51.66305081674389,92.67338366340846,183.6718411721266,2.0000004357693286,3,45.999069971921834,33.936329618452724
1786281978001113300,1696.18111328125,93.03016295470297,1.4617306506151115,7.258960404862902,51.66275057702439,93.4401629511267,183.524182134431,2.0000000266601208,3,45.999043380027175,34.13265540838192
1786281979001143300,1697.181143310547,93.92684696614742,0.7055020698888846,7.257475740184798,51.662428205285636,94.33684696257114,183.3574312341742,2.000000533277677,3,45.99901348004596,34.68625323252467
1786281980001173000,1698.1811730957031,94.81629201583564,0.4915383295343424,7.257169204861029,51.662112012944846,95.22629201225936,184.13863646043495,2.00000063592403,3,45.99897548254063,35.124185680185775
1786281981001203000,1699.1812028808595,95.4252075497061,0.4911707939842522,7.258171614357315,51.661801622143244,95.83520754612982,184.42902832075782,2.0000005991532115,3,45.99893626089791,34.686480617628156
1786281982001233000,1700.1812329101563,96.15562951378524,0.4852389489774229,7.2581015774596,51.661498154711424,96.56562951020896,184.70803592147234,2.0000006197139384,3,45.99889599763605,33.935653307830364
1786281983001263000,1701.1812631835937,96.79287667293102,0.492676660350645,7.257921691395081,51.66120065824077,97.20287666935474,184.88503980472981,2.000000604859068,3,45.99885515447974,33.27251180410047
1786281984001293000,1702.18129296875,97.39489105343819,0.4879890902038122,7.257334947629799,51.66090847057104,97.80489104986191,184.89649874994277,2.0000006187849,3,45.99881473427321,32.64838206798212
1786281985001323300,1703.1813232421875,97.92461078893393,0.49353598054500536,7.2576055584657215,51.66062331433293,98.33461078535765,184.89703248078163,2.000000625280871,3,45.998775713961976,31.97552262343764
1786281986001352000,1704.1813520507812,98.55064476840198,0.49826472158576224,7.257827593695201,51.660344404354134,98.9606447648257,184.7554421723938,2.0000006086315167,3,45.998739079924576,31.243003262646106
1786281987001381400,1705.1813813476563,99.34744420647621,0.5019213974269059,7.256733981759871,51.66006942366816,99.75744420289993,184.6283707999095,2.000000611301262,3,45.99870351458959,30.74219282838448
1786281988001411800,1706.1814118652344,100.22849797550589,0.501826929342456,7.256001799752146,51.65979774202728,100.63849797192961,184.58371470597595,2.0000005676485455,3,45.99866860884372,30.42590494425008
1786281989001441000,1707.1814409179688,100.90270048752427,0.4964518773194003,7.256084809697528,51.65952577715856,101.31270048394799,184.38981742911557,2.0000007259879125,3,45.99863628100748,30.391067997128815
1786281990001471000,1708.1814709472656,101.80370107572526,0.504353666811094,7.255159262527759,51.65925521712439,102.21370107214898,184.11365865145686,2.0000005935858174,3,45.9986058785422,30.30505896090553
1786281991001500000,1709.1815,102.75571161322296,0.50029936528627,7.254481190709441,51.65898112653009,103.16571160964668,183.5454161582692,2.0000007390360763,3,45.998578727106526,30.455926250479585
1786281992001529300,1710.181529296875,103.55773435626179,0.5054126951790534,7.255653388004938,51.658705329937796,103.96773435268551,182.9522512183414,2.0000006300405397,3,45.99855778678596,30.689761705129165
1786281993001559600,1711.1815595703124,104.28216699045151,0.5046488298217509,7.2566904390891676,51.658429586393204,104.69216698687524,183.18132491482723,2.0000007644189797,3,45.998533201379466,30.775209460826908
1786281994001588200,1712.1815881347657,105.00943009182811,0.49374325574245065,7.256865961733101,51.65815202425348,105.41943008825183,183.8969934423213,2.0000007601755376,3,45.99850147163983,30.889260733247806
1786281995001617400,1713.1816174316407,105.50150063913316,0.5158432920332564,7.257775724400089,51.6578710837059,105.91150063555688,184.44952828272315,2.0000006366448058,3,45.99846413815353,31.2589103160671
1786281996001647400,1714.1816474609375,105.81108196545392,1.4636097721420689,7.258962478471236,51.65759532567612,106.22108196187764,184.33427803322846,2.0000000643269367,3,45.9984401175782,31.276126378776183
1786281997001676300,1715.1816762695312,106.57320664916188,0.6652216689839111,7.257463587187821,51.65730437234485,106.9832066455856,184.0345014296923,2.0000004174610257,3,45.99840000673478,31.72020712003817
1786281998001705000,1716.181705078125,107.04204352665693,0.5125097014557888,7.257774669394603,51.65701728489787,107.45204352308065,184.37420199050385,2.0000006089703155,3,45.99836382402387,31.986157728208667
1786281999001734000,1717.1817338867188,107.40320640522987,0.496779763320878,7.2579657291395145,51.65672838265306,107.81320640165359,184.38233112408096,2.000000641052073,3,45.99832840509362,32.24565742235252
1786282000001763300,1718.1817634277343,107.49951842334121,1.457205854066548,7.25896766431789,51.656440684155484,107.90951841976494,184.32811357929967,2.000000069221214,3,45.99829253896278,32.32279771532155
1786282001001792800,1719.1817927246093,107.83386488817632,0.7078592240587965,7.258393613947016,51.65613514269091,108.24386488460004,184.68561649504852,2.0000002264373387,3,45.99825348166623,33.097833997936704
1786282002001822000,1720.1818220214843,108.26631741318852,0.9319626245136522,7.2582785673273,51.655840857604865,108.67631740961224,184.72050604464013,2.0000002805248944,3,45.99821441171883,32.764285571250575
1786282003001851100,1721.1818510742187,108.46541894692928,0.5043648434491284,7.258622095358353,51.65555517515701,108.875418943353,185.50064317557403,2.0000006509685804,3,45.99816231068818,32.12744857980717
1786282004001879800,1722.1818798828126,108.90918271802366,0.5061779189333754,7.258530420877723,51.65527402873154,109.31918271444738,186.41340480879754,2.000000528380697,3,45.998111661413816,31.51990606675686
1786282005001908700,1723.1819086914063,109.0096928216517,0.49939300378330737,7.258707461529102,51.65499955145524,109.41969281807542,188.01137242009145,2.000000569653465,3,45.99804705323571,30.884202725613694
1786282006001938000,1724.1819379882813,108.96039356570691,0.5078617808509204,7.2589386965819696,51.654731934718754,109.37039356213063,189.66195725388414,2.1330040899077303,3,45.997971659792604,30.263738579111482
1786282007001966600,1725.1819665527344,109.24177779536694,0.4965846247416449,7.258782499964436,51.654468190918244,109.65177779179066,190.92578242763932,2.0665024190561367,3,45.99788954124049,29.840990945821403
1786282008001996000,1726.18199609375,109.02763874270022,0.5211690856395568,7.258953911623134,51.654213383266175,109.43763873912394,193.37421562833148,2.0068696713502527,3,45.99778931719497,29.280482919592487
1786282009002026500,1727.1820266113282,109.32188147958368,0.5204521377522974,7.25895002539887,51.65396601868849,109.7318814760074,195.8810399032805,2.0034350188174903,3,45.99767418633347,28.70782001892497
1786282010002053400,1728.1820534667968,108.9711042214185,0.5176540356658388,7.258673559687604,51.65372577036178,109.38110421784222,198.72772656417987,2.0004336945695034,3,45.99754025941957,28.275442475153127
1786282011002082300,1729.1820822753907,108.97852624487132,0.5325483399193772,7.258871411391234,51.65349349550374,109.38852624129504,201.36678586893342,2.0002170483287065,3,45.99739080780822,27.853806511304857
1786282012002111200,1730.182111328125,109.02528731711209,0.5279418385578626,7.258970254202498,51.65326815974239,109.43528731353581,203.48713296906186,2.0000321311591374,3,45.997232054129064,27.38270373319398
1786282013002140700,1731.182140625,108.95590441673994,0.5347448567296403,7.2588561782099035,51.65304920772789,109.36590441316366,205.77697189370568,2.17897125876555,3,45.997060351461236,27.04435377390548
1786282014002169600,1732.1821696777345,108.81783031951636,0.5393337304340796,7.258775671801668,51.65283611948564,109.22783031594008,207.05000563912873,2.2536344843693317,3,45.99688399247045,26.69157938921985
1786282015002198800,1733.1821987304688,108.52296803798527,0.5322696380395874,7.258407246597508,51.65262746059851,108.93296803440899,208.23765963489438,2.126817510830577,3,45.99670290870137,26.378362116303204
1786282016002226400,1734.1822263183594,108.25863410159945,0.5473624873273113,7.258288748717233,51.65242383030161,108.66863409802318,209.88033014525664,2.0228788918474843,3,45.99651266600684,26.15127062997378
1786282017002257000,1735.1822568359376,107.88282989896834,0.5413319641572897,7.25829688460195,51.652224434819324,108.29282989539206,210.71631313214075,2.0114395506088085,3,45.996322314728936,25.862202213820954
1786282018002284800,1736.1822849121095,107.69508427847177,0.5337718370955299,7.258773121866208,51.652030217834785,108.10508427489549,211.7862628301972,2.1677311794461933,3,45.9961274766753,25.510612874083236
1786282019002313200,1737.1823132324218,107.60590729117393,0.5222211837612223,7.25872910717286,51.65184350571547,108.01590728759766,212.62214020927937,2.08386579544438,3,45.995933933395904,24.85952950538934
1786282020002342400,1738.1823422851562,107.66892044898123,0.5335388320956427,7.25897399484368,51.65165925725743,108.07892044540495,213.00825168953835,2.018468049503799,3,45.99574088437552,24.573525500662228
1786282021002371000,1739.18237109375,107.6568040093407,0.5340300844850425,7.258941083147574,51.6514787488776,108.06680400576442,213.53683917968075,2.009234286081957,3,45.99554776583111,24.272015100831275
1786282022002400500,1740.182400390625,107.29826966207474,0.5401454296673344,7.258711513754522,51.65129283606828,107.70826965849847,213.24746450605045,2.0020874432736564,3,45.995355155244255,24.385810894239174
1786282023002428400,1741.1824284667969,107.52634761296213,0.5483556170419008,7.258847450213916,51.65111328786036,107.93634760938585,213.46956011215343,2.0663900204950787,3,45.99516375655846,24.140045778766666
1786282024002458000,1742.1824580078126,107.73978299368173,0.5388374044250731,7.258713020861253,51.650937548446564,108.14978299010545,214.10480576660353,2.0158036844290317,3,45.99497045906557,23.821086346332695
1786282025002485800,1743.1824858398438,107.74276658054441,0.5312688304187766,7.258945703317509,51.65076110056059,108.15276657696813,214.3997690426567,2.0079020712716638,3,45.99477681883152,23.758759454400437
1786282026002515200,1744.1825151367188,107.54691504128277,0.5389333784935753,7.258941793763001,51.6505799498824,107.9569150377065,214.2211164571068,2.0019026141726495,3,45.99458073483499,24.226152288991063
1786282027002544400,1745.1825444335936,107.71554313134402,0.5267379667807391,7.258827375547784,51.65038772811914,108.12554312776774,213.88872894531332,2.2309953505760896,3,45.99437467577241,25.425148430051276
1786282028002572500,1746.1825725097656,108.49619757570326,0.5053811742641979,7.2575482728083,51.65018597065924,108.90619757212698,213.4865611288081,2.04505340790331,3,45.9941613116969,26.510249005547582
1786282029002601700,1747.1826018066406,109.11537114742615,0.11835087090730667,0.7948198822868345,51.649979163804474,109.52537114384987,215.35268530481434,1.3877383076094356,3,45.993924912849224,27.518571853637695
1786282030002630100,1748.1826301269532,109.72160815261304,1.0047433386561306,7.258332872381364,51.649778122279685,110.13160814903677,214.59822099704755,2.0450527372565603,3,45.99371643474167,27.3060534098951
1786282031002660600,1749.1826606445313,108.34942232538015,1.4672148403095058,7.258974407464661,51.64956315034357,108.75942232180387,213.36172417893283,2.345778446033347,3,45.99349245555182,28.407302226848245
1786282032002688500,1750.1826884765626,110.26633231248707,0.8035184790818994,7.257113930953546,51.64932505233167,110.67633230891079,214.59376453492715,2.345779084869037,3,45.99323491019645,29.703479967923414
1786282033002717000,1751.1827170410156,111.89294792991132,0.5189669428844923,7.255377809870573,51.64916399162691,112.30294792633504,224.79395146288635,3.1568788944179556,3.7252860006758275,45.99285832789104,30.585040872541757
1786282034002745600,1752.1827456054687,113.44470472913235,0.49922880934146857,7.254880214924356,51.64896119082102,113.85470472555608,224.23307244908577,2.5784399442098302,3.067904107952756,45.99254332723785,31.399303390012598
1786282035002775000,1753.1827751464843,113.79874592740089,1.5406207769495026,7.2580622715515695,51.6487545710201,114.20874592382461,225.4754302308012,2.476683928281098,3,45.992200559911254,32.73114145137967
1786282036002803000,1754.1828029785156,114.22126203216612,1.539705915190791,7.2583816688640175,51.64854978093204,114.63126202858984,227.12295305473305,2.238342362204015,3,45.99184148216662,33.72500059632652
1786282037002832000,1755.1828317871093,114.90054182242602,1.5086143426585308,7.258557706502645,51.648346944791555,115.31054181884974,228.83442941194735,2.4532156366030256,3,45.991464381707765,34.570060233168704
1786282038002860800,1756.1828608398437,115.2592856651172,1.5333765461248259,7.258801194234151,51.64814384712528,115.66928566154093,230.24006684626696,2.2266081087462024,3,45.99107052706514,35.416451940864285
1786282039002889200,1757.1828891601563,115.36538034211844,1.5329997991800328,7.258746111101242,51.64793829264588,115.77538033854216,230.2752507164078,2.4121531294026024,3,45.99067088848815,35.754876422100075
1786282040002917600,1758.1829177246093,115.43678889003493,0.15104925632476807,0.7809769564690698,51.647737709118694,115.84678888645865,230.091796401595,1.3941820585683642,3,45.99024097328075,35.67319107055664
1786282041002946800,1759.1829467773437,115.98083946530353,0.15537063777446747,0.7804278732928243,51.647536423047626,116.39083946172725,229.9264511821673,1.3891221241605376,3,45.98985372745296,35.426963806152344
1786282042002975200,1760.182975341797,116.23354096049823,0.14869607985019684,0.7766636920082067,51.64733653881954,116.64354095692195,229.70423780771011,1.3860749409351512,3,45.98947329686523,33.944889068603516
1786282043003004200,1761.1830041503906,116.64786009180139,0.1542758196592331,0.777704655526399,51.64714107567337,117.05786008822511,229.84850506335914,1.377422589225024,3,45.98910130014741,33.944889068603516
1786282044003032600,1762.1830324707032,117.43413687858272,0.145833820104599,0.7749154837458009,51.646950278237085,117.84413687500644,229.733197809791,1.3663570782196504,3,45.9887376865766,33.22964096069336
1786282045003060700,1763.1830607910156,118.21768646906278,0.14745044708251953,0.776656701736478,51.64675975198962,118.6276864654865,228.66548897835625,1.3873412541541166,3,45.988382729167576,32.46168518066406
1786282046003090700,1764.183090576172,119.16192326619948,0.1451531946659088,0.7762062827772275,51.646566933992425,119.5719232626232,226.83808552629768,1.3991348414560676,3,45.98803987622746,31.699121475219727
1786282047003118600,1765.1831186523436,119.16200203541666,0.3080157138810626,7.2589745186795,51.6463720417981,119.57200203184038,226.83782357171367,2.412151671654989,5.1720926390404,45.98770583440884,31.69912147482891
1786282048003147500,1766.1831474609376,120.12569492775947,0.30801571388106164,7.2589745186796,51.64616432341983,120.53569492418319,224.06450575611106,2.4121516716602143,5.269382825357281,45.98739692124711,31.699121474828807
1786282049003176700,1767.1831767578126,121.3693378912285,0.3080157138811244,7.258974518679524,51.64594793343656,121.77933788765222,220.54897101840893,2.412151671659195,5.289761721690567,45.98711485329942,31.431049346542625
1786282050003204900,1768.1832048339843,123.22703075036407,0.3080157138811873,7.258974518680161,51.645728376765405,123.63703074678779,218.19047893156585,2.4121516716671003,5.478105975581859,45.986853074452185,31.16233444176709
1786282051000150800,1769.1801508789063,124.7981516122818,0.30801571388130866,7.258974518680109,51.645503509657956,125.20815160870552,215.63564904941555,2.41215167166902,5.59800198024337,45.98660896200159,30.73438072169153
1786282052000139300,1770.1801391601562,126.03321436420083,0.30801571388128623,7.258974518679883,51.64526978713002,126.44321436062455,213.30664755592122,2.412151671564492,3.0705967536152396,45.98637243031016,30.73438072168929
1786282053000168000,1771.18016796875,127.30111347138882,0.3080157138812851,7.258974518679668,51.645026176427685,127.71111346781254,210.19075867084925,2.4121516715634663,3.035326495731212,45.98616004735018,30.73438072168918
1786282054000164000,1772.1801640625,128.68457443453372,0.3080157138812793,7.258974518679628,51.644777113963265,129.09457443095744,207.73714908660452,2.4121516715624853,3,45.98596044988555,30.757253646493027
1786282055000158000,1773.1801579589844,129.74938295781612,0.3080157138811922,7.258974518679389,51.64451407525202,130.15938295423985,204.95817706011067,2.412151671564198,3.0334741854598652,45.98577588090394,31.126083373652786
1786282056000194300,1774.1801943359376,131.4079165590383,0.1590494066476822,0.7843933317145456,51.64423639168577,131.81791655546203,198.84818887363883,1.4279883098807855,3,45.9856282913525,31.722064971923828
1786282057000188400,1775.1801884765625,131.40799552481622,0.3080157138810489,7.258974518679358,51.64396658100923,131.81799552123994,198.8480727846084,2.412151671564774,3.012911172921428,45.985480250961096,31.722064971531324
1786282058000182300,1776.1801823730468,132.01860736962408,0.30801571388104837,7.2589745186792864,51.64369032880494,132.4286073660478,195.9315994634027,2.4121516716459697,4.990352664212422,45.985364083994035,31.72206497153127
1786282059000216300,1777.1802163085938,132.79928433150053,0.3080157138810477,7.25897451867936,51.643410493888695,133.20928432792425,193.7220329993448,2.4121516716400175,4.872334151771581,45.98526361496027,31.722064971531196
1786282060000212200,1778.1802121582032,133.14364507142454,0.308015713881341,7.258974518679581,51.643146069356746,133.55364506784827,191.21079546975952,2.4121516716274534,4.777348486467786,45.98518689630912,30.4771671291684
1786282061000210200,1779.180210205078,133.54976574797183,0.3080157138813408,7.258974518679099,51.64287983369635,133.95976574439555,189.5638963574246,2.412151671638949,5.024822773973726,45.985123217194364,30.477167129168375
1786282062000246000,1780.18024609375,134.10632103029639,0.30801571388149285,7.258974518679034,51.64262630211191,134.5163210267201,188.66925731951616,2.412151671643111,5.213094236761127,45.985063916635944,29.809789657266887
1786282063000244000,1781.1802438964844,134.50277284812182,0.3080157138819463,7.258974518679284,51.64241153049785,134.91277284454554,188.46756647780225,2.4121516716274227,5.191524976542568,45.98501526849473,27.731346130108758
1786282064000240400,1782.1802404785155,134.82091726362705,0.3080157138825319,7.258974518678803,51.64221414863358,135.23091726005077,188.19002116538476,2.412151671607681,5.167147179434616,45.98497399141152,24.788419723323372
1786282065000276500,1783.1802763671874,134.57650387845933,0.3080157138825317,7.258974518679204,51.64199638509614,134.98650387488306,187.1181374629987,2.412151671610696,5.259182302222715,45.98493634734911,24.788419723323354
1786282066000312300,1784.1803122558595,134.53391514904797,0.3080157138825316,7.25897451867886,51.64177482469453,134.9439151454717,187.1706886831945,2.4121516716141587,5.363199036403459,45.98489392570483,24.788419723323354
1786282067000347100,1785.1803471679686,137.12206976674497,1.265338848638702,7.258966365171,51.64153117354878,137.5320697631687,187.0909191108849,2.2060760249874503,3,45.98486515652851,25.671500957062523
1786282068000380400,1786.1803803710939,137.4767535040155,1.2665660912824934,7.258966370203188,51.64129574668261,137.88675350043923,185.96511699706448,2.040696024855972,3,45.98483195104601,26.28690578314776
1786282069000415200,1787.180415283203,137.62685348279774,1.4619083724075415,7.258969523956314,51.6410535697435,138.03685347922146,184.56544890993402,2.020347993012222,3,45.984813781385895,26.93311050628863
1786282070000449300,1788.18044921875,137.51491600554436,0.7121008244264692,7.258705576161547,51.64079143367255,137.92491600196809,184.08003709737153,2.0203483352080696,3,45.98478080346671,27.866126879543447
1786282071000482600,1789.1804826660157,137.33265834581107,0.5359848534091595,7.258866130137279,51.64052660319178,137.7426583422348,183.29504872127134,2.0000003755892326,3,45.98476227867042,28.970415128556656
1786282072000516000,1790.1805161132813,137.21502883546054,0.7607782307568542,7.258878130559526,51.64026312278748,137.62502883188426,183.54248085636962,2.0000001974139634,3,45.984736306742235,29.479408440513108
1786282073000548400,1791.1805483398437,137.25209609046578,1.0302823448807947,7.258972197282391,51.639997406905046,137.6620960868895,183.40749866427697,2.0000002048605916,3,45.98471042032674,29.76904456999964
1786282074000581400,1792.1805812988282,136.93387755565345,0.524742399834875,7.258804553158853,51.63970587257377,137.34387755207717,184.90552648192005,2.0000007580492842,3,45.984659894485375,31.27493133184756
1786282075000613000,1793.1806130371094,136.49218187946826,0.5262595342188507,7.2580735419979,51.6394203839132,136.90218187589198,186.05283561805035,2.0000008404078415,3,45.98461139869317,31.867070676978546
1786282076000645600,1794.180645751953,135.8797383569181,0.48027369897721833,7.257671282611135,51.639128047352216,136.28973835334182,186.72101292989427,2.0000014854963117,3,45.984554462076865,32.53955651441271
1786282077000678100,1795.1806782226563,133.29521878234235,0.13463205099105835,0.7890182769171433,51.638830278565784,133.70521877876607,189.1634450834243,1.3324741055095441,3,45.98446743522443,33.28318786621094
1786282078000710100,1796.1807102050782,132.9632846605923,0.13390548527240753,0.7877114696298495,51.63852427899201,133.37328465701603,190.42365596642668,1.3275026157249323,3,45.984382007465996,33.971221923828125
1786282079000741400,1797.180741455078,132.94881589992286,0.13675621151924133,0.7866098881827734,51.638219222423416,133.35881589634658,191.86706618334713,1.3701305778866728,3,45.98428671521248,34.64638137817383
1786282080000772900,1798.1807729492189,133.05181706798504,0.14652635157108307,0.7893855596675903,51.637919980678845,133.46181706440876,193.4139537661933,1.4050307374452184,3,45.98417667524214,34.64638137817383
1786282081000806000,1799.1808059082032,133.17552358090649,0.14397919178009033,0.7855545705951535,51.6376272103709,133.5855235773302,194.8737017956084,1.425128038315121,3,45.98405524995814,34.11020278930664
1786282082000835800,1800.1808359375,135.3884996343404,0.5741054703573618,7.258819251233,51.637340677696734,135.79849963076413,195.36311826162014,2.0000005600672126,3,45.9839463410147,33.36723151926786
1786282083000867600,1801.1808676757812,135.5905327303335,0.5161731077206267,7.258362639720154,51.637060091449484,136.00053272675723,196.4275294300641,2.0000008995089558,3,45.983814627174254,32.536405463516914
1786282084000898800,1802.1808989257813,136.17620141711086,0.5061039782203303,7.258209338189308,51.63678709534263,136.58620141353458,197.5350925360715,2.0000015453600564,3,45.98367349086236,31.909205666843505
1786282085000929300,1803.1809291992188,136.45043434668332,0.5198011834523937,7.258187552696039,51.63652188406313,136.86043434310704,198.01874034528288,2.000001368098844,3,45.98353246447124,31.253102678866373
1786282086000960800,1804.1809606933593,136.58096344210207,0.5123878444882309,7.258680880450908,51.63626088193896,136.9909634385258,198.31792925555854,2.000001704720249,3,45.98339450866536,30.69366376110487
1786282087000990500,1805.1809904785157,136.93589237518609,0.5150426529839575,7.2585434846006285,51.63600500223353,137.3458923716098,198.93922392124236,2.000001358247775,3,45.98325132365124,30.17115173942281
1786282088001021700,1806.1810217285156,137.3783585652709,0.5272651560711665,7.258157590260578,51.635753613860814,137.78835856169462,198.7529090726212,2.000001251414351,3,45.983114652232956,29.58842886816555
1786282089001052000,1807.181052001953,137.5932033183053,0.5138446879141378,7.258035069247594,51.63550712178133,138.00320331472903,198.593333252571,2.000001228358412,3,45.982981731305166,28.997789680233044
1786282090001082000,1808.18108203125,138.08041502628475,0.527662638836946,7.258001656455672,51.63527087116782,138.49041502270848,198.68771399758216,2.000001084052767,3,45.982854918400484,27.749118320245184
1786282091001113300,1809.18111328125,138.58827810175717,0.5231549843982654,7.257326429384176,51.63505120505217,138.9982780981809,198.822866688657,2.0000012737380923,3,45.982733870666685,26.143785426696944
1786282092001142800,1810.1811428222657,139.21534763555974,0.5380667644321104,7.256988830341306,51.63484606650459,139.62534763198346,198.74342431786798,2.0000009006454054,3,45.982621991972145,24.50537217775607
1786282093001173500,1811.1811735839844,139.63940705172718,0.5531669831543836,7.257956338217329,51.63464344451296,140.0494070481509,199.12265052418516,2.000000796928014,3,45.98250816300998,23.950357585985238
1786282094001203700,1812.1812036132812,139.4535748315975,0.5535430894688915,7.258943528653609,51.63444408756502,139.86357482802123,198.7874038478837,2.0000007230317527,3,45.98240048779389,23.493305105240886
1786282095001233200,1813.181233154297,139.15279929805547,0.5520021119841125,7.258862013726658,51.63424801824643,139.5627992944792,198.60255292490208,2.0000006603660996,3,45.982295146277345,23.10223168145411
1786282096001264000,1814.1812641601562,139.30299879889935,0.5498445714755968,7.258945137364329,51.634054395301526,139.71299879532307,198.5547834234364,2.0000006376980957,3,45.9821918902484,22.76355474112498
1786282097001293600,1815.1812934570312,139.3153852429241,0.5509248192053242,7.2588946766616615,51.633864967928226,139.72538523934782,198.6654331404796,2.0000006468849603,3,45.98208957550407,22.320985451883367
1786282098001323300,1816.1813232421875,139.4112795535475,0.5598228930710917,7.258833123915216,51.63367731894585,139.82127954997122,198.64428098205104,2.000000619858325,3,45.98198710544799,21.95894188968065
1786282099001353200,1817.1813532714843,139.92353113088757,0.5617130069751397,7.257470091161479,51.63349522980083,140.3335311273113,198.619907172406,2.0095463505095443,3,45.98188918480973,21.481968327585182
1786282100001383000,1818.1813828125,140.47720601502806,0.5633123169905822,7.256146433832431,51.63331706905722,140.88720601145178,198.81464251694908,2.0028825473796497,3,45.981791551472355,21.074636714739626
1786282101001412600,1819.1814125976562,141.04452724475414,0.5617214391988724,7.255855823198059,51.633140470188344,141.45452724117786,198.67160160386283,2.001441521841032,3,45.98169609259945,20.825145545242936
1786282102001443300,1820.181443359375,141.55232856050134,0.5586903416785751,7.256618564921259,51.63296254778118,141.96232855692506,198.7074604878059,2.215699025599159,3,45.98159938340423,20.83492196958225
1786282103001472000,1821.1814719238282,142.07909803185612,0.5607482522761634,7.257772132749997,51.63278467366626,142.48909802827984,198.91393300256695,2.1078497615795984,3,45.981499979542754,20.958423735606267
1786282104001502200,1822.1815021972657,142.5011148257181,0.5629728489052772,7.2572523834785345,51.632604377538826,142.91111482214183,198.66970792990287,2.2538607543157267,3,45.9814031818013,21.083087891792452
1786282105001532000,1823.1815319824218,142.94389260094613,0.555281149506708,7.256833106316818,51.63242321477535,143.35389259736985,198.39130056741624,2.1269306873876332,3,45.98130631776313,21.159002220379215
1786282106001562600,1824.1815627441406,143.680773826316,0.562803302599977,7.255620194549396,51.632243939438915,144.09077382273972,198.63997196058838,2.0390347481267024,3,45.981209114093005,21.137072546080454
1786282107001591300,1825.1815913085939,144.24937987979501,0.5555443366382136,7.255996489818936,51.632065891216435,144.65937987621874,199.04457404019135,2.0195177363384427,3,45.98110941971628,21.08352547122152
1786282108001620700,1826.1816208496093,145.11969694122672,0.5693415626128774,7.255077012619828,51.631884291635174,145.52969693765044,198.9727219176019,2.00593195336997,3,45.98100810744166,21.223089918935223
1786282109001649400,1827.1816494140626,145.25699766911566,0.5663688015891264,7.257804316086573,51.63170542334995,145.66699766553938,199.32525571833494,2.002966202834488,3,45.98090581203617,21.171263317874008
1786282110001679400,1828.1816794433594,145.64576856326312,0.5567897800638717,7.257522025618744,51.63152396176478,146.05576855968684,198.8572823912677,2.0009008031203592,3,45.98080683632873,21.27509458754665
1786282111001709000,1829.181708984375,146.24485759064555,0.5584085429866071,7.257522584240331,51.63134406329039,146.65485758706927,198.6329615412925,2.0004506544658693,3,45.980709242402725,21.13213663401351
1786282112001738500,1830.1817385253905,146.58075848780572,0.563909833650112,7.257372756287288,51.631169646424816,146.99075848422945,198.66603498284042,2.0001410971419467,3,45.980615023900164,20.648693039169316
1786282113001768000,1831.1817678222656,147.13144620880485,0.5690369094069445,7.2567823632239055,51.63100060840257,147.54144620522857,198.49293936952085,2.0000707525387886,3,45.98052456916678,20.047068798699907
1786282114001797600,1832.181797607422,147.4275387916714,0.5736998713714561,7.257838470970972,51.63082953403696,147.83753878809512,198.9462899747157,2.3407174428801505,3,45.98042894724854,20.033283173190338
1786282115001826600,1833.1818266601563,147.5430638100952,0.5709140816510702,7.25875959666652,51.630660626749,147.9530638065189,199.22832277205947,2.1703589283929112,3,45.98033445763095,19.960072757862946
1786282116001856800,1834.181856689453,148.00505423080176,0.564536123851574,7.258672794215192,51.6304910883575,148.41505422722548,199.45979895013946,2.057196037974126,3,45.980237985559555,20.057782679066293
1786282117001886500,1835.1818864746094,148.09772663377225,0.571964405527469,7.258833144925142,51.63031845303945,148.50772663019598,198.98217588900684,2.0189485072548243,3,45.98014302425019,20.23685569945551
1786282118001915600,1836.1819155273438,148.13431854732335,0.5682174392192753,7.258973828805726,51.63013995378086,148.54431854374707,198.969030053037,2.0094744932374256,3,45.98004400191417,20.930982551207848
1786282119001944000,1837.1819440917968,148.03769137896597,0.5593574745973475,7.2589707853818926,51.62994707483209,148.4476913753897,199.0096128052309,2.0028866209801244,3,45.97993763270708,22.38080537818198
1786282120001973500,1838.1819733886718,147.61673708166927,0.5480667867083163,7.258500390966154,51.62973885492412,148.026737078093,198.58568697542833,2.001443638464479,3,45.9798265545616,24.06578200633136
1786282121002003200,1839.1820031738282,147.17715002130717,0.5464263147457351,7.258314395661913,51.62952298623805,147.5871500177309,198.71544865388987,2.0003352498895324,3,45.979707859527245,25.257461131778218
1786282122002032600,1840.1820327148437,146.95240819081664,0.5526244118365525,7.258620050258106,51.629302318339015,147.36240818724036,198.4081341204776,2.000168526200801,3,45.97959144960856,25.64494197396576
1786282123002061800,1841.182061767578,142.87742594023712,0.25765809416770935,0.8389997336334456,51.62908959290491,143.28742593666084,198.4997536033198,1.7933555974971027,3,45.97945472608996,25.801860809326172
1786282124002091300,1842.1820913085937,141.81096902568368,0.25095638632774353,0.8254820422140499,51.628871742495214,142.2209690221074,198.64469021750747,1.7814450589775912,3,45.979336396164335,25.801860809326172
1786282125002120000,1843.182119873047,141.23084170273194,0.22545748949050903,0.8139613273532366,51.6286568592062,141.64084169915566,198.90498872677665,1.7824136547316514,3,45.979220690573804,25.62691879272461
1786282126002150100,1844.1821501464844,140.40380585949384,0.22814211249351501,0.814682872806025,51.62844582685401,140.81380585591756,199.05217930339043,1.8264899590947445,3,45.9791009121091,25.333621978759766
1786282127002178600,1845.1821784667968,139.60228300234093,0.22215281426906586,0.8140530546593557,51.628238240881636,140.01228299876465,198.794763133951,1.8096966651079727,3,45.97898900275647,24.650503158569336
1786282128002208000,1846.1822080078125,139.6023307153955,0.30801571388255855,7.258974518679475,51.62802850192248,140.01233071181923,198.79467321818558,2.0001673392343657,3,45.97887431403967,24.650503158385142
1786282129002238700,1847.1822387695313,138.65949347708374,0.3080157138825585,7.258974518678924,51.627817741099854,139.06949347350746,198.64282515371096,2.0001673392603982,3.3655703468404004,45.9787623669227,24.650503158385142
1786282130002265900,1848.1822658691406,138.4136390015483,0.30801571388257903,7.258974518679573,51.62761125207659,138.823638997972,198.80487787720168,2.0001673392605928,3.3857993062610237,45.97864943694139,24.540338516053616
1786282131002296000,1849.182296142578,137.88096793740988,0.30801571388261967,7.258974518679556,51.62740734375407,138.2909679338336,199.51501021943696,2.000167339259658,3.373064426731575,45.9785318800171,24.321830749334804
1786282132002325500,1850.182325439453,137.27026582416147,0.3080157138827052,7.258974518679471,51.627211422324535,137.6802658205852,200.71493431473579,2.000167339234152,3,45.97841230606761,23.853322982621204
1786282133002353700,1851.1823537597656,136.71226146258414,0.30801571388270527,7.258974518679218,51.62701182164436,137.12226145900786,200.8547066907582,2.000167339233691,3,45.978291569962536,23.853322982621208
1786282134002383400,1852.1823833007813,136.35979925934225,0.30801571388270516,7.258974518679692,51.626805385752384,136.76979925576597,199.8579815902226,2.0001673392555124,3.2503239846484964,45.97817196262954,23.853322982621204
1786282135002412300,1853.1824123535157,136.24965041968971,0.3080157138827167,7.258974518679217,51.626602055858086,136.65965041611344,199.13873878662588,2.0001673392544905,3.212041781021683,45.97806067587391,23.788507461382316
1786282136002441700,1854.1824416503907,135.96103336848319,0.3080157138827544,7.258974518679688,51.6264012390889,136.3710333649069,199.45279028258082,2.0001673392552415,3.2689154403793745,45.977945689766074,23.57883834822748
1786282137002470700,1855.182470703125,135.6964664189145,0.3080157138827544,7.258974518679238,51.62620115710661,136.10646641533822,199.3527147912628,2.000167339256024,3.3037333443112087,45.977834062429096,23.57883834822748
1786282138002501000,1856.1825012207032,135.759896337986,0.308015713882777,7.258974518679411,51.62600459763458,136.1698963344097,199.4881026853362,2.0001673392597095,3.478689833353304,45.977720272017805,23.452110290368736
1786282139002530000,1857.182530029297,135.72821207530797,0.30801571388277693,7.258974518679842,51.62580512262662,136.1382120717317,198.9852526989606,2.0001673392608783,3.5279897170579346,45.97761236332862,23.45211029036873
1786282140002558500,1858.1825583496093,135.25119511969388,0.3080157138827416,7.258974518679427,51.62560231170716,135.6611951161176,199.1028263271937,2.0001673392624357,3.5672699206146814,45.97749831823105,23.650157928304132
1786282141002588200,1859.1825881347656,134.43887494131923,0.3080157138827415,7.258974518679733,51.62540121433637,134.84887493774295,199.02112396575848,2.000167339264647,3.6562791907161976,45.977385333108735,23.65015792830413
1786282142002617900,1860.1826179199218,134.315368514508,0.30801571388276205,7.258974518679411,51.62519958644704,134.72536851093173,198.01728225491635,2.0001673392694737,3.859612522086295,45.97727956738136,23.53497695906821
1786282143002647000,1861.1826469726564,133.9440164808184,0.3080157138827791,7.25897451867967,51.62499789087915,134.3540164772421,195.65141117655736,2.000167339268161,3.8228175671910147,45.9771951499171,23.437507629236187
1786282144002676500,1862.1826765136718,133.2063739504665,0.30801571388282284,7.258974518679278,51.62479993114317,133.61637394689023,196.4780797472774,2.0001673392694683,3.908966027698072,45.97709982590602,23.190486907805607
1786282145002706200,1863.1827060546875,132.49531721044332,0.30801571388282306,7.258974518679306,51.62460089189953,132.90531720686704,197.89753710822202,2.0001673392717896,3.9978799720688447,45.97699302415868,23.19048690780561
1786282146002734000,1864.1827341308594,132.141956102103,0.3080157138828244,7.2589745186794445,51.624403696821446,132.55195609852672,198.621260830991,2.000167339273505,4.063442100430119,45.97688370834058,23.183101653899516
1786282147002763000,1865.1827629394531,131.5511078182608,0.3080157138828359,7.258974518679201,51.62420662489478,131.9611078146845,198.4124767520999,2.0001673392745203,4.111409277538838,45.97677827905859,23.1170139311225
1786282148002792400,1866.1827924804688,132.00750715937465,1.2616932586566711,7.258924363532137,51.6240007578142,132.41750715579838,198.52611474006088,2.0000001093379876,3,45.97669067334854,23.14290685952918
1786282149002821400,1867.1828212890625,131.26027705613524,1.260936648019833,7.258926686271304,51.62380671657802,131.67027705255896,198.93034450352732,2.000000132027914,3,45.97658106718351,23.070897609934057
1786282150002851800,1868.1828518066407,130.60517502110451,1.1593947372473457,7.258929039070421,51.62361040112069,131.01517501752824,198.9782925168721,2.0641951641493153,3,45.97647283358034,23.013218468478573
1786282151002881000,1869.1828811035157,129.90816889423877,1.1564522085765068,7.258923913386599,51.62341377644534,130.3181688906625,198.62482566428477,2.0320976843044334,3,45.97636722214344,22.941128133383632
1786282152002909400,1870.182909423828,129.5647690910846,1.2667770868860713,7.258952134967969,51.62321796954492,129.97476908750832,198.58747667644417,2.008310170184215,3,45.976260013823136,22.872881723878933
1786282153002938400,1871.1829384765624,129.16681323107332,1.2663639142655363,7.258963308799713,51.623027239418484,129.57681322749704,198.83557318394554,2.0041551501784376,3,45.97615472158883,22.64896057440041
1786282154002967600,1872.1829675292968,129.2985693057999,0.5607950209731685,7.25876616292514,51.62284430383621,129.70856930222362,198.72614055762472,2.001208367755122,3,45.97605768022656,22.252796489481288
1786282155002996000,1873.1829958496094,129.0874735340476,0.5702244369605484,7.258525793742726,51.62265474722389,129.49747353047132,199.02631496120767,2.0006043752131806,3,45.97595219779157,22.36213787702689
1786282156003025400,1874.183025390625,128.901266425848,0.5712149014620931,7.258695714495833,51.62245890680877,129.31126642227173,199.1620353600282,2.000164779523919,3,45.975843214518534,22.912973670850604
1786282157003055900,1875.1830559082032,128.80399201065302,0.5561373133779772,7.258930527189421,51.62226343957674,129.21399200707674,199.03720809677247,2.000082657780918,3,45.97573540778102,22.927010632562205
1786282158003084500,1876.1830844726562,128.46728417370468,0.5652081233831331,7.258728078379054,51.6220729183496,128.8772841701284,198.85049045844184,2.000022392641994,3,45.97563006016514,22.570676614029633
1786282159003113700,1877.1831137695312,128.30449052527547,0.5739815151112936,7.2584815497156425,51.6218851205316,128.7144905216992,198.9079218172672,2.000011408693412,3,45.97552617310595,22.19213897422233
1786282160003143200,1878.1831430664063,127.82942131534219,0.5738984804577186,7.256989616304755,51.6216961086914,128.2394213117659,198.87417872857233,2.0000034927842485,3,45.97542268877699,22.256093938027675
1786282161003171600,1879.1831716308593,127.38384295720607,0.5661891887467532,7.256641373212754,51.62150634219424,127.79384295362979,199.43562866164712,2.000002008394467,3,45.9753137563464,22.560567753731704
1786282162003200800,1880.1832006835937,126.8932262705639,0.5317881718427537,7.256773626095165,51.62130665896901,127.30322626698762,199.4064703969185,2.0000012010321515,3,45.97520114799955,23.30539207635165
1786282163003230500,1881.18323046875,126.34711844287813,0.7719166877724064,7.256443707035768,51.62109629612754,126.75711843930185,199.09828953294868,2.000000659475838,3,45.97508469255111,24.337845101969798
1786282164003259600,1882.183259765625,125.85723684355617,1.0529803228353514,7.2574505085919805,51.62089044852225,126.26723683997989,199.2385076830923,2.0000006068601146,3,45.974969564263766,24.1949593397415
1786282165003288300,1883.183288330078,124.60732377506793,0.5529677129320641,7.250551222387757,51.620675884785065,125.01732377149165,198.96866128688114,2.0000007082578115,3,45.974853009748024,24.484487266300633
1786282166003317200,1884.1833171386718,123.13652836810797,0.5447990187119085,7.244683968221462,51.62046721116094,123.5465283645317,198.78804438584174,2.000000484270167,3,45.974739563570374,24.51191259567212
1786282167003347200,1885.1833471679688,121.35731045994908,0.5290506515186186,7.242186823845376,51.620255912664796,121.7673104563728,198.65974048249748,2.000000577300602,3,45.97462495526385,24.717082034356245
1786282168003376400,1886.1833764648438,120.03444629535079,0.5331739891635938,7.245399969162398,51.620043650576754,120.44444629177451,198.99445656852427,2.0000004628540635,3,45.974507217415294,24.902262494277473
1786282169003404800,1887.1834047851562,118.62372259330004,0.5254988284956813,7.244858730767479,51.61983065643825,119.03372258972377,198.96534062823523,2.000000541127141,3,45.97438990468071,25.03898925966617
1786282170003434500,1888.1834345703126,117.97710993234068,0.5363149247264472,7.252306576564135,51.61961824530316,118.3871099287644,199.04054261390962,2.0000003804326743,3,45.97427149234476,25.070252130961745
1786282171003463200,1889.1834631347656,117.19203112833202,0.5269508978630131,7.253522438253151,51.61940412487698,117.60203112475574,198.68819249339603,2.0000003788305545,3,45.9741556824248,25.073853003489894
1786282172003493000,1890.1834931640626,116.72630068939179,0.5439550441448406,7.256952522002341,51.61919160681116,117.13630068581551,198.54665197386257,2.0000004073724926,3,45.9740409284341,24.929892801173235
1786282173003521800,1891.1835217285156,116.35693618562073,0.550266793172491,7.257642808714715,51.618980190405445,116.76693618204445,198.23608341409332,2.0000003512387465,3,45.973929266248774,24.73698424969781
1786282174003550700,1892.18355078125,115.85042850021273,0.5561790237689976,7.257727710313299,51.618771365924914,116.26042849663645,198.0594171582266,2.000000312430458,3,45.97382050101552,24.495093748358055
1786282175003580200,1893.183580078125,115.50001794472337,0.5452044642772182,7.258353827028163,51.61856374051084,115.91001794114709,198.49624072783297,2.0000004724275895,3,45.97370734449447,24.33384343514873
1786282176003609000,1894.1836091308594,115.1715997485444,0.5563531597838687,7.258520475999852,51.61836154449477,115.58159974496812,198.91595710582234,2.000000400813938,3,45.97359564111084,23.90243305766851
1786282177000690400,1895.1806904296875,115.24346248898655,0.5800978245604395,7.258858730570334,51.61816051675362,115.65346248541027,198.76962685009858,2.056498661706664,3,45.97348578889277,23.603347518741007
1786282178000680200,1896.1806801757812,115.24138950463384,0.5455033311569336,7.2589700739657745,51.61796425073209,115.65138950105757,198.83993497587792,2.0466387074945356,3,45.973377898794375,23.197833285709493
1786282179000709000,1897.1807092285155,114.9286134429276,0.55738482858078,7.258868273948195,51.61777288367474,115.33861343935132,198.70574889115278,2.0233194215674795,3,45.97327410580458,22.44759695323466
1786282180000694800,1898.1806948242188,115.08248381782323,0.5748456629469703,7.2588817173623355,51.617600354290225,115.49248381424695,198.67693809477927,2.0067222670928624,3,45.97318026397374,20.699640460311784
1786282181000681000,1899.1806809082032,114.83914935775101,0.5922973740436024,7.258972221359108,51.61744207287422,115.24914935417473,198.50917440536324,2.003361259969032,3,45.973096272833196,18.905042132628708
1786282182000705300,1900.1807053222656,114.7540599713102,0.5960674493032908,7.2589701129478374,51.61729078626417,115.16405996773392,198.3854592589109,2.00121518465396,3,45.97301584927275,17.79533542796204
1786282183000687000,1901.1806870117186,114.70004592835903,0.5995389977788224,7.258893101385045,51.61714594748812,115.11004592478275,198.18684976498304,2.000474948930844,3,45.97294001663685,17.091268164587973
1786282184000669400,1902.1806694335937,114.50712317600846,0.6057064697250331,7.258495761371819,51.6170067124876,114.91712317243218,197.72258242740685,2.407626676720594,3,45.972869007149825,16.39067357791883
1786282185000691700,1903.1806916503906,114.4682593215257,0.6146517236251907,7.258698940823025,51.61686992676337,114.87825931794941,198.04642251379636,2.1704361274853494,3,45.97279675896169,15.976155870426373
1786282186000675000,1904.180675048828,114.48306172247976,0.6294595809388358,7.258883551220635,51.61674354798164,114.89306171890348,199.62239777396366,2.07433445738822,3,45.97272388457803,15.163020522862668
1786282187000658000,1905.1806579589843,114.46979396510869,0.6435166486070809,7.258926244253268,51.616626179915016,114.87979396153241,204.47755492231545,2.0337520543447165,3,45.97263395367273,14.638118010799545
1786282188000682200,1906.1806821289063,114.46200482081622,0.6443435708941477,7.25897411214344,51.61651968277627,114.87200481723994,211.66855669357722,2.0156288820333557,3,45.97252184173558,14.24649650815659
1786282189000666000,1907.180666015625,114.8526662895456,0.6354039977397989,7.257877626270134,51.61642972784855,115.26266628596932,219.82317404278197,2.0074494156853206,3,45.97238924306683,13.740023481656678
1786282190000649500,1908.1806494140626,115.12736727390438,0.6541318277217717,7.2576258844844315,51.61635365026522,115.5373672703281,226.34127187045647,2.003644445793645,3,45.97224544683327,13.231770018587131
1786282191000676600,1909.1806765136719,115.39928921218961,0.6496331284524447,7.258426454995177,51.61627420001871,115.80928920861334,223.79199770697204,2.0018285691981084,3,45.97212440579373,12.500917327699584
1786282192000699600,1910.1806997070312,115.72397475223988,0.6504550318942282,7.257208696153996,51.616188672356145,116.1339747486636,217.62491133919406,2.000944189637927,3,45.972023199110666,11.94567125466819
1786282193000723700,1911.1807236328125,115.74236626271158,0.6473341890203288,7.258839469012097,51.616094786855875,116.1523662591353,210.37687560625832,2.0004976640984116,3,45.97194085918347,11.926369078175895
1786282194000748300,1912.1807482910156,115.74225314892828,0.6531964420293406,7.258859888359648,51.61599298847234,116.152253145352,205.20207694492214,2.0002596317047723,3,45.97186946828813,12.163290497142395
1786282195000773400,1913.1807734375,115.79773854557425,0.6438655260269713,7.258952295642701,51.615897917522084,116.20773854199797,202.51364255759202,2.0001364047745573,3,45.971809529785936,11.550904798245538
1786282196000797400,1914.1807973632813,115.91806896682829,0.6435969592151093,7.258941163273516,51.6158076684473,116.32806896325201,201.1687159912653,2.002163511134007,3,45.97175428282719,10.92186656968449
1786282197000822500,1915.1808225097657,115.97757143806666,0.6404476971617287,7.258787842276802,51.615726706644914,116.38757143449038,200.9617581573701,2.0012003093272424,3,45.971704363890545,9.818445357196566
1786282198000848000,1916.1808479003905,116.25500923581421,0.6440063041083389,7.258598800790906,51.615663438129374,116.66500923223794,200.80185035774858,2.0007053134382136,3,45.97166567646802,7.9826600712159195
1786282199000874500,1917.1808745117187,116.21655525732785,0.6363901585646263,7.824584576379253,51.61561166544582,116.62655525375158,200.05646336320865,2.015250654993886,3,45.97163694336609,6.589947750084803
1786282200000899800,1918.1808999023438,116.29456067085266,0.6367879497033563,9.399452350087627,51.61556896396466,116.70456066727638,200.16128487239135,2.011380460168317,3,45.971611396937675,5.489372720155146
1786282201000925400,1919.1809255371095,116.2715737754479,0.6325292976000396,10.20229555980485,51.61552803115343,116.68157377187163,200.08727607156314,2.0438179603313356,3,45.971587614598455,5.022946520836564
1786282202000952600,1920.1809526367188,116.17087417561561,0.6348718265714296,11.468649443373858,51.615491449357066,116.58087417203933,200.11490181176185,2.0365149523888575,3,45.97156591046777,4.485317304114727
1786282203000979000,1921.1809790039063,116.03626833111048,0.6368704016672698,12.425546908772068,51.615457773801495,116.4462683275342,200.17780424960773,2.031298532812316,3,45.97154599204819,4.149372831842589
1786282204001005000,1922.181005126953,116.04288223851472,0.6378113649574493,12.655942052876329,51.61542391520365,116.45288223493844,200.66143826466205,2.027386220775764,3,45.971524560668904,4.0828106100581065
1786282205001031000,1923.1810310058593,115.9615637222305,0.6379256920807131,12.498060116360142,51.61538916399532,116.37156371865422,200.5941982285716,2.0243433161078044,3,45.971503190888576,4.134146508888239
1786282206001058600,1924.18105859375,116.11921687517315,0.6363130652371973,10.88377637920225,51.61534850656503,116.52921687159687,200.8187343639459,2.0219090009682406,3,45.97147797726262,4.736534741360989
1786282207001086200,1925.1810861816407,116.04229663219303,0.6370168939247738,10.322889758970708,51.6153057061287,116.45229662861675,200.76277027774142,2.0199172779572487,3,45.97145166600727,4.995597534031075
1786282208001112600,1926.1811125488282,116.14002996403724,0.6350515265768191,10.417132078958131,51.61526442475718,116.55002996046096,200.42619298820279,2.03603722589288,3,45.971427516013,4.937721502062834
1786282209001139000,1927.1811389160157,115.63723677955568,1.4637006490006936,23.695955235432475,51.61522498552906,116.0472367759794,201.1596889778564,2.033265072580842,3,45.971401504763946,5.005132455044149
1786282210001166800,1928.181166748047,115.96778370812535,0.7692948375426678,9.503569800896193,51.61516219871623,116.37778370454907,201.41941770952405,2.0332651542115903,3,45.971362260412114,6.559476265777381
1786282211001193500,1929.181193359375,116.21304150018841,0.6493040641640538,7.247186973397862,51.615087298364635,116.62304149661213,201.40360167229602,2.0167865391572533,3,45.97131510198997,8.241371047432791
1786282212001220900,1930.1812209472657,116.59705864265561,0.6566753912528339,7.255587318652391,51.61499866473417,117.00705863907933,200.06306355308334,2.0100822730296435,3,45.97126363121787,10.074422848430435
1786282213001248500,1931.1812485351563,116.89744736719877,0.6685989834950109,7.2548144074878085,51.61488964785805,117.30744736362249,195.74565817889186,2.3278936529470418,3,45.97121631308365,12.1140174659545
1786282214001276400,1932.1812763671876,116.88146187830716,0.6726915242439102,7.257641117713453,51.614749861361005,117.29146187473089,188.9322101586857,2.2858444137386464,3,45.97118307427374,14.858438633239771
1786282215001304000,1933.1813039550782,117.58570249658078,0.660344546334136,7.253728401520757,51.614594302734154,117.9957024930045,181.06391745872935,2.28795987225096,3,45.97118760106395,16.917121439821674
1786282216001332200,1934.1813322753906,117.35337172914296,0.6566241961380809,7.258554546359889,51.61442306542203,117.76337172556669,176.8044843684463,2.6025507922073423,3,45.97120566154159,18.564532198463677
1786282217001360100,1935.1813601074218,117.75215880107135,0.6916821706993506,7.258017543093557,51.6142349613895,118.16215879749507,176.83904331285265,2.371144091643114,3,45.97122823368035,20.146582738069668
1786282218001387500,1936.181387451172,117.95224958192557,0.6342528818487181,7.258201775651841,51.61405433197785,118.36224957834929,183.08119442419166,2.120910283232391,3,45.97120688233436,19.99551482293679
1786282219001416200,1937.1814162597657,118.32088605500758,0.6101538607460604,7.257639184430522,51.61387991125735,118.7308860514313,189.63881669428116,2.060455345907858,3,45.97114970859154,19.787143809701462
1786282220001444000,1938.181444091797,118.57107855845243,0.6078063334729261,7.257583731941401,51.61370752092617,118.98107855487615,193.66996906462853,2.020531148100596,3,45.971076648127784,19.854167299561073
1786282221001472000,1939.1814719238282,118.9233667626977,0.6260809106097032,7.25714099763619,51.61353358068907,119.33336675912142,196.3708418626316,2.006888367365654,3,45.97099161994677,20.19750648999628
1786282222001500200,1940.1815002441406,119.1522193485871,0.6093024022490241,7.257850327279244,51.61334808215528,119.56221934501082,196.99873652235988,2.0021801248026425,3,45.9709012597661,21.082164412127497
1786282223001527800,1941.1815278320312,119.66255246475339,0.5652342003118025,7.257395334885127,51.61317231288352,120.07255246117711,198.74980841427873,2.0010904633347097,3,45.970800238337425,20.894890787286855
1786282224001556200,1942.1815561523438,120.06934312544763,0.5819081852131028,7.256208667087724,51.61299808191317,120.47934312187135,198.95480262655823,2.0003408823445503,3,45.97070573734771,20.439311015974162
1786282225001585000,1943.1815849609375,120.60459168441594,0.5868168450690971,7.255846100732344,51.61283320821261,121.01459168083966,199.54552708334822,2.2004838835961267,3,45.970610448993725,19.699934041187593
1786282226001612500,1944.181612548828,121.12681609764695,0.5982477823050691,7.254944118420951,51.6126710857675,121.53681609407067,199.14171443810824,2.068613917975702,3,45.97052146648142,19.109562113831405
1786282227001640200,1945.1816401367187,122.04133944679052,0.5835376710793495,7.252568724770144,51.61251507560677,122.45133944321424,199.2153128539091,2.024445780036092,3,45.970433069354655,18.483404107806674
1786282228001669400,1946.1816694335937,122.66129779163748,0.5968424063825314,7.2528018423664085,51.61236934648874,123.0712977880612,198.2727065038389,2.009222682949312,3,45.9703579387105,17.269167451923725
1786282229001697300,1947.181697265625,123.22616485878825,0.624553582736931,7.252904581689904,51.61224461493261,123.63616485521197,198.56511495402404,2.3550248014957806,3,45.970287825276486,15.316743251606503
1786282230001727200,1948.181727294922,123.70256034377962,0.638090258615554,7.252946155222493,51.6121252985872,124.11256034020334,197.92423246048455,2.5719065071646936,3,45.97022747379457,14.165286428023293
1786282231001754600,1949.181754638672,124.11888308171183,0.6459762878970022,7.253833069617787,51.61202307685499,124.52888307813555,198.67887591840395,2.277649344880245,3,45.97016979514173,12.531910095846595
1786282232001784000,1950.1817841796876,124.37084470223635,0.6413482311854828,7.254347457711758,51.611938468925636,124.78084469866008,198.78209092964332,2.1455975744712448,3,45.97012307867801,10.425964674948375
1786282233001812000,1951.1818120117186,124.74729696009308,0.6423817392113339,7.24604151766398,51.61187429594221,125.1572969565168,198.83688328940772,2.0836793015482997,3,45.9700874846803,8.030819197699092
1786282234001840000,1952.1818400878906,125.21654402464628,0.6375196312888759,8.812374137214237,51.61183042671661,125.62654402107,199.3438386688639,2.0531260815745993,3,45.97006142817076,5.843982733868347
1786282235001868800,1953.1818688964843,125.41393414419144,0.6387600532920454,12.628572939338623,51.611801811562884,125.82393414061517,199.06132452639477,2.039844549142232,3,45.97004569547485,4.0668237509191645
1786282236001897000,1954.1818969726562,125.48462179210037,0.6408882726766443,20.336345257818266,51.61178590902482,125.89462178852409,199.91997024911046,2.03187560555454,3,45.970035291811804,2.5437746668934955
1786282237001926000,1955.18192578125,125.54831540677696,0.6423926654234566,27.544222337367803,51.61177083725763,125.95831540320069,199.2940568079709,2.0265630002389052,3,45.97002709662738,1.8569279842564137
1786282238001953500,1956.1819536132812,125.42012743186206,0.6384381344437335,53.15823662721318,51.61176426461645,125.83012742828578,199.81145277946808,2.0515588884391627,3,45.9700228118926,0.9650040394816696
1786282239001983200,1957.1819831542969,125.29409235529602,0.8734781149591714,180,51.61176532872197,125.70409235171974,199.38094143517895,2.0526819705012582,3,45.97002380823085,0.1039573753024792
1786282240002010600,1958.1820107421875,125.27721528708935,0.8948149628125672,180,51.61176474101428,125.68721528351307,199.38094128081795,2.046828417725739,3,45.97002361272038,0.07904436184069134
1786282241002042400,1959.1820424804687,125.25865155085921,0.8961426946505424,180,51.61176401036393,125.66865154728293,199.38094064551927,2.0421455765876346,3,45.9700227980539,0.10781397046826836
1786282242002069000,1960.1820690917968,125.33371191378683,0.8897576580432548,133.59165412997672,51.61175963135024,125.74371191021055,198.84323387600017,2.0383141697907248,3,45.97002016644883,0.5388738428706118
1786282243002097700,1961.18209765625,125.32665090914816,0.6387594185544035,29.450194644938925,51.61174218570969,125.73665090557188,199.34064718081078,2.0351213502706402,3,45.97001017575863,1.7443264517202344
1786282244002125800,1962.1821257324218,125.43564159516245,0.6403796378507886,16.425034424351516,51.61171305012113,125.84564159158617,199.41460310003617,2.0324197453212163,3,45.969993584439536,3.125702549495078
1786282245002154800,1963.1821547851562,125.69290752802044,0.6407006363706949,9.827034773416761,51.611666171004444,126.10290752444416,199.51652709817998,2.030104104447101,3,45.969966718930394,5.212417298886136
1786282246002183400,1964.1821833496094,125.84521294012666,0.6413722273606214,7.238225797421372,51.611588898048836,126.25521293655038,199.49085992263105,2.027760272861435,3,45.969922664525626,8.195832398118036
1786282247002212400,1965.1822124023438,126.14451144263148,0.6462560098127194,7.245477686489535,51.6114902395515,126.5545114390552,199.02573468731626,2.020430781346317,3,45.96986838744476,10.760543045109667
1786282248002240800,1966.1822407226562,126.6483604516834,0.6449035425020724,7.252571550555858,51.61137231058418,127.05836044810712,197.61441756181702,2.302988279785619,3,45.969809284323574,12.91326511800354
1786282249002269200,1967.1822692871094,127.19311945978552,0.6443123982642307,7.252422533478636,51.611244509596546,127.60311945620924,195.98293568630504,2.240661391014812,3,45.96975225511908,14.204044053001828
1786282250002297900,1968.1822978515625,127.58874939475209,0.623909092095572,7.2536867582068645,51.61112110212144,127.9987493911758,195.63840905457943,2.113393684405692,3,45.969697268879386,14.293405368043285
1786282251002326500,1969.1823264160157,125.16191665273395,0.17390163242816925,0.8791850982543628,51.611017075439115,125.57191664915767,192.5875145370001,1.4561628987887463,3,45.969633943964425,14.210803031921387
1786282252002355500,1970.18235546875,125.54463902516706,0.15781815350055695,0.8681207787683238,51.61089836695685,125.95463902159078,191.21964621229998,1.4543781463684022,3,45.96959314982469,13.597742080688477
1786282253002384100,1971.182384033203,125.86358817708305,0.1641714870929718,0.8727260871770579,51.610783864477845,126.27358817350677,190.17576108069022,1.452839815628946,3,45.96956063608412,13.087930679321289
1786282254002412300,1972.1824123535157,126.06061040031423,0.16673478484153748,0.8745042842387883,51.61066555397916,126.47061039673795,189.29879211201728,1.4111889964841478,3,45.96952849975112,13.40532398223877
1786282255002442000,1973.1824418945312,126.38115651510107,0.17718340456485748,0.8796187619058057,51.61054274192436,126.79115651152479,188.4255114454961,1.447752879564526,3,45.969498878324394,13.791351318359375
1786282256002470100,1974.1824702148438,126.6115441700025,0.17747965455055237,0.8797390372682213,51.610417011888586,127.02154416642622,187.47761779248177,1.4778546310196201,3,45.96947063792211,13.791351318359375
1786282257002500000,1975.1825,127.5807169967241,0.19255389273166656,0.8861764372001055,51.610287737513595,127.99071699314783,186.47090255033524,1.4010649676778593,3,45.96944477109922,14.204442024230957
1786282258002528500,1976.1825285644532,128.2630706777838,0.17535622417926788,0.876500673827989,51.610155785012616,128.6730706742075,184.97935316014454,1.3733723268477243,3,45.96942616457371,15.352405548095703
1786282259002556400,1977.1825563964844,129.27029995811532,0.17995546758174896,0.8788624785377854,51.61001486700408,129.68029995453904,183.80909586851124,1.362893658015459,3,45.96941087040174,15.605162620544434
1786282260002585900,1978.1825859375,130.0784017106018,0.1754552572965622,0.878109663625203,51.60987567246279,130.48840170702553,183.34124157074368,1.334309491370645,3,45.96939501055776,15.352405548095703
1786282261002614500,1979.1826145019531,130.76887676613254,0.17046965658664703,0.8756628017158988,51.60973683520331,131.17887676255626,183.2060311459341,1.3351616715177974,3,45.969380456611106,15.605162620544434
1786282262002643000,1980.1826428222657,131.52991976451807,0.17126302421092987,0.8755296130270837,51.609595191191275,131.9399197609418,183.22978654386742,1.352982627227911,3,45.96936542615862,16.12525749206543
1786282263002671600,1981.1826716308594,132.38042513652636,0.1718427687883377,0.8751493102285315,51.609451921785414,132.79042513295008,183.33240330595768,1.359933117470494,3,45.969350908945266,16.61431312561035
1786282264002700800,1982.1827006835938,133.0230341422973,0.17122329771518707,0.8734563304488674,51.609300750663955,133.433034138721,183.27702413216724,1.3749686627746731,3,45.969338143381144,16.61431312561035
1786282265002729000,1983.1827290039062,133.02305585891008,0.30801571388381394,7.258974518679431,51.609151669053155,133.4330558553338,183.27701338678392,2.1133929849166466,4.611144330987523,45.96932443392353,16.614313125553924
1786282266002758100,1984.1827580566405,133.31824445538223,0.3080157138837983,7.258974518678679,51.60899956674137,133.72824445180595,183.3124482106187,2.1133929849170303,4.605983129815473,45.969311911102345,16.739093780459875
1786282267002787000,1985.182787109375,134.02113129291683,0.3080157138838727,7.2589745186791195,51.60885791982653,134.43113128934056,183.31998910639942,2.1133929849136974,4.522197432555967,45.969301050380096,16.14118957514357
1786282268002816300,1986.1828161621095,134.51800935529172,0.30801571388384635,7.258974518680286,51.608710540589335,134.92800935171545,183.22849204715914,2.1133929849131072,4.426906675824122,45.96928838346603,16.35514068598133
1786282269002845000,1987.1828449707032,134.87004229519516,0.30801571388384635,7.25897451867974,51.608561089571545,135.28004229161888,183.0746357021074,2.113392984912625,4.391791589853962,45.96927581955115,16.35514068598133
1786282270002874000,1988.1828740234375,135.25859753694385,0.3080157138837705,7.258974518679264,51.60840005425175,135.66859753336757,182.9377588040289,2.113392984913959,4.347027201307497,45.96926136209016,16.95634841912947
1786282271002902000,1989.1829020996095,135.73364397138357,0.3080157138835895,7.258974518678329,51.60822657224924,136.1436439678073,182.90442681613294,2.1133929849181374,4.3202210225515865,45.969248522593944,18.310474395676422
1786282272002931700,1990.182931640625,136.12646833010902,0.17126025259494781,0.8675978957708477,51.608057716403216,136.53646832653274,183.10555906324322,1.4154891289848195,3,45.96922883365513,18.310474395751953
1786282273002959600,1991.1829597167969,136.15907772822922,0.15788565576076508,0.862527547529171,51.607895169825774,136.56907772465294,183.08674872226902,1.3578016642475483,3,45.96921113590526,18.194072723388672
1786282274002988800,1992.1829887695312,136.1591037567705,0.30801571388360566,7.258974518680099,51.60773188275246,136.5691037531942,183.08673763829069,2.1133929849237814,4.669444088616989,45.96919699417616,18.194072723314573
1786282275003018000,1993.1830180664062,136.34325182251632,0.308015713883652,7.258974518678322,51.60757403621993,136.75325181894004,183.04439082151904,2.113392984924822,4.807919283992674,45.96918100191255,17.854391097952437
1786282276003046400,1994.1830463867188,136.54673854261637,0.30801571388362925,7.258974518679541,51.60741107182387,136.9567385390401,182.95826234147037,2.113392984925444,4.801881459469369,45.969169156199754,18.022068023609624
1786282277003074600,1995.1830744628905,137.03052368946373,0.30801571388362925,7.258974518679869,51.60724792622215,137.44052368588746,183.00144264401882,2.1133929849245265,4.751146524551235,45.96915445370559,18.022068023609624
1786282278003103700,1996.1831037597656,137.22359028086066,0.3080157138835868,7.2589745186794525,51.607079090586744,137.63359027728438,183.01933749253288,2.1133929849251523,4.713288770902701,45.96914024898233,18.33013153068594
1786282279003133400,1997.183133544922,137.49661711137742,0.30801571388349636,7.258974518679463,51.606903490914334,137.90661710780114,183.00320426469037,2.1133929849281126,4.7225295243239565,45.96912640540403,18.9702377318496
1786282280003161900,1998.1831618652343,137.52507225610316,0.3080157138834349,7.258974518678815,51.60672722649055,137.93507225252688,182.9187558783652,2.113392984930102,4.727154433183643,45.969111875885226,19.392757415681753
1786282281003190500,1999.1831904296876,137.61817881119606,0.14017938077449799,0.8470164013674836,51.60654557318493,138.02817880761978,182.87498553724194,1.3404995651977554,3,45.969098407867676,19.800561904907227
1786282282003219500,2000.183219482422,137.61820962838829,0.3080157138833743,7.258974518678162,51.60636783412827,138.028209624812,182.8749743019564,2.113392984932028,4.729713548019946,45.9690840728211,19.800561904811712
1786282283003247600,2001.1832475585938,138.15293109841562,0.1364462524652481,0.8425926799411367,51.606179618294334,138.56293109483934,182.91215542670514,1.3443762808535376,3,45.96906919928569,20.868417739868164
1786282284003277000,2002.1832770996093,138.1529653230682,0.3080157138832097,7.258974518680233,51.605992299726005,138.56296531949192,182.91214343268928,2.1133929849367927,4.716074691977082,45.969053896100284,20.86841773975635
1786282285003306000,2003.1833059082032,143.02980734128505,1.2647780357924303,7.258958254652164,51.60578842786855,143.43980733770877,182.9165345061336,2.000000086093005,3,45.96904633186686,21.023053613663713
1786282286003334400,2004.1833344726563,143.4034791449085,1.1609595937801476,7.2589594948367,51.60560216051711,143.8134791413322,183.1067132130553,2.000000111981327,3,45.969025796838835,20.758940214254586
1786282287003363800,2005.1833637695313,143.8168757390231,1.269623644597428,7.258960038459687,51.6054242297428,144.2268757354468,183.396364138238,2.0000000935764164,3,45.96901416985878,20.175669108341495
1786282288003392800,2006.1833928222657,144.22980211582035,0.5917428036762905,7.258038389550923,51.60527967724707,144.63980211224407,182.61153711669058,2.0000002143540963,3,45.96900405875587,17.92016993407232
1786282289003421700,2007.1834216308594,144.29324153717607,0.5987115808682062,7.25847481845795,51.60512277425051,144.7032415335998,182.269511784376,2.0000001859057175,3,45.968991073592775,17.113806219283997
1786282290003449900,2008.183449951172,144.79229370411485,0.5957042753454097,7.257371006974695,51.604962863611206,145.20229370053858,182.8217422217222,2.0000001690693705,3,45.96897343680213,17.288853113427297
1786282291003478500,2009.183478515625,145.19048884697258,0.6007028564760615,7.25718943146933,51.604810082345864,145.6004888433963,186.77480790675477,2.0000001727710437,3,45.96893696518171,17.1918090198294
1786282292003508000,2010.1835080566407,145.50110629107803,0.6256429978665353,7.257899823475913,51.60466504311895,145.91110628750175,189.61301346215507,2.000000129676396,3,45.96890068665839,16.58128496773434
1786282293003536100,2011.1835361328126,145.9042955385521,0.6098601380981958,7.257474391825695,51.60452161113906,146.31429553497583,184.98942294769262,2.0000001694103955,3,45.96889643952613,15.979370305425226
1786282294003565300,2012.1835654296874,146.656243275851,0.6219173139668229,7.254751618769636,51.60437845502295,147.06624327227473,184.34337956180613,2.0000001180553735,3,45.968879077665775,15.995230930415609
1786282295003594500,2013.1835944824218,146.89112979080528,0.643246355604271,7.255970477802105,51.60426564790983,147.301129787229,184.0359931527858,2.0000001152791977,3,45.968865542990706,13.906959535143558
1786282296003622700,2014.1836225585937,147.0316588273272,0.6456820555179652,7.258179772526542,51.604166655449696,147.4416588237509,181.68371794121808,2.000000118298221,3,45.968861055347936,11.736518069937272
1786282297002652200,2015.1826520996094,147.59272884111851,0.6466497721068188,7.256283056184758,51.60406306900907,148.00272883754224,182.82834384595827,2.0000001474866225,3,45.96884751201771,11.197317484640957
1786282298002680800,2016.182680908203,147.86935339402407,0.6468116189972176,7.2571186104370335,51.60396770695514,148.2793533904478,184.617431093661,2.0000001072290403,3,45.96883376162157,10.580109440081776
1786282299002709500,2017.1827094726561,148.23765868041664,0.6394261487280612,7.255852684335147,51.60389178497315,148.64765867684036,181.78522489636464,2.010839733545348,3,45.96883358079616,9.040282891834819
1786282300002738000,2018.1827380371094,148.5028786631301,0.6395408566790441,7.25671583723201,51.60381833369079,148.91287865955383,182.69888450835785,2.107264710660141,3,45.96882445421239,8.27515888479408
1786282301002767600,2019.182767578125,148.6705799922347,0.6401609253552064,7.257357008033597,51.603754165876865,149.08057998865843,184.14183682383825,2.066387251141147,3,45.96881482976784,7.410117337815782
1786282302002796000,2020.1827961425781,148.8307175654918,0.6370722784562456,7.341828249128489,51.603691426036,149.24071756191552,182.14552814966197,2.0465898768501387,3,45.96881235442038,7.029095041964364
1786282302999895000,2021.1798950195312,149.0192539487034,0.6460724357282212,7.254765344342143,51.60362360833805,149.42925394512713,181.24429193419036,2.033014094034,3,45.96880831842093,7.436616772069906
1786282303999885000,2022.1798850097657,149.23828296922147,0.6398026015959314,7.254856223728256,51.603547824508496,149.6482829656452,184.67653050142007,2.022845723528502,3,45.96879526130185,8.276584183380415
1786282304999910400,2023.1799104003906,149.45089853554964,0.6424197788166242,7.2568804298516545,51.60346281796238,149.86089853197336,183.931613970832,2.0150504828007616,3,45.96878925425858,9.265564737918707
1786282305999895300,2024.1798952636718,149.65013400744647,0.6401364236232697,7.2568782792972915,51.603369803997545,150.0601340038702,183.52036802230649,2.133794430973135,3,45.968781958137704,10.210288215398869
1786282306999879400,2025.1798793945313,149.84646621719003,0.6409272478170929,7.256978666703754,51.60327002020442,150.25646621361375,183.5521081130389,2.079416351807605,3,45.9687732605651,10.977235264342287
1786282307999903200,2026.1799033203124,150.10367755405605,0.627433608206525,7.256178418976448,51.60316641038776,150.51367755047977,183.2543730658061,2.043165701356083,3,45.9687648403951,11.374294665410082
1786282308999888000,2027.1798879394532,146.34733573547723,0.17672710120677948,0.9123867011706477,51.6030683336904,146.75733573190095,183.34229341987586,1.3807281956041513,3,45.968748552531096,12.8807954788208
1786282309999871700,2028.1798718261718,146.83997889470103,0.16600537300109863,0.9026987181632192,51.602946780124775,147.24997889112475,183.30084783199223,1.3492226121091033,3,45.968736056671354,12.8807954788208
1786282310999895800,2029.1798957519532,151.07466650009155,1.3845613635673628,8.681385445841862,51.602828706652325,151.48466649651527,181.3819071163279,3.0480124520585696,3,45.96874344528285,12.92085866131551
1786282311999875600,2030.1798754882811,151.70351923350245,0.6265753862042199,7.2545974271826115,51.602660678058335,152.11351922992617,183.1559805908036,2.000000424064802,3,45.96872038762296,15.268384954971166
1786282312999856000,2031.1798562011718,148.80851306306985,0.14448927342891693,0.8800067486671741,51.60252280269198,149.21851305949357,182.9244634275895,1.3252305048392,3,45.96869443079622,16.306533813476562
1786282313999875300,2032.1798752441407,149.45757327641104,0.14187754690647125,0.8740073879766699,51.60237447098302,149.86757327283476,181.1425763561599,1.3244712934197491,3,45.96868341039449,16.77804183959961
1786282314999856400,2033.1798564453125,150.1891502729675,0.13776074349880219,0.8671334962681396,51.60221792935974,150.59915026939123,179.84684484700816,1.3048255406159195,3,45.96867938208851,16.77804183959961
1786282315999837400,2034.1798374023438,153.07478871755302,1.9128585776469835,9.807470107370623,51.60209530665407,153.48478871397674,183.9866376999142,5.830481755210735,3,45.96865984474623,15.803659043048366
1786282316999852800,2035.1798527832032,151.2728337812292,0.1677515059709549,0.8697541544753089,51.60188847475911,151.68283377765292,182.11113816160272,1.3670379671192745,3,45.96867466259194,18.29433250427246
1786282317999874000,2036.1798740234376,151.4764740718346,0.17367340624332428,0.8637685075239977,51.601713860744034,151.8864740682583,182.73294492326235,1.4199610516216783,3,45.96866367793988,19.81385040283203
1786282318999895000,2037.1798950195312,155.54907201696187,0.644825110746775,7.256097732212362,51.60152817089938,155.9590720133856,182.83157186939388,2.183864217958741,3,45.96867576129045,20.117848123472317
1786282319999915800,2038.1799157714843,156.1291618095711,0.5718894993627597,7.257770943225138,51.601343553797,156.5391618059948,182.58421433121254,2.704780542731466,3.1358656518966352,45.968658839571845,20.73917310878443
1786282320999937300,2039.1799372558594,156.0484317857772,0.5727407961665812,7.258755570084476,51.601153910247206,156.45843178220093,182.78502358454853,2.3523907789564666,3,45.96864373405565,21.20333752695452
1786282321999959600,2040.1799594726563,151.7386714511575,0.18680799007415771,0.847004928784112,51.60095161294246,152.14867144758122,183.09457611905785,1.5371555932172405,3,45.96861856065197,22.55289649963379
1786282322999981800,2041.1799819335938,151.55040571723222,0.16751855611801147,0.8378479396237992,51.60074932187158,151.96040571365594,183.29591643541147,1.5260971626019955,3,45.96859999095475,22.602581024169922
1786282324000004400,2042.1800043945314,155.8517507556826,1.4644322074863163,7.2588088041113865,51.600571004185134,156.2617507521063,183.41264741153628,3.6992336144796143,3,45.968586811563014,21.337550613246094
1786282325000027100,2043.1800270996093,156.37531547434628,0.6071878469167937,7.258952807672558,51.60034602975511,156.78531547077,182.67934620836238,2.000000297427378,3,45.96857451895427,22.330595078157135
1786282326000050400,2044.1800505371093,155.88154670968652,0.5691350159394704,7.258922820640629,51.6001510076232,156.29154670611024,183.23776035575432,2.000000251282038,3,45.968557875564,21.636144497413405
1786282327000074500,2045.1800744628906,155.2757471492514,0.5639490677459539,7.258348559746246,51.59996386081228,155.68574714567512,183.22062114537866,2.0000001960987097,3,45.96854353632099,21.04438639025724
1786282328000098300,2046.180098388672,155.09491932298988,0.5728097387533485,7.258772858516104,51.59978112525137,155.5049193194136,183.0080650909047,2.000000130371216,3,45.96853060961913,20.55161282376193
1786282329000122000,2047.1801220703126,155.0144646083936,0.5784806148460011,7.258667086810155,51.59959915971873,155.42446460481733,183.3034047750597,2.0000000756432903,3,45.96851242859063,20.28830281470657
1786282330000147500,2048.1801474609374,155.3604329759255,0.5736402841976443,7.258917843001399,51.599417214045666,155.77043297234923,183.90118159076619,2.000000117327046,3,45.96848997141226,20.142731488147554
1786282331000171500,2049.180171630859,155.3289037682116,0.5824910481003696,7.2585607360583655,51.59924048317731,155.73890376463532,183.92354731236387,2.00000010227042,3,45.96847080440473,19.890727983195863
1786282332000196400,2050.1801962890627,155.3984331060201,0.5814770004422497,7.258715389096656,51.59905902167057,155.80843310244381,183.52758308348737,2.0000000363586654,3,45.96845311064587,20.13517865692126
1786282333000221700,2051.1802216796873,155.57417223323137,0.5752529675149979,7.258936312537618,51.59887681472595,155.9841722296551,182.96835620017845,2.0000000202258956,3,45.96843871230168,20.268219626902976
1786282334000247800,2052.1802478027344,154.84737029485404,0.5705083078802357,7.2576432549647985,51.59869869994085,155.25737029127777,182.39493737881693,2.000000038060459,3,45.96842703854649,19.939218600513485
1786282335000273200,2053.1802731933594,154.5912118833512,0.581532504046561,7.25849266863538,51.598523363594474,155.00121187977493,182.9985512904706,2.206316680148933,3.0258872143194138,45.96840993033262,19.49016945654736
1786282336000299300,2054.180299316406,154.5312359649688,0.571187851405692,7.258972773825112,51.59835229598112,154.94123596139252,183.14512446016823,2.29670005418618,3.110220497915461,45.96839613953476,19.12855824626934
1786282337000324400,2055.1803244628904,154.1862459499389,0.5913857406327651,7.258797237807325,51.5981850225562,154.59624594636261,184.80055397837535,2.106463376419256,3,45.96837090866858,18.804665533765508
1786282338000350700,2056.180350830078,153.97490000445396,0.5872682081854805,7.258468358154499,51.59801858016597,154.38490000087768,185.42881175070733,2.184991462009069,3,45.968344774384086,18.57699554528992
1786282339000376300,2057.1803762207032,154.031903533265,0.5982364089643668,7.258879513810765,51.597854734777194,154.44190352968872,184.72147570117167,2.3350790785811877,3.1243990034640876,45.96832417144655,18.29942576293501
1786282340000403200,2058.1804033203125,153.94731496833265,0.6201760959014012,7.258730802115011,51.59769075587,154.35731496475637,184.74356391236262,2.124347454356519,3,45.968301946388436,18.25043556367638
1786282341000429800,2059.1804299316404,153.94489503651857,0.6218042305325651,7.258705025508669,51.59753451006161,154.3548950329423,184.15409357144512,2.0474907679045793,3,45.96828671604095,17.691903496060895
1786282342000456000,2060.1804560546875,153.8971165670082,0.6311974258798031,7.258646433621319,51.59737721612096,154.30711656343192,183.31577119128167,2.018357151554991,3,45.96827444829992,17.405820666954565
1786282343000482600,2061.1804826660155,154.0839351322502,0.6289643994291603,7.2589698036169406,51.597231658910644,154.4939351286739,183.29761549924612,2.007302237551167,3,45.96825919701769,16.29725449762903
1786282344000509200,2062.180509277344,154.0823008539155,0.6442033948061016,7.25881157049154,51.59710647704908,154.49230085033923,183.7900890873275,2.298326020998428,3,45.96824328288789,14.300993051278333
1786282345000535600,2063.180535644531,154.50519745517522,0.6512149799272091,7.258974245614754,51.59700492854532,154.91519745159894,183.12615912671302,2.145556166162472,3,45.96823546499081,11.997040775421171
1786282346000562700,2064.180562744141,155.26630328409374,0.6567932120913965,7.258960022523722,51.596922792532325,155.67630328051746,183.54186150238849,2.296420317937354,3,45.96822684680245,9.685957927931446
1786282347000589800,2065.18058984375,155.39508066419512,0.6565520250581319,7.257963654685074,51.596860637832286,155.80508066061884,182.67223053811992,2.176155344938813,3,45.968224740753136,7.493934468934528
1786282348000617000,2066.1806169433594,155.8685115687549,0.6534692298277833,9.675666147001378,51.59681550383031,156.27851156517863,182.73743869146853,2.224948031222943,3,45.96822128504047,5.472039499757298
1786282349000643800,2067.180643798828,156.11913438979536,0.6504756041678619,12.587350381257336,51.59678030054082,156.52913438621908,182.80515373872973,2.168711033450059,3,45.96821824276537,4.186445034574808
1786282350000671500,2068.1806713867186,156.16482568066567,0.64869263327217,19.463292660591108,51.596759367434856,156.5748256770894,182.4579917034554,2.1349688168122514,3,45.96821740855928,2.6973216013120673
1786282351000698600,2069.180698730469,156.33305440749973,0.646639238137183,37.727915090262,51.59675073336643,156.74305440392345,181.7518663109119,2.13566906237599,3,45.96821781062282,1.3546472737994628
1786282352000726000,2070.180726074219,156.22108296863735,0.6443093156660856,86.25447861191707,51.596748156347594,156.63108296506107,183.0648449111766,2.2134277874837287,3.013986250636789,45.96821815573023,0.5815215982641675
1786282353000753000,2071.1807529296875,156.1060313442722,0.8843004644701365,180,51.59675025718314,156.51603134069592,183.69413640345823,2.243990846038657,3,45.96821862760826,0.04277645623848604
1786282354000780500,2072.180780517578,156.02921975310892,0.8893848717880048,180,51.59675088085556,156.43921974953264,183.6941365423924,2.2579142418264198,3,45.96821879562208,0.019902377562527745
1786282355000808700,2073.18080859375,156.0192178254947,0.8968464054149183,180,51.59675242347022,156.42921782191843,183.6941361558436,2.290294082471539,3.0388452578806056,45.96821835626362,0.01838089273082959
1786282356000835800,2074.1808359375,155.96165145840496,0.9006099660333352,180,51.59675281401989,156.37165145482868,183.69413632766387,2.301612238333296,3.0736423624124316,45.968218560783036,0.03428141365189236
1786282357000863500,2075.1808635253906,155.74284681864083,0.8899786658596707,180,51.596753987912955,156.15284681506455,183.69413634076648,2.2764778852265906,3.05174770695915,45.96821858618633,0.0194045381751499
1786282358000890600,2076.180890625,155.7142279939726,0.8961498304633747,180,51.59675475656627,156.12422799039632,183.69413641356883,2.258214008362345,3.0375737516931074,45.96821867801407,0.02820563019669446
1786282359000918300,2077.1809182128904,155.4880123278126,0.8947687356107861,180,51.59675569076927,155.89801232423633,183.6941362775447,2.3256393985072967,3.1436445026294053,45.96821852676125,0.025082176674318793
1786282360000946200,2078.1809462890624,155.35640524700284,0.8905855451587092,180,51.596756876150394,155.76640524342656,183.69413691474836,2.308692907317529,3.1162131314969455,45.96821928297702,0.024493849232396152
1786282361000974000,2079.1809741210936,155.53689119033515,0.8887377175241075,180,51.59675477925506,155.94689118675888,183.6941371913138,2.3195733917007426,3.1262042129654266,45.96821958881291,0.4540025446355361
1786282362001002000,2080.181001953125,155.16059942170978,0.6502521696237235,20.82081611258071,51.596729016912356,155.5705994181335,183.0037703730688,2.3181779762515964,3.138163560778003,45.968217816477015,2.5285399198981375
1786282363001029400,2081.181029296875,154.86242436710745,0.6533820033569655,12.446638123997927,51.59668757275041,155.27242436353117,183.0111350667047,2.32439032503414,3.217562122080973,45.96821444009111,4.25241132721411
1786282364001057500,2082.1810576171874,154.46067679394037,0.6456930731889461,8.992364615749262,51.59663092727258,154.8706767903641,183.38451124125584,2.3663578836511303,3.3201872128725918,45.96820829913119,5.796694657870841
1786282365001085000,2083.1810849609374,154.60966927092522,0.6458830562517927,7.258726395361905,51.59655944149818,155.01966926734895,183.18416730265153,2.3364336298238833,3.269208877319157,45.96820236558173,7.340664244643139
1786282366001112600,2084.181112548828,154.29212923068553,0.6529026725798277,7.255773717202098,51.5964859311451,154.70212922710925,183.46104539922763,2.3961604108756527,3.3620758280932717,45.96819442095749,7.92600172095286
1786282367001141500,2085.1811416015626,154.37297803349793,0.6548680407654304,7.258963523665567,51.596414693180954,154.78297802992165,183.30167420462138,2.331925340999514,3.238369119017276,45.9681879400473,8.052964729794134
1786282368001168400,2086.181168457031,154.34644582681358,0.6662224097800222,7.258856761720102,51.59633448429514,154.7564458232373,183.23412275822966,2.311279030745104,3.1883048461784695,45.96818077235162,8.80961511146727
1786282369001197300,2087.181197265625,154.10571597423404,0.6649063788545988,7.258971192166373,51.5962416725865,154.51571597065777,184.4118916783223,2.2021431966125675,3.020722329546988,45.96816680027286,10.068690179888028
1786282370001224200,2088.1812241210937,153.77389457914978,0.6515903954077276,7.25880358822148,51.596140252035035,154.1838945755735,186.04536299187214,2.367362896266193,3.277015948941985,45.96814759855585,10.986078487877368
1786282371001252600,2089.181252685547,153.4123140843585,0.656486560581763,7.258256873659463,51.596044559375514,153.82231408078223,187.18033668611778,2.2008107209467096,3,45.96812634612493,10.668996072963633
1786282372001280500,2090.181280517578,153.36329084914178,0.6492356599356266,7.258370447668045,51.59596004062827,153.7732908455655,187.03776147076394,2.11311864084714,3,45.96810946926625,9.830253617010873
1786282373001308400,2091.1813083496095,153.40137959178537,0.6511809452305506,7.258816132848047,51.59587676157858,153.8113795882091,186.10766912104683,2.0654737310750804,3,45.96809626038209,9.366246959621023
1786282374001336600,2092.181336669922,152.9727776683867,0.6557029947823046,7.254471141889372,51.59579954700826,153.38277766481042,184.59693071038745,2.038868655553529,3,45.96808907463696,8.92065575182968
1786282375001365200,2093.181365234375,152.74686173163354,0.6611607126484951,7.2582354416253985,51.595712141493976,153.15686172805727,184.5875671051018,2.02300579701339,3,45.9680763886714,9.561359223213755
1786282376001393400,2094.181393310547,152.5837229983881,0.6519337045065756,7.258481627019099,51.59561692361089,152.99372299481183,183.78825586659553,2.019516364454889,3,45.968068147051916,10.445247316208759
1786282377001421600,2095.1814216308594,152.41269044857472,1.4639615502773375,11.023600947827067,51.595531140885825,152.82269044499844,183.1502325948368,2.010808946858236,3,45.968065517329784,10.760777401687148
1786282378001449200,2096.18144921875,152.26385662239045,0.8143723204278283,7.2586654645871365,51.59539843715494,152.67385661881417,181.82058320102462,2.010808931686724,3,45.968056898376624,12.358596003825467
1786282379001476900,2097.1814768066406,152.18085784465075,1.0375016748177874,7.258783884294793,51.59528536702996,152.59085784107447,181.57223247254512,2.0108089885660974,3,45.96805198578644,12.559419581165466
1786282380001505000,2098.181505126953,151.65103816520423,0.6553072597367975,7.258046058460253,51.59516055628891,152.06103816162795,182.00493588809903,1.999999885218738,3,45.968043181353195,12.911507342062324
1786282381001532700,2099.181532714844,151.26034941989928,0.6463037659701347,7.258630888675126,51.59505108199639,151.670349416323,182.56085845220994,1.999999918320694,3,45.96803456859708,12.418842552832533
1786282382001561600,2100.1815615234377,151.10199395380914,0.6425355927650032,7.25896679794528,51.59494466824335,151.51199395023286,182.4840427037437,2.021134568385157,3,45.96802803263,12.006911668350318
1786282383001589500,2101.181589599609,150.8507119063288,0.6495552218531785,7.258385809038409,51.59483855807881,151.26071190275252,182.45410202367626,2.011045394035496,3,45.96802004225463,11.782153976000979
1786282384001618000,2102.181617919922,150.91259354166687,0.6509025497590862,7.258790529206442,51.594733108132985,151.3225935380906,183.21540684763633,2.0058687020093746,3,45.96800776384851,11.814968782811304
1786282385001645000,2103.181645019531,150.8426799941808,0.6487722414023225,7.2589642016187295,51.5946232289993,151.25267999060452,182.54696091555127,2.003077400109973,3,45.96800048525539,12.125887427603216
1786282386001673700,2104.181673828125,150.59178523626179,0.6546727047087535,7.25806921251104,51.594514405592385,151.0017852326855,182.2693009684184,2.0015997688157103,3,45.967993389032536,12.063789780582672
1786282387001702000,2105.181701904297,150.53746266290545,0.6523552924032588,7.256684774945378,51.5944061665776,150.94746265932918,179.93284379349353,2.0008322716778353,3,45.96799383549506,11.93848308409642
1786282388001730300,2106.1817302246095,150.69217859767377,0.6487782537236129,7.258563499360736,51.594297137519376,151.1021785940975,176.34275299006708,2.3428545567318677,3,45.96800876117125,12.156547722448618
1786282389001758500,2107.1817585449216,149.92383462842554,0.6478906613321921,7.255157353972824,51.594183938799915,150.33383462484926,176.3105889675471,2.176910192019023,3,45.96801821746123,12.455441301008644
1786282390001786000,2108.1817861328127,149.51129728369415,0.6418152627084048,7.254782805981498,51.59406756654155,149.92129728011787,175.76107829236597,2.090190688326364,3,45.96803167225765,12.839699407423513
1786282391001814300,2109.181814208984,149.20283396355808,0.6297288148180901,7.255571945360915,51.59394342973708,149.6128339599818,176.08206856883552,2.367761926198555,3.0089052388935316,45.96804296562601,13.37889773913253
1786282392001842000,2110.1818420410154,148.63892775960267,0.7906524829680692,7.252758739947849,51.59382232405332,149.0489277560264,176.8487666547984,2.3677617553527672,3,45.96805241931587,13.305270555348951
1786282393001871000,2111.18187109375,147.63586350437254,0.6446628001542924,7.248123426218944,51.59372488831623,148.04586350079626,177.27555950621408,2.066906840287938,3,45.968056924673476,11.345403191271723
1786282394001899300,2112.181899169922,147.42473655100912,0.6519398709171972,7.251124955270169,51.593642649526636,147.83473654743284,179.79727844972717,2.0639407658443587,3,45.96805400839123,9.808140435844907
1786282395001927700,2113.181927734375,146.77091638371348,0.6462135772399473,7.229179143813633,51.59357091550329,147.1809163801372,182.37260974053848,2.2557313693953827,3,45.96804670534372,8.474476225549905
1786282396001955600,2114.181955566406,146.26946235541254,0.653927357529322,7.355267696814467,51.593510299893886,146.67946235183626,182.74414216169498,2.1584297214305264,3,45.96804171642823,7.161268490429975
1786282397001983200,2115.181983154297,146.14200342353433,0.6556909103862989,8.981395877483505,51.593463102848744,146.55200341995806,183.47058580009286,2.1160828689384386,3,45.9680344516217,5.892185792825391
1786282398002011600,2116.18201171875,146.02383926603943,0.6511905609280109,9.155428412429366,51.5934123857302,146.43383926246315,183.51185219096007,2.092866277465183,3,45.96802893518574,5.7388627740686555
1786282399002040000,2117.1820400390625,145.74700988456607,0.6427815266436406,8.632462505718616,51.59335682522706,146.1570098809898,183.40390421114685,2.0773885488575186,3,45.96802365564644,6.000560047824872
1786282400002068700,2118.1820688476564,145.17509591765702,0.6441064797154514,7.913907239637084,51.59329794349987,145.58509591408074,182.91111711670857,2.0661998599647666,3,45.968020092747636,6.523610269316273
1786282401002095900,2119.1820959472657,145.39810122922063,0.651578093135863,7.255636855987862,51.59322836280354,145.80810122564435,183.53296556861966,2.054621905362224,3,45.96801269740138,7.407658080414288
1786282402002125000,2120.182125,144.51568574365228,0.6398771969096638,7.2014067848155525,51.59315627430381,144.925685740076,183.1554763081444,2.0978811837601783,3,45.96800762986066,7.9141616012112745
1786282403002152400,2121.18215234375,144.2668978497386,0.6418940568147543,7.235338450142903,51.593071526221486,144.67689784616232,183.43447959593473,2.1093916819514753,3,45.96799847795222,8.989327418875924
1786282404002181400,2122.1821813964843,143.42956220172346,0.645322197568952,7.23030892058735,51.59297059267891,143.83956219814718,183.8186556879094,2.070490935792479,3,45.9679854239534,10.694892198409486
1786282405002210000,2123.1822099609376,142.95543656218797,0.6544919762519698,7.251600048901151,51.59285254078797,143.3654365586117,182.73793553423718,2.2791675574443926,3,45.96797715610018,12.585733619981479
1786282406002237700,2124.182237792969,142.0450483392924,0.6554889813557784,7.246312056978383,51.592717317540576,142.45504833571613,183.1597251701707,2.1368306312739627,3,45.96796284839549,14.323999250274241
1786282407002266400,2125.1822663574217,141.51560474280268,0.6319752125961761,7.249121467650063,51.592580427464526,141.9256047392264,182.30313444297772,2.0628703601650114,3,45.96795615662951,14.911983686077395
1786282408002294500,2126.1822944335936,140.66057375911623,0.6130818271980437,7.245195226890139,51.592443853634684,141.07057375553995,183.09709421006062,2.2598863566437752,3,45.96794209063615,15.07882794064564
1786282409002322200,2127.182322265625,139.7951713761414,0.21076548099517822,0.924295562875388,51.59230814439419,140.20517137256513,183.66712355642335,1.7003400370918809,3,45.96791449905818,15.365399360656738
1786282410002351000,2128.182351074219,139.46955889236114,0.21549032628536224,0.9202144181245996,51.59217092810675,139.87955888878486,183.72526212663848,1.6828038128386382,3,45.967900643340975,14.957256317138672
1786282411002379500,2129.182379638672,139.33210541621233,0.21063236892223358,0.9143137750119432,51.5920395047958,139.74210541263605,183.48992112859654,1.6715757100276445,3,45.96788818869867,14.957256317138672
1786282412002406700,2130.1824067382813,138.78390129782852,0.24336543679237366,0.9248842398044784,51.59191430898084,139.19390129425224,183.02615128395266,1.6801969379138169,3,45.96788249342733,14.34225845336914
1786282413002435300,2131.1824353027346,137.9976898538834,0.2743246555328369,0.9351653820526402,51.59179426693534,138.40768985030712,182.69798801509023,1.690458808626534,3,45.967876362841736,13.733525276184082
1786282414002463500,2132.182463378906,137.3186731931576,0.24059882760047913,0.9240455139187421,51.59168291277522,137.72867318958131,182.51090913372357,14,3,45.96786629515753,12.640569686889648
1786282415002491600,2133.1824916992186,136.52155373612206,0.2169095128774643,0.9229035916668805,51.59157553740341,136.93155373254578,182.4141663343195,1.6383452340038374,3,45.967855725692004,12.640569686889648
1786282416002520000,2134.1825200195312,135.96401425143014,0.19923603534698486,0.926072052389826,51.591484385067176,136.37401424785386,182.45834399787117,14,3,45.9678501994762,11.363452911376953
1786282417002548200,2135.182548339844,135.96402444690466,0.3080157138843707,7.258974518680581,51.591382346596646,136.37402444332838,182.45833848675235,2.2598863981179944,4.226742714300114,45.96784316640478,11.363452911358898
1786282418002576100,2136.182576171875,135.5259806504473,0.3080157138845287,7.258974518674697,51.59132406150018,135.93598064687103,182.89955520927333,2.2598863981149337,4.328303212267337,45.96783767448872,9.351348876943064
1786282419002605000,2137.1826049804686,134.9587326264009,0.3080157138846939,7.258974518676894,51.59128438362074,135.3687326228246,183.404225129192,2.2598863981112993,4.4272131966954795,45.96783450619722,6.62209081649423
1786282420002632700,2138.1826328125,134.3790903184563,0.3080157138846939,7.25897451868131,51.5912281975151,134.78909031488,183.82152182249058,2.25988639811134,4.446039331495949,45.96782589177555,6.622090816494229
1786282421002660400,2139.1826604003904,134.1885787760839,0.3080157138847244,7.258974518680485,51.591184853494546,134.5985787725076,183.8133670668583,2.2598863981106088,4.458899049595597,45.967820918247725,5.984311103818165
1786282422002688800,2140.182688720703,134.19413659535348,0.3080157138847524,7.258974518675459,51.59114464844057,134.6041365917772,183.66956490633945,2.2598863981100257,4.54100724078492,45.96781769497325,5.330966472623868
1786282423002717400,2141.182717529297,133.29391985200346,0.3080157138847805,7.258974518686239,51.591108442195065,133.70391984842718,183.60697365173374,2.259886398109358,4.601691005869387,45.967815370993776,4.58134555816532
1786282424002745000,2142.1827451171876,132.7642685500905,0.30801571388478055,7.258974518673307,51.59106976973433,133.1742685465142,183.52819432093779,2.2598863981093533,4.59720536794932,45.967813106463886,4.581345558165321
1786282425002773000,2143.182772949219,132.37586939241737,0.30801571388478566,7.258974518677866,51.59103249331557,132.7858693888411,183.61089428340662,2.2598863981092108,4.59080914782699,45.96780971627253,4.431624889372709
1786282426002802000,2144.182802001953,131.82431569881737,0.30801571388478566,7.258974518667821,51.5909922181122,132.2343156952411,183.6248961589867,2.2598863981092236,4.604175264659848,45.967805103010065,4.431624889372708
1786282427002830600,2145.182830566406,131.32285806443542,0.30801571388478266,7.258974518676244,51.59095116912717,131.73285806085914,183.61021120192368,2.2598863981093116,4.610923987894,45.96780056601532,4.520350933073815
1786282428002858200,2146.182858154297,131.0238545127213,0.3080157138847826,7.258974518674653,51.590913668386754,131.43385450914502,183.30382284895353,2.259886398109347,4.645595769276482,45.96779849418663,4.520350933073814
1786282429000143000,2147.1801430664063,130.94125760998577,0.30801571388480664,7.258974518690624,51.590896523759305,131.3512576064095,183.06368773475958,2.259886398108678,4.628301437838213,45.967797889649894,3.764892339705768
1786282430000135700,2148.1801357421873,130.95138401165605,0.30801571388484733,13.591743017473778,51.59090571062921,131.36138400807977,183.03109524309505,2.259886398107558,4.520029097608282,45.96779911151681,1.83626496791832
1786282431000160300,2149.18016015625,131.26130433473736,0.3080157138848601,-1,51.59092198280584,131.67130433116108,-1,2.25988639810723,4.4775596541752485,45.9677954786479,0.003985742572695017
1786282432000147000,2150.180146972656,131.57353485841304,0.3080157138848601,-1,51.59092243414802,131.98353485483676,-1,2.2598863981072306,4.280972254958992,45.967793579382786,0.009143064729869366
1786282433000134700,2151.180134765625,131.07333320565522,0.3080157138848601,-1,51.59092236715841,131.48333320207894,-1,2.25988639810723,4.100627130381869,45.96779429489183,0.0001533340400783345
1786282434000145000,2152.1801447753905,131.103116649203,0.3080157138848601,-1,51.59092230437877,131.51311664562672,-1,2.25988639810723,3.837936353194524,45.96779421031776,0.00024665045202709734
1786282435000127200,2153.180127197266,131.15063092950732,0.3080157138848601,-1,51.590922340158166,131.56063092593104,-1,2.25988639810723,3,45.96779416938433,0.0003590104461181909
1786282436000111000,2154.1801110839842,131.16043395362794,0.3080157138848601,-1,51.59092233755282,131.57043395005167,-1,2.2598863981072306,3,45.96779416461155,0.00038796980516053736
1786282437000131600,2155.180131591797,136.66750251781195,0.708606483308885,-1,51.59092334286137,137.07750251423568,-1,2,3,45.96782787120682,0.03460318954780347
1786282438000115500,2156.1801154785157,136.8171371249482,0.5916590298484464,-1,51.590925138764305,137.22713712137192,-1,2.0621641736654195,3,45.96782729646436,0.03573193849412617
1786282439000098800,2157.1800988769533,136.90100027434528,0.8675681176831661,-1,51.59092546730939,137.311000270769,-1,2.0621641736654195,3,45.967825945856255,0.01479634055371193
1786282440000118300,2158.1801181640626,137.09669026266783,0.8866356128362136,180,51.59091481699484,137.50669025909156,15.743978189807999,2.041442782039153,3,45.9678119185008,0.040738678180632544
1786282441000096300,2159.1800961914064,137.17372014652938,0.8958774817933636,180,51.59091511796743,137.5837201429531,15.743978384482142,2.0310820868327095,3,45.96781216237002,0
1786282442000075500,2160.180075439453,137.17372014652938,0.8883935567485199,180,51.59091511796743,137.5837201429531,15.743978384482142,2.0248656694661675,3,45.96781216237002,0
1786282443000090600,2161.180090576172,137.17372014652938,0.8815347059262831,180,51.59091511796743,137.5837201429531,15.743978384482142,2.0765849896374426,3,45.96781216237002,0
1786282444000106000,2162.180105957031,137.17372014652938,0.8901870363758021,180,51.59091511796743,137.5837201429531,15.743978384482142,2.1156963719131467,3,45.96781216237002,0
1786282445000121300,2163.180121337891,136.8488092822954,0.6527446987215596,58.85351053012768,51.59091432078229,137.25880927871913,72.25289342973318,2.169432776173065,3,45.967824719431846,0.8734179006759891
1786282446000138200,2164.180138183594,137.01661909092218,0.6006839786610026,42.27677196140743,51.59090992650789,137.4266190873459,91.9698154498963,2.1506069306302966,3,45.96784077352352,1.0714222425520938
1786282447000155100,2165.1801550292967,131.66638942662857,0.14454376697540283,1.045254797981729,51.59083381613179,132.0763894230523,183.0645915886015,14,3,45.96778654819024,3.9301881790161133
1786282448000173300,2166.180173339844,131.58991458874547,0.16396594047546387,1.0507636657124615,51.59079534703218,131.9999145851692,183.13686865039855,14,3,45.96778493082544,4.055613994598389
1786282449000191200,2167.180191162109,137.76252137124538,1.1592873482351576,108.77973061162571,51.5909273324428,138.1725213676691,316.86990320587233,3.2125720611660014,3,45.9678520875821,0.808972127941157
1786282450000210200,2168.1802102050783,137.87483136635274,1.4053041407256504,112.41774445103603,51.59093366606768,138.28483136277646,318.16444587681036,3.970956199157804,3.4364052329749564,45.96784395729014,0.9895029951624827
1786282451000229400,2169.1802294921877,139.16238407418132,0.6891048938677762,22.58452617077487,51.5908798489557,139.57238407060504,125.84172095640227,2.239848911050392,3,45.96792964665333,2.3329728207026914
1786282452000248800,2170.180248779297,139.37851198483258,0.6819437925021249,25.339838444502547,51.59083960352034,139.7885119812563,139.7521354629091,2.3660197008000736,3,45.967938140934464,2.1402923177129662
1786282453000269800,2171.1802697753906,139.68956032022834,0.6791643105355518,18.715384185510295,51.590789765013746,140.09956031665206,149.54784296764362,2.3463515001994675,3,45.96794185841771,2.8096724961591337
1786282454000290800,2172.1802907714846,129.80141028031105,0.18025295436382294,1.0398676997172929,51.59045932801077,130.21141027673477,183.4088194623918,14,3,45.967757772589145,7.564253330230713
1786282455000312600,2173.1803125,129.5140585035985,0.18148460984230042,1.0358838851621772,51.59039513794165,129.92405850002223,183.46979939130168,1.580766642190467,3,45.96775168257985,7.386239528656006
1786282456000333800,2174.1803337402343,137.83473929110914,1.492971792842977,38.57645586247586,51.59071174973039,138.24473928753287,158.72045682692817,4.480686449770895,3,45.967989829290616,3.082327593543054
1786282457000355800,2175.180355957031,137.04079435020685,0.9156510455817239,12.843195391978341,51.59055035447933,137.45079434663057,176.28162774567605,3.3865475179321662,3,45.96793637673052,5.761594318668384
1786282458000377600,2176.180377685547,135.549933350645,0.9013233038091314,10.676565213550147,51.59042253809063,135.95993334706873,178.8788001914619,3.052763388243015,3,45.967895945186655,6.836648913912697
1786282459000401000,2177.1804008789063,134.45668552536517,0.6957368226705806,7.2275573231834525,51.59022879430464,134.8666855217889,184.46788715165903,5.424129536110003,4.357034866681566,45.96780499464827,8.587223701597308
1786282460000424000,2178.180423828125,133.90930861141533,0.7009963220898058,7.258784473411518,51.59007418242151,134.31930860783905,189.11123956941256,4.986180110912006,4.689464797205183,45.96774091924221,10.760568367606675
1786282461000447200,2179.180447265625,132.8226076811552,0.6690320976550207,7.256530097589793,51.589906564688135,133.23260767757893,189.810586593442,3.3427330563584405,3.4392828602610885,45.96769001693175,14.198538511512261
1786282462000470800,2180.180470703125,131.12806308735162,0.6490286641455585,7.241130806131543,51.58972604115557,131.53806308377534,185.0270406168884,2.736080827113947,3,45.967671108358495,17.919285640719128
1786282463000494300,2181.1804943847656,129.96100763231516,0.726865601028289,7.234808870213211,51.58953918945562,130.37100762873888,185.0709119244151,2.27209788914296,3,45.967643095394486,20.665718051786275
1786282464000518400,2182.180518310547,128.4818706754595,0.8736210156169186,7.2333777131627786,51.589358586755594,128.89187067188323,187.77704470620586,2.0950042181645547,3,45.967593871684954,21.638451850482408
1786282465000542200,2183.180542236328,128.74624752439559,0.8360878039534766,7.249657144448476,51.58920676426261,129.1562475208193,185.64765189692736,2.0354703250996433,3,45.967583949846954,19.955494687863666
1786282466000566000,2184.1805659179686,127.01757674639877,0.20333130657672882,0.9252120888846391,51.58907803140858,127.4275767428225,182.44016203430058,1.7630394775959533,3,45.967584395581305,17.629674911499023
1786282467000592000,2185.180591796875,126.77514392918845,0.19425567984580994,0.9169516154137434,51.58893021109585,127.18514392561217,182.31806557269744,14,3,45.967573582051,17.126008987426758
1786282468000615700,2186.180615722656,126.89740428032088,0.1907782256603241,0.9125814682836988,51.58878490875443,127.3074042767446,182.9936395835034,14,3,45.96755967363383,16.24884033203125
1786282469000640800,2187.1806408691405,126.499952806894,0.18601571023464203,0.9085129166941925,51.588642115943166,126.90995280331772,182.64285472810988,1.6689287995780184,3,45.96754472358357,15.667854309082031
1786282470000665000,2188.1806650390627,126.560910844893,0.18189510703086853,0.906298654742639,51.58850030676014,126.97091084131672,182.94936629730338,1.5881045565948506,3,45.96753102757529,15.667854309082031
1786282471000691000,2189.1806909179686,125.95425121991082,0.16739654541015625,0.9011927681729371,51.58836391299331,126.36425121633454,183.0484586817819,1.5238785217822954,3,45.96751506018851,15.383813858032227
1786282472000716300,2190.1807163085937,126.04643872671046,0.15660543739795685,0.8989185286227345,51.58823003103258,126.45643872313418,181.99548939857607,1.4976890347626424,3,45.96750425359678,15.057705879211426
1786282473000741400,2191.180741455078,126.18457715997599,0.16306382417678833,0.9023961621273289,51.58809732928774,126.59457715639971,182.15639499504323,1.4974658558277854,3,45.96749668707475,14.402826309204102
1786282474000767200,2192.1807673339845,126.14035304625274,0.18515139818191528,0.9101838584416128,51.587967031066675,126.55035304267646,182.31387183654704,1.5297151003966345,3,45.96748853339437,14.402826309204102
1786282475000792300,2193.180792236328,125.93212686000797,0.20423957705497742,0.9160959207767877,51.58783902092461,126.34212685643169,182.9133712003774,1.5798074333443233,3,45.967480382954186,14.148689270019531
1786282476000818400,2194.180818359375,125.93214262556285,0.3080157138841015,7.258974518676932,51.58771201932143,126.34214262198657,182.91336307040916,2.035469712801477,3.86528700236458,45.96747000728572,14.148689269984686
1786282477000844000,2195.1808439941406,125.7404861561954,0.3080157138841222,7.258974518679159,51.58758897900564,126.15048615261912,183.05406469253674,2.035469712799622,3.7049739147507412,45.96745951305167,13.953680992093041
1786282478000870100,2196.1808701171876,125.53695139754564,0.3080157138841723,7.258974518679867,51.58747142112068,125.94695139396936,182.8531896533136,2.035469712797777,3.5911280319154097,45.96745069470512,13.470514297455276
1786282479000896000,2197.1808959960936,125.22930949181318,0.3080157138841724,7.258974518680409,51.58735311506107,125.6393094882369,183.3294848008152,2.0354697127987995,3.7186192139979717,45.96743791532068,13.47051429745528
1786282480000922400,2198.1809223632813,125.04362327978015,0.308015713884195,7.258974518679131,51.58724177422173,125.45362327620387,183.47778162762003,2.035469712799234,3.8258316290191794,45.96742722903278,13.24743843075753
1786282481000948000,2199.180947998047,124.8471629647538,0.3080157138842269,7.258974518681066,51.58713307543576,125.25716296117753,183.66778356641348,2.035469712799149,3.896758002887371,45.96741590829083,12.926512718174111
1786282482000975000,2200.1809750976563,124.7724188324064,0.3080157138842803,7.258974518679634,51.587027143383956,125.18241882883012,183.39015111672745,2.0354697127981902,3.918784149792925,45.96740808316767,12.368735313392246
1786282483001000400,2201.1810004882814,124.79100918397307,0.30801571388428034,7.258974518679073,51.58691803837013,125.2010091803968,183.8942588308596,2.0354697127982684,3.9295763197698204,45.96739690034095,12.368735313392246
1786282484001027600,2202.1810275878906,124.80858840234578,0.3080157138843142,7.258974518678944,51.58682254906214,125.2185883987695,184.78291926643035,2.0354697127972865,3.8914598067913206,45.96738445744779,12.002172470071503
1786282485001053700,2203.1810537109377,125.13551887031645,0.3080157138844526,7.2589745186801835,51.58675226042058,125.54551886674017,185.59905844660878,2.0354697127936805,3.7464005777592453,45.96737209135726,10.369322776780717
1786282486001080000,2204.181080078125,125.56594824884087,0.3080157138847021,7.258974518682464,51.5867218083108,125.97594824526459,186.29384238682746,2.03546971278858,3.562840819612373,45.96736438275104,6.45491647720006
1786282487001107200,2205.1811071777342,125.79046607203782,0.3080157138847021,7.258974518683384,51.586672693054645,126.20046606846154,187.11701574438203,2.035469712788265,3.3826787666799034,45.96735400861864,6.454916477200058
1786282488001133600,2206.181133544922,125.96906547434628,0.3080157138847708,7.258974518685327,51.5866500015539,126.37906547077,188.02212647614442,2.03546971278661,3,45.96734237116751,4.853571414946103
1786282489001159700,2207.1811596679686,125.81401663925499,0.3080157138848089,7.2589745186768555,51.58663338092368,126.22401663567871,188.95197596146062,2.0354697127863006,3,45.96733520559431,3.6752643585198967
1786282490001187300,2208.181187255859,125.68455052282661,0.3080157138848527,17.85794512452793,51.58663659047992,126.09455051925033,189.57504331507818,2.046575545149628,3,45.967334557668295,1.3975875377654698
1786282491001213400,2209.1812133789062,125.68698895070702,0.3080157138848527,17.85794512431824,51.58662737622774,126.09698894713074,189.96958225507876,2.122572971930218,3,45.96733265808924,1.3975875377654692
1786282492001240300,2210.181240234375,125.78285083081573,0.3080157138848601,-1,51.5866353692694,126.19285082723945,-1,2.1979994123829836,3,45.96733083329769,0.07559935003519058
1786282493001267000,2211.1812668457032,125.95003499370068,0.3355416240699398,-1,51.586635880259266,126.3600349901244,-1,2.2758824109052207,3,45.96733060461952,0.09985894709825516
1786282494001293300,2212.1812932128905,126.773237333633,0.3080157138848601,-1,51.58663424872212,127.18323733005673,-1,2.1984492556391366,3,45.96732901437631,0.00039936817483976483
1786282495001320400,2213.1813205566405,126.86641487665474,0.3080157138848601,-1,51.58663461090332,127.27641487307847,-1,2.260714779552509,3,45.96732921379919,0.0010938503546640277
1786282496001347600,2214.18134765625,130.56435796432197,0.5249513392157072,-1,51.58661971123642,130.9743579607457,-1,2,3,45.96732711862065,0.10940118281778892
1786282497001374200,2215.181374267578,130.73492927011102,0.3154151898378359,-1,51.58662310641637,131.14492926653475,-1,2,3,45.967333273843444,0.07991268210701723
1786282498001401600,2216.181401611328,130.7573470780626,1.2561127836096928,-1,51.586624342757716,131.16734707448632,-1,2,3,45.967334625393995,0.004792327773379937
1786282499001428200,2217.1814282226565,130.75897529441863,0.9309529910025659,-1,51.58662009478903,131.16897529084235,-1,2.0240417113798492,3,45.96733789343204,0.010607517910238236
1786282500001455400,2218.1814553222657,130.6664412189275,0.5585247534526462,-1,51.586617807097234,131.07644121535122,-1,2.1245081678368236,3,45.9673430797661,0.03201762683409179
1786282501001483000,2219.1814829101563,130.74936014041305,0.5558365191132718,-1,51.58662072415262,131.15936013683677,-1,2.1090717323386157,3,45.9673436313511,0.023310997635278042
1786282502001509000,2220.181509033203,130.7578645311296,0.3080157138848601,-1,51.58662075589235,131.16786452755332,-1,2.1542330675455807,3,45.96734365590811,0
1786282503001536800,2221.181536865234,130.7578645311296,0.3080157138848601,-1,51.58662075589235,131.16786452755332,-1,2.2135469603586646,3,45.96734365590811,0
1786282504001563600,2222.1815637207033,130.7578645311296,0.3080157138848601,-1,51.58662075589235,131.16786452755332,-1,2.2363474515761297,3,45.96734365590811,0
1786282505001590800,2223.1815908203125,130.7578645311296,0.3080157138848601,-1,51.58662075589235,131.16786452755332,-1,2.2127127064185173,3,45.96734365590811,0
1786282506001618000,2224.181617919922,130.7578645311296,0.8504251816592416,180,51.58662075589235,131.16786452755332,190.72057900536026,2.351792513301397,3,45.96734365590811,0
1786282507001644800,2225.181644775391,130.7578645311296,0.8313077249317704,180,51.58662075589235,131.16786452755332,190.72057900536026,2.3224764705262806,3,45.96734365590811,0
1786282508001671700,2226.1816716308595,130.7578645311296,0.8301934151685053,180,51.58662075589235,131.16786452755332,190.72057900536026,2.3000088771416616,3,45.96734365590811,0
1786282509001698600,2227.181698486328,130.7578645311296,0.8260090104877643,180,51.58662075589235,131.16786452755332,190.72057900536026,2.4071102355630902,3,45.96734365590811,0
1786282510001726700,2228.1817268066407,130.7578645311296,0.822454626357165,180,51.58662075589235,131.16786452755332,190.72057900536026,2.45805719210999,3.0136287571453857,45.96734365590811,0
1786282511001752800,2229.1817529296877,130.7578645311296,0.8292730178205439,180,51.58662075589235,131.16786452755332,190.72057900536026,2.5075451181682187,3.070898352109499,45.96734365590811,0
1786282512001780200,2230.1817802734377,130.7578645311296,0.8278078535292931,180,51.58662075589235,131.16786452755332,190.72057900536026,2.5250999878853957,3.0910911063998974,45.96734365590811,0
1786282513001808100,2231.181808105469,130.7578645311296,0.8233791888722948,180,51.58662075589235,131.16786452755332,190.72057900536026,2.5164478650444337,3.0830623570918894,45.96734365590811,0
1786282514001834800,2232.181834716797,130.7578645311296,0.8228166320906672,180,51.58662075589235,131.16786452755332,190.72057900536026,2.5504831954281553,3.1208193973105276,45.96734365590811,0
1786282515001862400,2233.1818623046875,130.7578645311296,0.8208470157669688,180,51.58662075589235,131.16786452755332,190.72057900536026,2.5734598403563194,3.146300403653438,45.96734365590811,0
1786282516001888300,2234.181888183594,131.5325818778947,0.6417743044860225,41.617206346334,51.586604272259564,131.94258187431842,192.51372384347187,2.6078908504019878,3.1731005468601405,45.9673281243987,1.2493746433848543
1786282517001916400,2235.1819165039065,131.97170169092715,0.6375396084584701,16.39234870977926,51.58657036176967,132.38170168735087,191.85613377355858,2.577496375775458,3.2411718711668196,45.96731686888139,3.122118974935599
1786282518001943800,2236.1819438476564,131.95218091178685,0.6740250569318049,12.90651441375014,51.58652955793952,132.36218090821058,193.2894709685302,2.5486215949208746,3.1871040497791947,45.96730074739194,4.2315197572314664
1786282519001970200,2237.1819702148437,132.8201286289841,0.6618113324989146,9.824859622298398,51.586478658555194,133.23012862540781,196.15750922810196,2.521190578423139,3.142231477251796,45.96727481380763,5.4352733702063
1786282520001997800,2238.1819978027343,133.30545451957732,0.6809373381147856,7.70246614432975,51.58641560857071,133.71545451600105,202.13167429198916,2.545953248147167,3.0433681139928837,45.9672281490745,7.153001336920124
1786282521002025200,2239.182025146484,133.9184890286997,0.6687655670637471,7.251515221737984,51.58634657178147,134.32848902512342,211.52452281492577,2.51873561663043,3,45.96715000525511,8.729896587808383
1786282522002052600,2240.1820524902346,133.59743739664555,0.6719262079233691,7.2578866289345125,51.58627787763304,134.00743739306927,219.66157547251692,2.683623664870799,3.469013594718343,45.9670487980594,9.837612339540481
1786282523002079500,2241.182079589844,133.87703904043883,0.6370249024583868,7.25463754867355,51.58620834315462,134.28703903686255,221.96730710119394,2.6212590073601705,3.488173644100697,45.96694593247288,10.22770147515388
1786282524002106000,2242.182106201172,128.3148991281511,0.25015103816986084,1.0507727370574529,51.58614317669646,128.72489912457482,208.78141494585842,14,3,45.96687245392256,9.834731101989746
1786282525002134300,2243.1821342773437,128.64823602151768,0.2835398018360138,1.0534699147276676,51.58606034374351,129.0582360179414,194.78814684606482,2.4642463127378225,3,45.96682268572456,9.662800788879395
1786282526002161400,2244.182161376953,128.47908890179565,0.3077307641506195,1.0547391559745263,51.58597476172241,128.88908889821937,180.13882541611318,2.428208183687693,3,45.96680163990898,9.662800788879395
1786282527002188300,2245.182188232422,128.56876899712202,0.31552234292030334,1.0516688792209,51.5858945149876,128.97876899354574,165.71608503922218,2.3712839154280827,3,45.96682162754837,9.292424201965332
1786282528002215700,2246.182215576172,128.81274705420907,0.31045955419540405,1.0450455167166914,51.585816802189406,129.2227470506328,152.52694877079253,2.211638157202091,3,45.96687075947838,9.244256019592285
1786282529002243300,2247.1822434082032,129.03397415008965,0.32385727763175964,1.0497015712965245,51.58574907443004,129.44397414651337,142.41191672324555,2.10495786219166,3,45.96694380518992,8.786612510681152
1786282530002270700,2248.182270751953,129.22656303323257,0.3070352375507355,1.0399146572678368,51.585684019705795,129.6365630296563,137.94759579869847,2.146335215004403,3,45.967029805186264,9.354433059692383
1786282531002297300,2249.182297363281,129.64374492968344,0.3235253393650055,1.045798758516097,51.5856202548535,130.05374492610716,136.01018531986767,2.0911158265881116,3,45.9671236608598,9.354433059692383
1786282532002325200,2250.1823251953124,129.89089729313923,0.3382207453250885,1.04965792211886,51.5855542951579,130.30089728956295,135.0008882662149,2.1077474823637288,3,45.96722996484058,9.998307228088379
1786282533002351900,2251.182351806641,130.46331514388947,0.30316948890686035,1.036553884031073,51.58548472405058,130.8733151403132,135.3237786290381,1.896590990383111,3,45.967344285278365,11.654948234558105
1786282534002379800,2252.1823798828127,130.4633258515969,0.30801571388434656,7.258974518678473,51.58541023533701,130.8733258480206,135.32387126453895,2.621258590683318,3.144204762889493,45.96746251282674,11.654948234538676
1786282535002407000,2253.182406982422,130.25138094834983,0.30801571388427407,7.258974518678908,51.58532508278601,130.66138094477355,137.34655254940776,2.621258590683674,3.094950801022423,45.96758646702803,12.449934005713617
1786282536002433800,2254.1824338378906,129.9415043052286,0.3080157138842739,7.258974518680451,51.58523208841026,130.3515043016523,140.58105094029645,2.6212585906841213,3.1926184976837497,45.9677063431519,12.44993400571361
1786282537002461000,2255.1824609375,129.99427528489986,0.19745992124080658,0.9662026154148244,51.585129717718736,130.40427528132358,136.86017504131908,1.5363512543616553,3,45.967862031678614,14.885417938232422
1786282538002488600,2256.1824885253905,130.06042191912252,0.2208147794008255,0.9634234754745696,51.58502981563042,130.47042191554624,134.31860700964398,1.523430337289818,3,45.96802037795938,15.99008560180664
1786282539002516200,2257.182516113281,130.17662574542544,0.25525328516960144,0.9678768655351238,51.58492946102561,130.58662574184916,133.48491411955223,1.5857435664771204,3,45.96819332311278,15.99008560180664
1786282540002542800,2258.18254296875,130.2872512300475,0.2839096486568451,0.9707031764693339,51.58482695615192,130.69725122647122,133.242893196502,1.6490736791440288,3,45.96837264087949,16.98748016357422
1786282541002570000,2259.1825700683594,130.28727389965206,0.30801571388376947,7.258974518679234,51.58472235573623,130.69727389607579,133.24303308178273,2.621258590705291,4.76860183475598,45.96855117338227,16.987480163514068
1786282542002597400,2260.1825974121093,129.7097732303664,0.3080157138837913,7.258974518680656,51.584616619042734,130.11977322679013,133.42584810189658,2.6212585907031802,4.641013815899513,45.96872558055976,16.81669235223657
1786282543002625000,2261.182625,129.7057077055797,0.30801571388379123,7.258974518679268,51.58450988846412,130.11570770200342,133.6910364198031,2.621258590704017,4.708580359752623,45.96890152061641,16.816692352236565
1786282544002652200,2262.182652099609,129.48973927123504,0.1755741685628891,0.9158261283045722,51.584409980558085,129.89973926765876,133.58105586230934,1.5639660118348833,3,45.96906989154821,16.458576202392578
1786282545002679000,2263.1826789550782,129.11635016592604,0.17144137620925903,0.9123975867846373,51.58431112076105,129.52635016234976,133.56142589863472,1.5345030928086503,3,45.96923998083869,15.944405555725098
1786282546002706400,2264.182706542969,128.80597875698473,0.16634789109230042,0.9084186814279875,51.58421127430955,129.21597875340845,133.62897646952615,1.51419053222183,3,45.969406723395096,15.944405555725098
1786282547002734600,2265.182734619141,128.80599873699248,0.30801571388389926,7.25897451867988,51.58411239543754,129.2159987334162,133.62910692758524,2.6212585907072237,5.193385907965901,45.96957322555478,15.944405555675363
1786282548002761500,2266.1827614746094,128.70233244914562,0.3080157138839199,7.258974518678359,51.58401832266092,129.11233244556934,133.65428153760735,2.6212585907067343,5.202733435257189,45.96973804296083,15.77174186701729
1786282549002788600,2267.1827885742186,128.49540954921395,0.30801571388394744,7.258974518678881,51.583924585440386,128.90540954563767,133.58526755140727,2.6212585907049633,5.119995973972732,45.96989606500686,15.539382934524268
1786282550002815700,2268.182815673828,128.00144013389945,0.30801571388408294,7.258974518677701,51.58384166771218,128.41144013032317,133.48501806368404,2.6212585907005037,5.055047413008376,45.9700394333744,14.339267730676715
1786282551002843600,2269.18284375,127.73717012256384,0.30801571388408294,7.258974518679928,51.58375094828338,128.14717011898756,133.80704719346556,2.6212585907013324,5.139448635044007,45.97018652950167,14.339267730676715
1786282552002870300,2270.1828703613282,127.63906537462026,0.3080157138841352,7.258974518680326,51.583669130737334,128.04906537104398,134.04314872109188,2.6212585907000254,5.1590177871572696,45.970323555961954,13.848475456205204
1786282553002898200,2271.1828981933595,127.35394968930632,0.3080157138841586,7.258974518678202,51.58358609043609,127.76394968573004,133.8621745372184,2.621258590699939,5.223868573044527,45.970463371581324,13.62338256832835
1786282554002924800,2272.1829248046874,131.57645601406693,1.1618726195921751,7.258968580022747,51.58349848576344,131.98645601049066,133.9843064837549,2.000000138953288,3,45.970606306118746,13.320531825541423
1786282555000283100,2273.180283203125,131.5692113917321,1.2648490209148984,7.8386312121876,51.58342036585435,131.97921138815582,133.08469528598178,2.0000000939944553,3,45.97074403500938,13.074824445157502
1786282556000274700,2274.180274658203,131.6812338763848,1.2754733209663098,8.38416973502719,51.583346408863896,132.09123387280852,132.52865892895275,2.0000000842832506,3,45.97087134268885,12.326756166892233
1786282557000301800,2275.1803017578127,131.2609169408679,1.2764539782020023,9.174295662405337,51.583282191477046,131.67091693729162,132.7579134775168,2.000000065072122,3,45.970981208123796,11.273774784042901
1786282558000285200,2276.18028515625,131.2732238722965,1.2700637939724777,10.188044217856026,51.583222047573464,131.68322386872023,132.72290743029095,2.0000000627027665,3,45.97108093167584,10.1011797943534
1786282559000269300,2277.1802692871092,130.93657380528748,1.272251460123535,10.23295271461575,51.583161240891926,131.3465738017112,134.06541038362406,2.000000075138308,3,45.971177986975576,10.074162390441183
1786282560000286500,2278.180286376953,130.65058708749712,1.2659456523749613,9.978478340784168,51.583098375894735,131.06058708392084,134.5873318137239,2.000000075419179,3,45.97127879916116,10.279877376719272
1786282561000272000,2279.180271972656,130.35535996221006,0.6394163134121669,7.258506429614656,51.583021272604476,130.76535995863378,134.99272191312497,2.0000001768358544,3,45.97140646990025,11.768291577777473
1786282562000258600,2280.180258544922,129.95466864481568,0.6361954970095777,7.258262873829371,51.582920392597195,130.3646686412394,134.39743419639402,2.0000002022654484,3,45.97157420767475,14.98939253141375
1786282563000280800,2281.1802807617187,129.44272121973336,0.6123464666725538,7.256893513156235,51.5828083996389,129.85272121615708,135.5493173706666,2.0000002531228294,3,45.971754707110534,17.203912026553084
1786282564000262100,2282.1802622070313,129.29425847623497,0.5741577499258965,7.25853620859003,51.582701674875594,129.7042584726587,134.6667622650205,2.0000004331943884,3,45.971939360126264,17.54572962139762
1786282565000246500,2283.180246582031,125.53514849723898,0.16195911169052124,0.8901706571215349,51.58260818922243,125.9451484936627,134.1338777133518,1.4436069477750881,3,45.97210706416029,17.570125579833984
1786282566000262100,2284.1802622070313,125.48569643696135,0.1836000382900238,0.8955865702465319,51.58249982868509,125.89569643338507,135.12380435051844,1.4607060648031982,3,45.972283638567674,17.202669143676758
1786282567000244700,2285.180244628906,125.12694478487902,0.18020030856132507,0.8897891270233662,51.58239239689868,125.53694478130274,136.03246539694027,1.4798948496539979,3,45.972453590164505,16.928695678710938
1786282568000229400,2286.1802294921877,128.13008077256382,1.645705133839236,7.523726472867148,51.582243905102175,128.54008076898754,134.8801428987385,4.843998392611255,3.342580907304372,45.972668853961665,17.722625250392422
1786282569000248000,2287.180248046875,127.61248033028096,0.6811436066090993,7.258954103489442,51.582165314623,128.02248032670468,140.80946026609126,1.9999999180440902,3,45.97274093353189,14.32823604216081
1786282570000262400,2288.180262451172,127.32151226513088,0.6498009027229491,7.2581402024495025,51.58206143644975,127.7315122615546,146.02048453529002,1.999999935717508,3,45.97285589121151,14.249977995388983
1786282571000277000,2289.180277099609,127.16664957627654,0.6375354123271284,7.25852018229959,51.58194604080295,127.57664957270026,150.53782114108733,1.9999999218630768,3,45.97295660446708,14.619203198839111
1786282572000293400,2290.1802934570314,127.12650272715837,0.6529048673889845,7.258741888731588,51.58182990952788,127.53650272358209,152.80138684883428,1.9999999590043687,3,45.97305161375871,14.632395582449208
1786282573000309800,2291.1803098144533,127.14816797990352,0.6396430673135012,7.258684958894261,51.581714556634026,127.55816797632724,152.9460438378246,2.0000000226709527,3,45.97314581501197,14.483964272144886
1786282574000326700,2292.1803266601564,127.30847932118922,0.6343711924013058,7.25866479781138,51.58160453728659,127.71847931761295,150.671177441805,2.0000000825185165,3,45.97324751033991,14.214382588728371
1786282575000344800,2293.1803447265625,127.60927833802998,0.6441254154092675,7.258447946826376,51.581510793657316,128.0192783344537,143.44067958899524,2.0000000691067896,3,45.97336612852288,13.672502644966185
1786282576000362500,2294.1803625488283,127.90438610967249,0.6444848423358936,7.258744541953594,51.58142863100905,128.3143861060962,135.51852093397076,2.0000001162074565,3,45.97350226620257,13.210864289540748
1786282577000381400,2295.1803813476563,127.64642734266818,0.6922519772216341,7.258946912611698,51.581359751499065,128.0564273390919,129.17410739167602,2.023359410934528,3,45.97364886936115,12.762288137506497
1786282578000400600,2296.1804006347656,127.71711852308363,0.8000748998693298,7.258861892883598,51.58128433556745,128.12711851950735,128.69384085348847,2.384587040246873,3,45.97379777760808,12.983068220837325
1786282579000420000,2297.1804201660157,127.81337067112327,0.7578776537929093,7.258822404055409,51.581246463665664,128.223370667547,123.59629995043535,2.389951472759434,3,45.97393142950375,11.653331913347598
1786282580000440600,2298.1804406738283,126.64704220741987,0.6710867832360887,7.252148621462475,51.581180723833256,127.0570422038436,121.06631684686651,2.192648383085098,3,45.97411519259777,13.135946347617123
1786282581000460500,2299.1804604492186,127.27634721808136,0.6481600284776747,7.2588894247822875,51.58111869221725,127.68634721450508,119.09843950005079,2.094642604254271,3,45.97429314489375,13.9339554757464
1786282582000482000,2300.180481933594,126.93827285524458,0.6414077374587753,7.256952016027416,51.581056099467226,127.3482728516683,117.55544288018437,2.0450679865664374,3,45.97448216884608,14.846999971694446
1786282583000502500,2301.180502441406,126.99088371358812,0.6206103267240822,7.256261824172781,51.58099749769901,127.40088371001184,114.42892447032523,2.0202409919949518,3,45.974696444933,15.985623583099471
1786282584000524800,2302.1805249023437,127.3783989045769,0.6031175551430492,7.258434215323303,51.58094237913746,127.78839890100062,111.50460340195207,2.0085168146197168,3,45.97492938334501,16.974366772151164
1786282585000546800,2303.180546875,127.46095465961844,0.5958730698698463,7.258658110925875,51.580896945198404,127.87095465604216,108.36602403525484,2.003476322481754,3,45.97516314716893,17.020103728683956
1786282586000568800,2304.180568847656,127.4920633630827,0.5999867007871423,7.2588863955577825,51.580854301747706,127.90206335950643,106.37643405341173,2.001398992513352,3,45.97539865729593,16.963838328449544
1786282587000591400,2305.1805913085936,127.37547007296234,0.6067432425535106,7.258730207922923,51.58081959307775,127.78547006938607,104.28849840043279,2.0005666825296378,3,45.97563278140951,16.639828555733786
1786282588000614100,2306.1806142578125,127.14772468060255,0.6065526737921967,7.257866423760923,51.58079279212938,127.55772467702627,102.07759124288057,2.006401655580704,3,45.97585469796747,15.822421953669227
1786282589000637400,2307.180637451172,127.04854595474899,0.6177869926937445,7.258092207520829,51.580772167965605,127.45854595117271,99.8883306555503,2.1366960978492737,3,45.976068432183304,14.992502958901841
1786282590000660200,2308.18066015625,127.07603217381984,0.6312966385427214,7.258220602335612,51.58075470522377,127.48603217024356,98.41356266336888,2.062363996019838,3,45.97626413519942,13.908802763460244
1786282591000682500,2309.1806826171874,127.07892617862672,0.6384083733176918,7.258684217833047,51.580745061496835,127.48892617505044,95.46188231010517,2.0300109495722674,3,45.976456996666684,13.467930239079365
1786282592000706300,2310.180706298828,127.1064412817359,0.6371026287463872,7.258628617100093,51.58073908318812,127.51644127815962,93.72569616576996,2.145329238040069,3,45.97664965644634,13.276846976924631
1786282593000730400,2311.18073046875,126.79878303036094,0.6365010261464077,7.257725530467465,51.58073742449095,127.20878302678466,91.98438648328968,2.2575403857495084,3,45.97683625805737,12.986038586315292
1786282594000754400,2312.180754394531,127.00758614949882,0.6344093237455689,7.258948154646217,51.58073844144253,127.41758614592254,90.23569727964288,2.2201638149147556,3,45.977020242797984,12.786093112483577
1786282595000778800,2313.180778808594,127.10870136320591,0.6395925567018549,7.258900319354752,51.580746732728585,127.51870135962963,86.77188383925477,2.110489628622686,3,45.97721340885055,13.30536196129911
1786282596000802600,2314.1808024902343,126.58173198625445,0.6760682712403612,7.257587901157218,51.58075503377305,126.99173198267817,87.27968431736616,2.053782384806918,3,45.97741426411357,13.669211790550445
1786282597000826400,2315.1808264160154,126.51782327052206,0.6491428062743387,7.258379502998202,51.58074772745788,126.92782326694578,91.86214612928649,2.0265006531514627,3,45.9775839931831,12.134095112591005
1786282598000852200,2316.180852294922,127.00656482949853,0.6574760725452078,7.257663339579723,51.5807308191021,127.41656482592225,99.20307901783875,2.0139011287709754,3,45.977746740220425,11.560957753971817
1786282599000876500,2317.1808764648435,126.48137146513909,0.6719331952128059,7.258363848555164,51.58069157092726,126.89137146156281,107.62136305138773,2.0074276026555524,3,45.977910043275976,11.997230347662981
1786282600000900400,2318.180900390625,126.56730230804533,0.662082060062713,7.25891426421205,51.580638460848306,126.97730230446905,111.0727453255379,2.0037586946915664,3,45.97810560296243,13.998733330145706
1786282601000925200,2319.180925292969,126.64361225347966,0.625993602872011,7.258909847646666,51.580581834052715,127.05361224990338,111.22159371315014,2.001710491570229,3,45.97833830753656,16.65846407228259
1786282602000950500,2320.180950439453,126.24508166313171,0.6257438906266131,7.258633601406025,51.580525663392656,126.65508165955544,110.90148983597508,2.0006981557935712,3,45.978574863022104,17.40886318267414
1786282603000975600,2321.1809755859376,126.48066272772849,0.628086856437576,7.258945146997033,51.58046607639035,126.89066272415221,110.01956247766448,2.0002596933638794,3,45.978838318814155,18.45297362268212
1786282604001000700,2322.181000732422,126.99155021738261,0.6711163025749368,7.258956653970484,51.58039089821348,127.40155021380633,113.10666635955188,2.000097987149916,3,45.97907821872551,18.812113952584493
1786282605001025800,2323.1810258789064,127.40838411543518,0.651986871343698,7.258785242322567,51.580339515925644,127.8183841118589,110.34217527234684,2.000035780867891,3,45.97934517055824,19.41579549730486
1786282606001051000,2324.18105078125,127.13442899659276,0.6014732021110984,7.258912359015952,51.58027355982409,127.54442899301648,110.59620353575988,2.0000126256201187,3,45.979621847018905,19.98885818216817
1786282607001076200,2325.181076171875,126.89879058022052,0.5992877161571843,7.258687822720049,51.58020972188664,127.30879057664424,110.7329269242333,2.000004822077819,3,45.97988990074366,19.96530030350649
1786282608001102000,2326.181102050781,126.469816965051,0.5658953296517685,7.258668690795713,51.58014446779526,126.87981696147472,110.89511332812057,2.000002036860595,3,45.98016469995128,20.24979278813508
1786282609001127700,2327.181127685547,126.1103857094422,0.5678501181485476,7.258565083084624,51.58007675283549,126.52038570586592,111.11014173863722,2.000001291373188,3,45.98045023743039,20.96997856268338
1786282610001152500,2328.1811525878907,126.04842993430793,0.5525968241803654,7.258668373008787,51.58000908202031,126.45842993073165,110.87909650187284,2.000001055236124,3,45.98074319168481,21.555887617444498
1786282611001178600,2329.1811787109373,125.88489485438913,0.5560897935369793,7.25891240753785,51.579939789766186,126.29489485081285,111.00550650976307,2.0000009583833482,3,45.98103689509398,21.62793004482829
1786282612001204200,2330.181204345703,125.59450900088996,0.5516000678819344,7.258973113816268,51.579872048067664,126.00450899731368,111.26919353409149,2.0000008127852436,3,45.98132311574736,21.29665140127504
1786282613001229300,2331.1812292480467,125.93065950181335,0.5499994367831902,7.25870290616289,51.579803349786765,126.34065949823707,111.4904393467374,2.0000006680911104,3,45.98160458543426,21.044998318050546
1786282614001255000,2332.1812548828125,125.7977672861889,0.5594517453698794,7.258864595873072,51.57973106283237,126.20776728261262,112.09343458004768,2.0000007153596933,3,45.9818899356686,21.20156981517036
1786282615001281300,2333.18128125,125.79912732727826,0.565288271926996,7.258649270982788,51.57965355811556,126.20912732370198,113.73323880197633,2.0000007060844514,3,45.982169581880875,21.11911073529286
1786282616001306600,2334.181306640625,125.82683764118701,0.5596063589951292,7.258724422615788,51.579573638682554,126.23683763761073,115.28463825985355,2.0000006696431902,3,45.98243879821891,20.69621004115446
1786282617001333000,2335.1813330078126,125.66673142649233,0.5663897143817482,7.258971059799593,51.57948666901604,126.07673142291605,117.25599529054169,2.000000668717338,3,45.98270210726867,20.62206211069161
1786282618001359000,2336.181359130859,125.83083192445338,0.559625270918662,7.258657295399879,51.57939691455237,126.2408319208771,118.64972586079492,2.0053051577440613,3,45.9829632930217,20.633397169661365
1786282619001384700,2337.181384765625,125.77266189455986,0.5521923617777413,7.258742035975955,51.57930487344719,126.18266189098358,119.24880950956637,2.0026530092433257,3,45.98322637276633,20.80866011249748
1786282620001410800,2338.181410888672,125.63967841491103,0.55976424654599,7.258756953111508,51.5792079091822,126.04967841133475,120.6340449849965,2.1846533537346895,3,45.98348687834297,20.949207737323803
1786282621001437400,2339.1814375,125.71001246850938,0.554272374939225,7.25889845482565,51.579104770651355,126.1200124649331,122.19268988230768,2.092327040520088,3,45.98374370124099,21.1085235858178
1786282622001463300,2340.1814633789063,125.68506621196866,1.4605555420501,7.2589738431664355,51.5790029613006,126.09506620839238,122.58193881887328,2.824255581029498,3,45.98400524931813,21.17665832597684
1786282623001488100,2341.1814880371094,125.60194563027471,0.6916037882875773,7.258918785927615,51.578887766317266,126.01194562669843,125.25478782437229,2.824255976236892,3,45.984246087222125,21.13525319822806
1786282624001515000,2342.181514892578,126.15227665938437,0.5671688125586932,7.258421938823453,51.57877138018557,126.56227665580809,127.27527599688953,2.412128413310629,3,45.98448822659512,21.21890010628828
1786282625001541000,2343.181541015625,126.01793257705867,0.5667907434312818,7.258899911643931,51.57864910659545,126.4279325734824,128.905694406916,2.123825627872198,3,45.98472422919974,21.136359211146363
1786282626001567500,2344.1815673828123,126.16284045390785,0.5596171328385301,7.258888916055833,51.578526465272944,126.57284045033157,130.5197939201194,2.0619130583988823,3,45.984952955255274,20.975926670164604
1786282627001594000,2345.1815939941407,126.28022346552461,0.5618645972146726,7.258811215423362,51.578396233366156,126.69022346194834,132.4579909742267,2.0189171732461273,3,45.985178232941344,21.138089677204952
1786282628001619500,2346.181619384766,126.2366278283298,0.5570089319506787,7.258974003713811,51.578263636784115,126.64662782475352,134.24733069476866,2.0094589932052425,3,45.9853948939108,21.044574487339716
1786282629001645800,2347.181645751953,126.23451681248844,0.5729549330890772,7.258972116989099,51.5781266141553,126.64451680891216,135.89963117005166,2.0029354326524302,3,45.985604403271296,21.052226229497386
1786282630001671700,2348.1816716308595,125.9971710992977,0.6651324426272166,7.258697682029541,51.577988179307326,126.40717109572142,136.77873728529087,2.0014677802275136,3,45.98581444363277,21.173919591443077
1786282631001698000,2349.1816979980467,125.69980632420629,0.684051596045973,7.2585796308729185,51.57785180231448,126.10980632063001,137.77211621986328,2.00045788872442,3,45.98601034094341,20.665792321269567
1786282632001724200,2350.181724121094,124.76982032414526,0.687889709906163,7.2558212883672875,51.577703310982216,125.17982032056898,139.34558524921135,2.0002290664099163,3,45.986208045697396,20.98688180743283
1786282633001751000,2351.1817509765624,124.83448952343315,0.7021015438383745,7.257940072803132,51.577545522915116,125.24448951985687,141.9357874901646,2.0000703366961607,3,45.98639147200381,21.45208337027776
1786282634001777700,2352.181777587891,124.99961455818266,0.6338590273369138,7.258793106870626,51.57738290222153,125.40961455460638,143.09979916101966,2.000035310140368,3,45.98657961573318,22.21024430911044
1786282635001803300,2353.181803222656,124.90149889327586,0.6218618256836702,7.2588832177647085,51.577210631644284,125.31149888969958,142.71508177533227,2.00000984729071,3,45.98678953782934,23.48390369169304
1786282636001830100,2354.181830078125,124.78071408811957,0.5834977638640302,7.258936223057197,51.57702835420988,125.19071408454329,142.49386910353977,2.0000052203736387,3,45.98701007868077,25.042978215079415
1786282637001855500,2355.18185546875,124.68379174917936,0.5422293388611596,7.258972448744667,51.57684005282433,125.09379174560308,143.28702143013263,2.000001816363576,3,45.9872297264673,25.64100082660885
1786282638001882000,2356.181882080078,123.54308497018135,0.23878897726535797,0.9364376115072608,51.576654999937915,123.95308496660508,143.35875852712772,1.5550776266638797,3,45.987423958819726,25.4924259185791
1786282639001908700,2357.181908691406,123.62214306467571,0.22006472945213318,0.9305355810124294,51.57647708263584,124.03214306109943,143.52122140672566,1.5157895103628538,3,45.98763708769573,25.179086685180664
1786282640001934600,2358.1819345703125,123.81933675413543,0.2050379067659378,0.926092542957336,51.57629809372791,124.22933675055916,144.9855456628847,1.5081700388104113,3,45.98784482779088,24.40250015258789
1786282641001961700,2359.1819616699217,124.55666664335877,1.8044586312916184,7.258966430227786,51.57610606443275,124.96666663978249,144.8432187314505,5.6256606618433835,3.5001320688084827,45.98808265341788,25.05741799534104
1786282642001987600,2360.181987548828,124.0783286318183,0.731919748636169,7.258720542469916,51.57595487001751,124.48832862824202,144.28317878361577,2.0000009011554383,3,45.98826531261583,23.801216387990596
1786282643002014000,2361.1820139160154,124.20942672155797,0.7261109683738896,7.258932989733949,51.57576982287606,124.6194267179817,144.43474263444153,2.1532260004299664,3,45.98846504153578,23.885697545976107
1786282644002039600,2362.182039550781,124.4255637275055,0.6164374488129936,7.258962460335941,51.57559341430012,124.83556372392923,143.8932608449842,2.0766133146290455,3,45.988659964842,23.388254762978598
1786282645002066200,2363.1820661621095,123.86042618844658,0.6196528885456954,7.258838296185934,51.575421401819405,124.2704261848703,144.07345333470155,2.2753919020022155,3,45.988854023296305,23.05815582061972
1786282646002093300,2364.182093261719,123.81485956721008,0.5785921066841351,7.2588841605535,51.57525419063714,124.2248595636338,143.99944952780024,2.3010138344514335,3,45.98904721584551,22.83512172693302
1786282647002119200,2365.182119140625,124.07626006007195,0.5927364592752407,7.25897164502754,51.57509374204,124.48626005649567,143.41658623397657,2.0811505741684244,3,45.98924083907322,22.474453968645808
1786282648002145500,2366.1821455078125,123.85500160511583,0.5888393633212222,7.2589699456781664,51.57493272127327,124.26500160153955,143.3969051643775,2.0405754456383756,3,45.989431220331866,22.1391418069605
1786282649002172000,2367.182171875,123.66496088448912,0.5990343451050469,7.258973780433512,51.57477841053531,124.07496088091284,142.9647881165648,2.0114832994577565,3,45.98961859584148,21.588681146196762
1786282650002198300,2368.1821982421875,123.92747802846134,0.6242519431263045,7.25874575774891,51.574621423736055,124.33747802488506,142.9009551585449,2.0057418103520015,3,45.98980503947998,21.470208683052334
1786282651002224400,2369.1822243652346,123.42385119665414,0.5811286327835012,7.258942806709418,51.57446863264262,123.83385119307786,143.46338164042842,2.163348393023344,3,45.98998285564824,21.10366416851252
1786282652002251500,2370.182251464844,123.17838990222663,0.6158461367952976,7.258891371125756,51.574323070267965,123.58838989865035,143.54340947858634,2.0816743494533596,3,45.99015523826657,20.33884773333705
1786282653002277400,2371.18227734375,123.19107940420508,0.6002609682516336,7.25890734050762,51.57418346100792,123.6010794006288,143.2575456898963,2.1519718024101193,3,45.990322663631595,19.606074853707852
1786282654002303500,2372.182303466797,123.0076026711613,0.6008631355287442,7.258790486129941,51.57404956434185,123.41760266758502,143.41775985432616,2.075986193062232,3,45.99048104711643,18.827837858149373
1786282655002330400,2373.1823303222654,122.91558034997433,0.6045182777156265,7.258972003717547,51.57392631106094,123.32558034639806,142.6057248268639,2.028128599008081,3,45.990635042178916,17.78811588441832
1786282656002357000,2374.182356933594,122.57536882068962,0.6096414355211427,7.258437057593234,51.5738028829886,122.98536881711334,143.5952833619383,2.0109952645063975,3,45.99077643570609,16.972175959497164
1786282657002383400,2375.182383300781,122.36903863679618,0.6297995765781207,7.258643810471186,51.573687850905095,122.7790386332199,143.8601119037467,2.0045082851153526,3,45.990910059982106,15.999640756264645
1786282658002410000,2376.1824099121095,122.63196968566626,0.6320602977823052,7.25896700338298,51.57357835109789,123.04196968208998,143.58696060815052,2.001958122090951,3,45.99103976486713,15.35330124513242
1786282659002435300,2377.1824353027346,122.34787397552282,0.6496360996231426,7.2583187430601,51.57347491948575,122.75787397194654,143.68061404859202,2.0008872970920506,3,45.99116209939131,14.606668243350914
1786282660002462000,2378.1824619140625,122.35213116463274,0.6460106531198214,7.258641939241394,51.57337336866938,122.76213116105646,143.49071200193274,2.0004120133256973,3,45.99128255881032,14.15704891726843
1786282661002488300,2379.18248828125,121.55038644280285,0.6570555047809961,7.253037991000221,51.57327736081056,121.96038643922657,142.41816497357937,2.0001964528383396,3,45.99140340023642,13.739705090047218
1786282662002515200,2380.182515136719,121.56660700403154,0.7586362667427193,7.257972649810445,51.57318080343196,121.97660700045526,141.52650249906003,2.0942142691091155,3,45.9915280550245,13.845219449770864
1786282663002541600,2381.182541503906,121.79081410728395,0.822334911084673,7.258965246655182,51.57307113400082,122.20081410370767,142.98459577277887,2.044138299562868,3,45.99165309222645,14.62740075255782
1786282664002568400,2382.182568359375,121.56092901714146,0.8559753483814412,7.258663924276353,51.57296569510882,121.97092901356518,143.5397821943707,2.7705839681141105,3,45.991776570930746,14.781185266980321
1786282665002594300,2383.182594238281,121.09632261842489,0.7802821204044736,7.2575026678329095,51.572848628003776,121.50632261484861,142.20102854116348,2.713222748849164,3,45.99192303834655,15.460544831729978
1786282666002620700,2384.182620605469,120.37894302792847,0.7274193746192901,7.254137380865187,51.5727456223413,120.78894302435219,142.01693250871378,2.314024914064656,3,45.99204720226385,14.437914463950554
1786282667002647000,2385.182646972656,120.72099477984011,0.7020026880153236,7.258695650198195,51.57265720666189,121.13099477626383,144.26451023539994,2.152256724325543,3,45.99213883672146,12.214356036378174
1786282668002673200,2386.182673095703,121.1804184447974,0.6805339209069863,7.255705107169174,51.57258319069531,121.59041844122112,145.52025424066377,2.080969974517326,3,45.99221520028037,10.2124325993641
1786282669002699300,2387.18269921875,121.12065359670669,0.6697663618999747,7.258417974514118,51.57251564840855,121.53065359313041,144.84337731250946,2.1512926844952203,3,45.99229384178738,9.708624371691286
1786282670002726400,2388.1827263183595,120.75785568915308,0.6582387414448698,7.258956003061558,51.57244765803455,121.1678556855768,141.50684547219444,2.1512926886601074,3,45.99238543534421,9.922897659045073
1786282671002753300,2389.182753173828,120.66927427239716,0.6571541440371776,7.257797797909333,51.57237880051913,121.07927426882088,140.7378878959553,2.561282529065714,3,45.99247653947133,9.988899267868527
1786282672002779400,2390.182779296875,121.68338794540614,0.7063127450044421,7.2463812424378,51.57231813094216,122.09338794182986,139.8689933662875,2.642284052462353,3,45.99256035805267,9.40345007278811
1786282673002805800,2391.1828056640625,120.76238304562867,0.6751338564125474,7.254915469604908,51.572225647660616,121.17238304205239,141.10558584096663,2.584783831389802,3,45.99267052802583,11.126932902532696
1786282674002832600,2392.182832519531,120.4867176990956,0.9256080494284543,7.255961811188941,51.57214052605257,120.89671769551933,140.44683342465774,2.5847839873490264,3,45.9927834731585,11.87485578228362
1786282675002859000,2393.182858886719,120.54807509481907,0.7080416495837907,7.257168651732204,51.57204502921037,120.95807509124279,143.1111983107,2.1454222891032555,3,45.99287810095109,12.341808890371356
1786282676002885600,2394.1828857421874,120.98164324928075,0.705274524250811,7.258875269309566,51.571956644758984,121.39164324570447,140.98350612477395,2.383336097893314,3,45.99299495450301,12.78645371783855
1786282677002911200,2395.1829111328125,120.84782641753554,0.6789904030977792,7.258938556983072,51.57186204492234,121.25782641395926,138.89047730525255,2.3790515996076866,3,45.99313125595943,13.808433665285417
1786282678002937900,2396.1829377441404,119.88883543293923,0.6779447024367617,7.255833194307368,51.57175630874712,120.29883542936295,140.36363386825855,2.1781063325781784,3,45.99327056998086,14.886732691267119
1786282679002964200,2397.182964111328,120.26911361608654,0.6414278627361917,7.258874305577382,51.57164690129872,120.67911361251026,142.72978350821225,2.0809530476060374,3,45.993399124438234,15.049841000600638
1786282680002991000,2398.1829912109374,120.5115987220779,0.6126480677682865,7.258897686373128,51.57153780667834,120.92159871850163,142.2384854881442,2.0363067525931187,3,45.99353424207695,15.26402057298578
1786282681000426200,2399.1804262695314,117.82483830217328,0.20052611827850342,0.9950984777505039,51.5714347647856,118.234838298597,142.80812233661965,1.6391975479641263,3.012385845184326,45.99366680954205,16.573354721069336
1786282682000415000,2400.1804150390626,117.84906658113944,0.19256539642810822,0.9871273268239816,51.57130797877891,118.25906657756316,143.24388840566647,1.6212923501706953,3,45.99381355437417,16.573354721069336
1786282683000436200,2401.180436279297,117.81815944286849,0.19050611555576324,0.9780780732256552,51.571176319662506,118.22815943929221,143.07145344988032,1.613697040845449,3,45.99396957709977,17.697526931762695
1786282684000416800,2402.180416748047,119.7948262533173,1.7035915204514642,8.18614901847554,51.571070502195056,120.20482624974102,141.2580714736326,5.05448412766658,3.4664327720042927,45.9941229225801,16.87058232944045
1786282685000395800,2403.1803957519533,119.08278627321124,0.6189745879689479,7.256616460912932,51.57088619882554,119.49278626963496,143.82111739890698,1.9999999772929038,3,45.99431066981988,19.002463655266105
1786282686000413400,2404.180413330078,118.6745581831783,0.5830328047649859,7.256649337630291,51.57074863877189,119.08455817960203,143.49578382812402,1.9999999533332153,3,45.994473151650524,19.116946866905923
1786282687000392200,2405.1803920898437,117.99620181694627,0.5789079830335732,7.2568362066259855,51.570611014873144,118.40620181336999,142.79548894207207,1.9999999817993455,3,45.994641195034774,19.28146916888194
1786282688000372500,2406.1803725585937,117.4483252922073,0.5590535156352673,7.255493746490638,51.5704679255518,117.85832528863102,143.24918937563217,1.9999999936846709,3,45.99481126612214,19.611797691632265
1786282689000300000,2407.180300048828,114.85809965498589,0.15032458305358887,0.934276710408598,51.57033164931527,115.26809965140961,143.22065210211008,1.5146791458751114,3,45.994974371590516,19.945293426513672
1786282690000276700,2408.180276855469,114.04230396890837,0.15021519362926483,0.9313460256461337,51.5701839973001,114.45230396533209,143.77784527422136,1.495569084220439,3,45.99514857156128,20.635543823242188
1786282691000257300,2409.180257324219,113.52053505664848,0.15439997613430023,0.9285615496205899,51.57003088263171,113.9305350530722,145.2822354200517,1.482483607912591,3,45.995323478975756,21.092761993408203
1786282692000271400,2410.1802712402346,114.63789436593652,2.958783581898362,11.726058973375139,51.569874117733924,115.04789436236024,146.5738356579107,6.355570369327576,3,45.99548633296682,20.441559441392897
1786282693000255700,2411.180255859375,114.68600432388484,1.6331527124745324,7.2577326552861905,51.569709780768505,115.09600432030857,145.40175154747138,2.000000103644224,3,45.99567555264599,20.958638111822033
1786282694000238000,2412.1802380371096,114.39522994030267,1.6215515891516807,7.258380805748155,51.56955537502051,114.80522993672639,144.9010449410772,2.000000110229737,3,45.995850760587295,20.888628195146115
1786282695000251000,2413.1802509765625,114.25805031694472,1.5866923027860544,7.258713823750237,51.569406617989735,114.66805031336844,143.76557114464907,2.0000001073453895,3,45.996026072788666,20.44267586319114
1786282696000266500,2414.1802666015624,114.0773212518543,1.6360912665830964,7.258699562057554,51.56925815302033,114.48732124827802,143.71555993395364,2.0000001220954813,3,45.99619996251237,20.257849345792525
1786282697000283600,2415.180283691406,113.95161854568869,1.6363387128823557,7.258913706897223,51.5691111930639,114.36161854211241,143.97490682169342,2.000000093646937,3,45.99636949438492,19.92357618989246
1786282698000300300,2416.1803002929687,113.729702135548,1.6340983062499743,7.2588333225095205,51.568968118067204,114.13970213197172,143.84670443926635,2.220730630478407,3,45.996538054094586,19.674721179504985
1786282699000318200,2417.1803181152345,113.5176855539903,1.6392217170381795,7.258832947252577,51.568827395423625,113.92768555041403,143.58158026597835,2.6438962491161466,3,45.996705090495986,19.399269860626163
1786282700000336600,2418.180336669922,113.4348562406376,1.6533692758617442,7.258829834652808,51.56868969722689,113.84485623706132,143.29942682180737,2.223896402947703,3,45.996869552343526,19.084710648243167
1786282701000355000,2419.1803549804686,113.30529162939638,1.6247197890616345,7.258668630953018,51.56855312486172,113.7152916258201,143.343008012301,2.0794694275214405,3,45.99703197849183,18.84755312216154
1786282702000374800,2420.1803747558592,113.15772627107799,1.6537091313960803,7.258880399127341,51.568417254306205,113.56772626750171,143.5881060559642,2.028302025773647,3,45.99719134600682,18.605382638917717
1786282703000393500,2421.1803935546877,112.92074082605541,1.6221815407454705,7.258671250499678,51.56828368385356,113.33074082247913,143.63707568500217,2.0103484422143176,3,45.99734872381574,18.4054096008042
1786282704000413400,2422.180413330078,112.87059909850359,1.6101598036605556,7.258803885241413,51.56815001381994,113.28059909492731,143.52363449736416,2.003858272875523,3,45.99750756570488,18.559875491444235
1786282705000434200,2423.1804340820313,112.89925957936794,1.6252026221072273,7.258769016331825,51.56801701007932,113.30925957579166,142.9197642463654,2.0014164543812547,3,45.99766927022373,18.58088828187331
1786282706000455000,2424.180454833984,112.55484275426716,1.6300011594464392,7.2584295977564075,51.56788175166348,112.96484275069088,142.65456065083927,2.0005176721347087,3,45.997835505295384,18.916358975631805
1786282707000475000,2425.1804748535155,112.18162213265896,1.6470913802491416,7.258345371440204,51.567746727958564,112.59162212908268,142.91659695194738,2.00018692892787,3,45.99799913307641,18.884116466204777
1786282708000497000,2426.1804968261717,111.83880782872438,1.6387131642563282,7.257745548946791,51.5676113632388,112.2488078251481,143.04792027315358,2.2056929971746295,3,45.99816092148021,18.746691255311564
1786282709000518000,2427.1805178222658,111.49976787157357,1.6588569257432073,7.256841937360853,51.56747826292532,111.90976786799729,143.16410824706742,2.074712667657776,3,45.998321527771516,18.58053098584218
1786282710000540200,2428.1805400390626,111.52955107670277,1.6460776479490833,7.258184487325209,51.56734253166035,111.9395510731265,143.02782066424638,2.027320376657348,3,45.99848228608971,18.738602346721237
1786282711000561200,2429.180561035156,111.61073615867645,1.632053359218848,7.257984254818394,51.56720764088261,112.02073615510017,139.17236938157586,4.317202630286025,4.338989552312068,45.99867079220747,19.707863629700896
1786282712000583700,2430.1805837402344,111.96283814031631,1.6073413586745444,7.258809173267026,51.56707218776786,112.37283813674003,137.34401939823732,3.877113152498282,3.6036809069267544,45.99887489724515,20.59342174525417
1786282713000605700,2431.1806057128906,108.63830033825893,0.2822870910167694,0.9550652449211782,51.56693196975973,109.04830033468265,137.2057006510517,1.7662763141317444,3,45.999074672049545,21.37868309020996
1786282714000628000,2432.1806279296875,111.1638562604785,1.630328111446768,7.257787032898175,51.56677805386597,111.57385625690222,135.44782145867072,3.877112807377529,3,45.99932609707788,22.566520688295125
1786282715000651300,2433.1806513671877,107.51486956104449,0.2289753258228302,0.9340855718335435,51.56665110109504,107.92486955746821,130.59728772338926,1.5141089763176638,3,45.999537311061694,22.245033264160156
1786282716000673300,2434.180673339844,110.17960935458541,1.7640168586310945,7.257392879795813,51.566523402757355,110.58960935100913,127.74665096685585,3.877112771894943,3,45.999832947784284,22.504631052436668
1786282717000696800,2435.1806967773437,108.81352658197284,1.591142758136475,7.256201067976193,51.56639802080894,109.22352657839656,127.32247977863322,2.0000002123997516,3,46.000059592387515,22.112528370598543
1786282718000720400,2436.1807204589845,108.4951240811497,1.5785577953022536,7.256867580872286,51.56627884370923,108.90512407757342,126.82718748147508,2.000000218955219,3,46.000312745474446,21.98747018478499
1786282719000743400,2437.180743408203,108.11235126107931,1.6310707759147767,7.258492189493475,51.566159982156975,108.52235125750303,127.33546689088575,2.1511357261371145,3,46.00056099320056,21.80532365694944
1786282720000766700,2438.1807666015625,108.13289308361709,1.5985357472963415,7.258974516952177,51.566045959523166,108.54289308004081,126.7660385263585,2.075568043468916,3,46.0008120462932,21.593143985828508
1786282721000790000,2439.1807900390627,108.2199200252071,1.5965381821322098,7.258606619502369,51.56592872255116,108.62992002163082,127.47993700510821,2.0222136515141718,3,46.00105582807391,21.304783361714204
1786282722000813600,2440.1808134765624,108.56044048350304,1.585552921011429,7.2578717809721915,51.565811246165126,108.97044047992676,128.93928674374445,2.0111069750955113,3,46.00129026994129,20.86712821807308
1786282723000837600,2441.180837646484,108.52800718229264,1.617219718483094,7.2585773226687245,51.56568980425276,108.93800717871636,131.63375227432718,2.009388850047311,3,46.0015088251892,20.256479471371787
1786282724000862200,2442.1808623046877,108.4068412873894,1.6467678429237806,7.258693836969698,51.56556443368951,108.81684128381312,136.53464548967622,2.0046944895480934,3,46.001696323701786,19.0165714088868
1786282725000885500,2443.180885498047,108.50728710368276,1.6713659181463036,7.937101105401002,51.56544393772141,108.91728710010648,140.90653215997295,2.0016862247655705,3,46.001851475379816,17.061658435409473
1786282726000908800,2444.1809086914063,108.58610558323562,1.7115646265549362,9.101543232306781,51.565333976144345,108.99610557965934,143.24425835278828,2.000680209268213,3,46.00198162230487,15.23724918725786
1786282727000934700,2445.1809345703123,108.80461760982871,1.7275965703208056,9.590735305782921,51.56522877143747,109.21461760625243,142.7741889315052,2.0003018585323415,3,46.002110555250496,14.595044765396674
1786282728000957400,2446.180957519531,109.10493825189769,1.711748272994946,9.406352179141287,51.565123867915645,109.51493824832141,142.5244638522597,2.040321208427963,3,46.00223949272991,14.74346598876827
1786282729000982800,2447.1809826660156,109.23132762312889,1.678963410551463,9.2328637500022,51.56501839970843,109.64132761955261,142.87860156656467,2.0185321093962254,3,46.002366860492735,14.7332780853617
1786282730001007000,2448.181007080078,109.66548439115286,1.6822620697451096,9.131534290191643,51.564910869846855,110.07548438757658,142.7259616004122,2.0084836194816935,3,46.002496406626506,14.925821024868295
1786282731001031400,2449.181031494141,109.84571607969701,1.3688366089661996,7.39851845407613,51.56479602722456,110.25571607612073,142.5926725595405,2.00383490834758,3,46.00263571464546,14.991455581212659
1786282732001055700,2450.1810556640626,109.71511425077915,1.7228276238895321,9.459538497398697,51.56469220489174,110.12511424720287,145.80842043957253,2.003834867669865,3,46.002749821494724,14.75704016194921
1786282733001080300,2451.1810803222656,109.90914833545685,1.6934995955674408,9.146443879588515,51.56457443171053,110.31914833188057,149.61195729883497,2.000356674412456,3,46.00286160664738,15.002228531030765
1786282734001105000,2452.1811049804687,110.1338838012889,1.6743170066095012,9.050854396003238,51.56445229574512,110.54388379771262,154.24455036138374,2.0001783268363837,3,46.00295468085961,14.988462976559143
1786282735001129200,2453.1811291503905,110.3187465928495,1.6805706143817007,8.90659362437278,51.56432483296451,110.72874658927321,158.11067092151723,2.00008049592614,3,46.00303791432007,15.288667580214888
1786282736001154000,2454.181154052734,110.20787606202066,1.700652215553835,8.738968920199323,51.564189116004904,110.61787605844438,161.9748809976925,2.078710495840501,3,46.003109840025616,15.768576456863423
1786282737001178600,2455.1811787109373,110.24182330071926,1.6861986798767756,8.561514213267456,51.56405150851725,110.65182329714298,166.1869738470664,2.034362081149995,3,46.00316706919567,15.958579261193142
1786282738001204500,2456.1812045898437,110.50136266089976,1.4699402383367508,7.507943883939431,51.56392150616532,110.91136265732348,167.52981340783245,2.0149175003836337,3,46.003237430780864,15.864130964908354
1786282739001229300,2457.1812292480467,109.95946719963104,1.661150173520499,8.297653686608957,51.563763849630774,110.36946719605476,177.5879164124896,2.0149174932013776,3,46.003200552766884,16.220202058413314
1786282740001253400,2458.181253417969,109.40147811174393,1.696139432605419,8.266654466280947,51.563614606335186,109.81147810816765,181.19635767818096,2.000633183738409,3,46.003194952519394,16.622815440773035
1786282741001279000,2459.181279052734,108.79208751115948,1.6642672872194753,7.933961573976866,51.563460690567446,109.2020875075832,182.66551860903678,2.53294983418213,3,46.00318016353655,16.99240886194165
1786282742001303600,2460.181303466797,108.67050744779408,1.6345113707141778,7.454889793747433,51.5633009714304,109.0805074442178,184.44135846689093,2.5329497745308656,3,46.00315915764051,17.76254627775709
1786282743001328400,2461.181328369141,108.26865387056023,1.4590754448099341,7.258939675727933,51.56313435153101,108.67865386698395,184.23353690986193,2.0000000222388445,3,46.00313439099666,18.115125185942468
1786282744001353000,2462.181353027344,105.99344363711049,0.20227636396884918,0.9253743058774269,51.56295347264302,106.40344363353421,185.28332389896678,1.5441980333709422,3,46.00307999874367,20.66227149963379
1786282745001378600,2463.181378662109,106.56725846603513,1.6060839009235066,7.255820705291947,51.56275630219739,106.97725846245885,184.96779932528108,2.0000001303083166,3,46.00307825472566,21.392618200043398
1786282746001404000,2464.1814038085936,106.45504059735686,1.5865954150558623,7.25676332293656,51.56255871808027,106.86504059378058,184.2635471359946,2.000000087992494,3,46.0030575199162,21.832023264332133
1786282747001429500,2465.1814294433593,105.64083997439593,1.5939151335035677,7.256091908135024,51.56235959879489,106.05083997081965,184.3212870521764,2.0000000953096135,3,46.003031393016485,22.172225249192326
1786282748001453800,2466.1814538574217,105.07735986914486,1.5917811976838996,7.256316830486915,51.56216007646904,105.48735986556858,184.67642160063332,2.0000001982674758,3,46.00300433636964,22.27915056699681
1786282749001479200,2467.181479248047,102.03086859125514,0.14653751254081726,0.8896563118605212,51.561965106316435,102.44086858767886,185.39006609531575,1.5126998689073394,3,46.00294925792748,22.479339599609375
1786282750001504300,2468.1815041503905,101.5685851312163,0.18486924469470978,0.9009268176821298,51.56176104635603,101.97858512764002,185.5401253513809,1.5553239603950735,3,46.00291930786932,22.693893432617188
1786282751001528800,2469.1815288085936,103.92024397011846,1.61320240908693,7.258364047756818,51.561549106589155,104.33024396654218,185.5350560379526,2.000000042977391,3,46.002910475831555,22.643028557876885
1786282752001554400,2470.1815544433593,103.69229960627854,1.6153331623908236,7.258413006415506,51.5613524406007,104.10229960270226,185.3468246390238,2.0000002023322345,3,46.002881726376465,22.31223880813868
1786282753001579800,2471.1815798339844,103.6531641529873,1.6252227318675792,7.258885008410109,51.5611621155997,104.06316414941102,185.1488900565156,2.0000001943749623,3,46.00285258816886,21.21849644490357
1786282754001605600,2472.181605712891,103.50559271126986,1.6237398718203502,7.25883443272635,51.560990085118135,103.91559270769358,184.41500997172267,2.000000202948001,3,46.0028320802802,19.50159419612918
1786282755001630000,2473.1816298828126,103.27226566988975,1.6319606454338345,7.258642070849345,51.560823529370566,103.68226566631347,181.83016768099768,2.0000001878865996,3,46.00282316557518,18.544249519215033
1786282756001654500,2474.1816545410156,103.10102808661759,1.6562087484238772,7.361222800827632,51.560659635742276,103.51102808304131,176.23698403784468,2.000000218023055,3,46.00284076109996,18.22988504588554
1786282757001681000,2475.181680908203,103.09774345625192,1.6481701386925565,7.34081201109613,51.56049833409217,103.50774345267564,168.08181478516093,2.000000199784414,3,46.00289347812345,18.191184177811582
1786282758001705700,2476.181705810547,102.73770580999553,1.6443121413189528,7.257830769516463,51.56033927186276,103.14770580641925,160.74558350578116,2.0000002407204347,3,46.00298098806069,18.56939193748122
1786282759001730600,2477.18173046875,102.14970151055604,1.6356387339946985,7.257005982621955,51.5601830700246,102.55970150697976,155.67810513778753,2.5131283815768324,3.0233570640466185,46.00309312723121,19.07414907355805
1786282760001756700,2478.181756591797,101.65728041436523,1.3704692418145814,7.258942557208562,51.56001158511256,102.06728041078895,155.5580834379787,2.849550521346724,3,46.00315662045261,19.014410384749844
1786282761001781500,2479.1817814941405,101.1367038199678,1.6348552109193908,7.2564970927820776,51.55987339268583,101.54670381639153,152.06541536807475,2.849550672578448,3.081218200117461,46.00335064883016,19.35241553290399
1786282762001806800,2480.1818068847656,100.85375480446965,1.6363243063091601,7.257530422169088,51.55972530991432,101.26375480089337,151.69410832973108,2.1235266551019087,3,46.00348413685345,19.122472371241294
1786282763001832400,2481.1818325195313,100.6040019262582,1.6347063458086057,7.257572046490803,51.55957746585626,101.01400192268193,151.7849664714098,2.570306374839695,3.088371240390529,46.00361460748051,18.905410962305503
1786282764001857800,2482.1818579101564,100.27962196990848,1.6279098674636236,7.257902080377451,51.559434504883704,100.6896219663322,148.65616651982418,2.205676499677673,3,46.00375601168498,18.700586571727285
1786282765001883400,2483.1818833007815,100.11562222987413,1.6238941785856678,7.2579141503118665,51.5592884911449,100.52562222629786,150.88340270522303,2.0751883331024965,3,46.00388583659269,18.656037012072684
1786282766001908500,2484.1819084472654,99.76314709987491,1.603131122797365,7.258295441338602,51.55914009770766,100.17314709629864,151.49156088334155,2.0951332958640183,3,46.00401541150229,18.761474053936222
1786282767001934000,2485.181934082031,99.38355853967369,1.6318934852375238,7.2577661256249835,51.55899243269766,99.79355853609741,151.89807193650373,2.034558390481038,3,46.004142358521634,18.602333556226622
1786282768001959400,2486.181959472656,99.08892421983182,1.637094514234316,7.442600876590576,51.55885216128863,99.49892421625555,151.47866966908128,2.0127278316106247,3,46.00426504653448,17.820483134828574
1786282769001984500,2487.1819846191406,98.76870849635452,1.6635510928364179,7.876253556221599,51.55871790053768,99.17870849277824,151.27767583651755,2.0049462896056567,3,46.004382615212215,17.111733669927347
1786282770002009600,2488.1820095214844,98.21587556041777,1.6784281896926616,8.05790971133484,51.558582621087005,98.62587555684149,151.57160759936457,2.001964763067164,3,46.00449838860716,16.876140013369795
1786282771002035200,2489.18203515625,97.91368692182004,1.6427660933587895,7.979018162472062,51.558450975305476,98.32368691824377,151.32385879440827,2.0007992597213016,3,46.00461466482495,16.681569469851965
1786282772002060000,2490.182060058594,97.6954460144043,1.6667540870418476,8.22092728781211,51.5583205692465,98.10544601082802,151.7854221221356,2.0003305134788913,3,46.00472598284977,16.427025536415478
1786282773002085000,2491.1820852050782,97.40841648541391,1.671155208630848,8.3791370827214,51.55819380104218,97.81841648183763,150.8474214669317,2.000138058322649,3,46.00484081497139,16.159194137488672
1786282774002111500,2492.1821115722655,97.27721572387964,1.6565538314632196,8.431565800740673,51.55806838234285,97.68721572030336,151.25127357618436,2.0000587516527433,3,46.00495134903917,15.91895782157524
1786282775002136800,2493.18213671875,97.15025421977043,1.7009118586921887,8.786403817385686,51.55794509151493,97.56025421619415,151.55711265086225,2.000025439386166,3,46.00506018999496,15.684913438224264
1786282776002162000,2494.1821618652343,96.99232050497085,1.6945401325454346,8.783383761827945,51.55782046236767,97.40232050139457,152.43334843754496,2.00001113353302,3,46.00516446195145,15.631366675315295
1786282777002187000,2495.1821870117187,96.83587938454002,1.6937211714132363,8.876896262941578,51.55769734199251,97.24587938096374,152.61530369401112,2.0000049708612053,3,46.00526731986908,15.45989232903432
1786282778002213000,2496.182213134766,96.76940124854445,1.6525114423705185,8.569344747697267,51.55757308374839,97.17940124496818,152.8101564108618,2.00000227180889,3,46.00536994714502,15.624862586730703
1786282779002238200,2497.18223828125,96.67812534887344,1.6875292874617016,8.653955193618968,51.557447497930475,97.08812534529716,151.74306959348652,2.0000010980864262,3,46.005478408096785,15.799992378392675
1786282780002263800,2498.1822639160155,96.51804553437978,1.6844994267700937,8.76133483551026,51.55732492596585,96.9280455308035,151.04570532731833,2.0000005741815343,3,46.00558852340128,15.5782051843447
1786282781002289000,2499.182288818359,96.36979506909847,1.659249337565784,8.74038148943223,51.55720588303318,96.7797950655222,150.527930641555,2.086867876783014,3,46.00569918611685,15.381728351325028
1786282782002314000,2500.1823139648436,95.91392535530031,1.6762897854197025,8.717781825591812,51.55707980852946,96.32392535172403,152.53131362129855,2.3034799591239032,3,46.00580236926666,15.577970372608352
1786282783002339600,2501.1823395996093,95.62177191581577,1.738670494604259,10.423095149451397,51.5569690441624,96.03177191223949,153.23227408222505,2.5598414480716625,3,46.00589198668611,13.514659587253163
1786282784002365000,2502.1823649902344,95.46010605432093,1.786509876533734,12.761885567341904,51.55687965201066,95.87010605074465,153.0052465524311,2.489911512915817,3,46.0059645720612,11.341187930462285
1786282785002390000,2503.182390136719,95.36513881850988,1.825732793833574,13.963513313372413,51.55679395961697,95.7751388149336,152.97070171038882,2.5094685805955836,3,46.006034622226515,10.591206192182616
1786282786002416400,2504.182416503906,95.2949814805761,1.9437414873142593,19.994653675924496,51.55672994388009,95.70498147699982,151.92015231729155,2.2946739607310676,3,46.00609099654427,7.8521938136691025
1786282787002442200,2505.182442138672,95.44240361917764,2.0139572599825017,22.539538224672963,51.55666895209053,95.85240361560136,151.60780333627582,2.796551091400288,3,46.00614285618777,7.225832320932698
1786282788002467000,2506.1824670410156,95.40055548865348,2.002584927665321,22.504803215956347,51.55660910421781,95.8105554850772,150.95957308196594,2.969508691378766,3.0774566910594863,46.006195734359196,7.1939180299745065
1786282789002492000,2507.1824919433593,95.35142601840198,2.106202714936985,27.198055729727805,51.55655799958086,95.7614260148257,150.53967776095723,2.679952263870426,3,46.00624199305085,6.253114377898272
1786282790002517800,2508.1825178222657,95.32402995601296,2.16934482808122,33.16765512960034,51.55651678702262,95.73402995243669,150.52049328450997,2.728438359916174,3,46.006279836121614,5.271893580072631
1786282791002542800,2509.18254296875,95.40111637767404,2.2633260892468514,40.6980969477753,51.55648324281965,95.81111637409776,150.70199739001214,2.6383350571522537,3,46.006310163741105,4.483619463772208
1786282792002568700,2510.182568603516,95.32000164873898,2.267487972085275,39.98297893014112,51.55644615519001,95.7300016451627,152.52055776174257,2.765507537448553,3,46.00633965752871,4.582925409840716
1786282793002593500,2511.1825935058596,95.30602784268558,2.1497484298746117,30.317170777805305,51.556396323176244,95.7160278391093,156.4792577389494,2.656149320121337,3,46.0063676974302,5.70970380421906
1786282794002619100,2512.182619140625,95.24240203108639,2.1041585160116227,27.45744492672095,51.556344689322856,95.6524020275101,156.5026730115132,2.574130677294347,3,46.00640288106782,6.188361299293714
1786282795002644700,2513.1826447753906,95.16897417418659,2.050757887876922,23.78943135855277,51.55629041728447,95.57897417061031,153.8122533398558,2.5782575091739655,3,46.00645098877422,6.951381139118945
1786282796002670000,2514.1826701660157,95.11859911959618,1.954719458385597,19.365675037399885,51.55622557589447,95.5285991160199,152.93628473224283,2.4790619413987747,3,46.00650736327022,8.14858692970788
1786282797002695700,2515.1826958007814,95.04281337931752,1.8642011845971458,14.85893346816799,51.55614346864665,95.45281337574124,153.29463956913975,2.351242284526768,3,46.006574471043244,10.13201629480349
1786282798002721300,2516.1827211914065,94.91308978386223,0.3079265913510099,7.2453157447740555,51.556041801879154,95.32308978028595,152.42856013747888,2.213697136958063,3,46.00665893272149,12.626846753075645
1786282799002745900,2517.1827458496095,94.68489053100348,0.3079425607359313,7.252638521647064,51.55592601802374,95.0948905274272,151.81661499301168,2.109208542951499,3,46.00675977753063,14.648153817723777
1786282800002772000,2518.182771972656,94.27806037291884,0.30788576649467025,7.2508662504315256,51.55579933136825,94.68806036934257,151.14090310719976,2.060047749642732,3,46.006872680944014,16.24296001447617
1786282801002796800,2519.182796875,94.05298324022442,0.30790339948187334,7.253121795740351,51.5556647703721,94.46298323664814,151.84467282172923,2.2426732836701855,3,46.006989269258604,17.137893557748605
1786282802002823400,2520.1828234863283,93.58370359055698,0.30788615066717717,7.252828473079703,51.5555286197351,93.9937035869807,152.60275735049436,2.1050563567798917,3,46.00710225075295,17.171293077646904
1786282803002847700,2521.18284765625,90.64712342313723,0.2597295343875885,0.9888861005352599,51.5554198159211,91.05712341956095,149.65030531881496,1.6864885095188964,3,46.00722293983865,17.003129959106445
1786282804002872800,2522.1828728027344,90.20065031886737,0.30172935128211975,0.9970646117361155,51.555287551163104,90.6106503152911,149.95979485048656,1.8553584553865294,3,46.00734776106354,17.003129959106445
1786282805002898700,2523.182898681641,89.95925972450358,0.33594492077827454,1.0025485065876953,51.55515874710846,90.3692597209273,150.9460741666364,2.021967569327818,3,46.00746322006522,16.827653884887695
1786282806002924800,2524.1829248046874,89.89349475496012,0.3532242774963379,1.003853499605991,51.555032737047284,90.30349475138384,150.70887535714022,2.162769640092467,3,46.007574195877424,16.2864933013916
1786282807000437200,2525.1804372558595,89.83963063298147,0.34608331322669983,1.0003773602052775,51.554909432993206,90.24963062940519,151.3122132872841,14,3,46.00768164542374,15.726143836975098
1786282808000429600,2526.1804296875,89.84810017982936,0.3361579477787018,0.9970192550111584,51.55478073066942,90.25810017625308,153.56911269473142,14,3.0335261821746826,46.00778773771822,15.574319839477539
1786282809000455000,2527.180454833984,89.58942987796448,0.30938398838043213,0.9916307693645472,51.55465335460739,89.9994298743882,155.42956060199452,2.029573608024303,3,46.007883870595826,15.727193832397461
1786282810000442400,2528.1804423828125,89.33645154687878,0.29833367466926575,0.994272131582638,51.554522391312034,89.7464515433025,155.69097926228758,1.9789897190829435,3,46.00797322096062,15.65351676940918
1786282811000429600,2529.1804296875,89.2419431512402,0.28627052903175354,0.994273625686519,51.55439351289794,89.65194314766393,155.85778614219763,1.9490928973116315,3,46.00806326818911,15.65351676940918
1786282812000450800,2530.1804509277345,89.22097244810294,0.23720186948776245,0.9804524177358809,51.554262943206616,89.63097244452666,156.04728291053047,14,3,46.00815489981901,15.921588897705078
1786282813000429600,2531.1804296875,89.22099238727242,0.3080157138839002,7.258974518680813,51.554132169467344,89.63099238369614,156.04735589758212,2.105056295478405,3.287158433046819,46.00824809103856,15.921588897655463
1786282814000411400,2532.180411376953,88.92044703941792,0.30801571388390026,7.258974518680101,51.55400156726042,89.33044703584164,155.9686177023119,2.1050562954791876,3.3666061750151393,46.008339023966656,15.921588897655461
1786282815000425200,2533.1804252929687,88.48121978994459,0.30801571388396826,7.258974518679326,51.55388401831594,88.89121978636831,155.60333755152996,2.105056295478786,3.4260300646771955,46.008420673519915,15.346684455827148
1786282816000398800,2534.1803989257814,88.03736980445683,0.30801571388400695,7.258974518680483,51.55376448852009,88.44736980088055,155.82384121143136,2.105056295478451,3.45185949276504,46.00850012571326,15.01007843013421
1786282817000373000,2535.180373046875,87.98196964059025,0.30801571388400695,7.258974518679877,51.55363984934424,88.39196963701397,156.27983706788027,2.105056295479884,3.6061341828804387,46.00858690288629,15.010078430134207
1786282818000293600,2536.1802937011716,87.59257869143039,0.3080157138839938,7.258974518679188,51.553513070449725,88.00257868785411,156.25559048756656,2.1050562954813468,3.7329087121006093,46.00867445274706,15.125235557513612
1786282819000269300,2537.1802692871092,87.1811528140679,0.3080157138839938,7.258974518679089,51.55339221862795,87.59115281049162,156.58682643394812,2.105056295481158,3.71406003692891,46.008751982181046,15.125235557513616
1786282820000245500,2538.180245605469,86.57003539055586,0.30801571388411786,7.2589745186787304,51.5532889457145,86.98003538697958,155.61268860702285,2.1050562954784167,3.651611967141562,46.0088274351637,14.000978469814896
1786282821000262000,2539.1802619628907,85.62319870106876,0.30801571388416904,7.258974518679893,51.55318293782178,86.03319869749248,154.9293275455198,2.10505629547916,3.854117374964849,46.008903114227394,13.509881973236286
1786282822000277000,2540.180277099609,85.2007314292714,0.30801571388421634,7.258974518678461,51.55308540211057,85.61073142569512,154.84185809213292,2.10505629547851,3.889661511593269,46.008975383131364,13.038762092563083
1786282823000292900,2541.18029296875,84.5774168483913,0.3080157138843576,7.258974518681224,51.55300522692051,84.98741684481502,151.35585225479704,2.1050562954757384,3.8965823888662774,46.00904861322972,11.521006584148687
1786282824000309500,2542.1803095703126,83.9043602431193,0.30801571388435756,7.258974518679934,51.55291331884395,84.31436023954302,150.9933748363369,2.105056295475833,3.9123174496059367,46.00912926138293,11.521006584148687
1786282825000326400,2543.1803264160158,82.90119078755379,0.30801571388437093,7.258974518679875,51.55282372886572,83.31119078397751,153.04112895709818,2.105056295475658,3.927990888653898,46.00920045179161,11.366963386517591
1786282826000344800,2544.1803447265625,82.01031901035458,0.30801571388437887,7.2589745186812635,51.55273678748954,82.4203190067783,154.35998073743505,2.10505629547569,3.9612907707257046,46.00926494458276,11.273180961591276
1786282827000362500,2545.1803625488283,81.37659909762442,0.30801571388456406,7.258974518679891,51.5526778228827,81.78659909404814,154.68210739414548,2.10505629547211,4.0347520416488845,46.00931177760108,8.84203624724492
1786282828000380700,2546.1803806152343,80.94856709521264,0.308015713884564,7.258974518680632,51.552612668945144,81.35856709163636,155.33723078382602,2.105056295472303,4.086702601055834,46.00935816843528,8.842036247244918
1786282829000400100,2547.1804001464843,80.57690100930631,0.3080157138846941,7.258974518676484,51.55258461212422,80.98690100573003,156.03153553843282,2.105056295469535,4.152081312078615,46.00937682831895,6.619906425472506
1786282830000419300,2548.1804194335937,80.47493726667017,0.3080157138847742,7.258974518672997,51.55256412501378,80.88493726309389,156.36697097735245,2.1050562954676897,4.161642915189429,46.009390825065296,4.761663913725479
1786282831000438300,2549.1804382324217,80.42689977120608,0.3080157138848337,9.452183913000797,51.5525549720251,80.8368997676298,156.59178377530435,2.1050562954662877,4.11158766958632,46.00939591002997,2.6404523849485035
1786282832000458800,2550.1804587402344,80.31349008902907,0.30801571388483373,9.452183912958514,51.55253723579906,80.7234900854528,156.77940898214032,2.1050562954662713,4.06183748856587,46.00940777241443,2.640452384948504
1786282833000478700,2551.1804787597657,84.94942812621593,1.2687769668642497,50.17622532364058,51.552512091452854,85.35942812263966,157.8523114481776,1.9999999992020834,3,46.009425899681666,2.0489135506042637
1786282834000499200,2552.180499267578,84.97042518109083,1.1545158495241359,54.47813894133401,51.552501352069534,85.38042517751455,156.54895477221208,2.0000000004425575,3,46.009430959293056,1.7171698940875018
1786282835000519000,2553.180518798828,85.2499120356515,1.1510554156639219,90.20005766421562,51.55249738329007,85.65991203207523,150.46377674685155,2.338598591314479,3,46.00943306899364,1.0339947388833601
1786282836000539600,2554.1805395507813,85.3582401573658,1.2641078788617086,83.22883463407955,51.55248673147459,85.76824015378952,155.0324093089268,2.2539489435415363,3,46.00943965417639,1.2306792644920657
1786282837000560600,2555.180560546875,85.32588127441704,1.2649353892293482,40.25644960638737,51.55245945672084,85.73588127084076,157.9100060133152,2.2117984592509274,3,46.00945760348223,2.5460709594537314
1786282838000582100,2556.18058203125,85.37481890898198,1.2667364853421033,21.685441910890894,51.55241093479191,85.7848189054057,156.9812431197516,2.176498705275256,3,46.00949111628595,4.733208177652798
1786282839000604000,2557.1806040039064,85.26143063977361,1.2642366409518733,15.46628284853625,51.552349314324736,85.67143063619733,156.10437532699254,2.1755499154592313,3,46.00954076587802,6.623373528268237
1786282840000626200,2558.1806262207033,85.19895205833018,1.2658013510833561,12.025227142364765,51.552269919671986,85.6089520547539,156.41837931149834,2.13401864270128,3,46.00960442154585,8.529208437802724
1786282841000646700,2559.1806467285155,85.27019909769297,1.2636378693592594,10.077942966733843,51.552172491932495,85.68019909411669,156.88797651102064,2.082543865472552,3,46.009672944100565,10.159862588023925
1786282842000668700,2560.1806687011717,85.11344974115491,0.523029952437306,7.2589067308054585,51.5520661018035,85.52344973757863,156.6780734012439,2.053099735720971,3,46.009751451856715,11.754163163633882
1786282843000690700,2561.180690673828,81.06739503628654,0.1884831190109253,1.0154096460731235,51.551926522764575,81.47739503271026,156.27901756869068,1.5057586794009674,3,46.009836095366644,14.398509979248047
1786282844000713500,2562.180713378906,81.4313630868248,0.22218377888202667,1.0187740478478837,51.55180396835694,81.84136308324852,155.33889667095178,1.5913095160998578,3,46.00992404668182,14.398509979248047
1786282845000735700,2563.1807358398437,81.54162438532398,0.22444379329681396,1.008886922137467,51.551680856494535,81.9516243817477,155.225051077866,1.6577354265209574,3,46.01001504198247,14.63306999206543
1786282846000757500,2564.1807575683592,81.51309594416848,0.1777561753988266,0.9863604246462361,51.551567213312794,81.9230959405922,156.6469461989009,1.6668185425220943,3,46.01009468606971,13.685636520385742
1786282847000780800,2565.180780761719,81.3979280237142,0.16722428798675537,0.9793456069252214,51.551456996143536,81.80792802013792,156.46574128022047,14,3,46.01017125361369,13.685636520385742
1786282848000804400,2566.180804443359,80.70742702253949,0.16567952930927277,0.9757956161041074,51.55135391441593,81.11742701896321,155.70324628203693,14,3,46.01024483272901,13.162674903869629
1786282849000826400,2567.1808264160154,80.28906606996065,0.17192339897155762,0.9754821744542272,51.55125277756826,80.69906606638438,155.81250198800046,14,3,46.01031732143198,12.488266944885254
1786282850000849200,2568.1808491210936,80.42195688460194,0.17633694410324097,0.9751225223057437,51.55114920842713,80.83195688102566,156.45904769483386,14,3,46.010388004193494,12.557577133178711
1786282851000872700,2569.1808728027345,80.44743316646921,0.2043730467557907,0.9844065636567894,51.55104784696875,80.85743316289293,155.7439951906252,14,3,46.01045640599539,12.557577133178711
1786282852000895200,2570.180895263672,80.41319423291581,0.1877659410238266,0.9772725377904168,51.55095124709569,80.82319422933953,155.81966002625063,14,3,46.0105235520942,11.85489559173584
1786282853000917500,2571.180917480469,80.30714032449094,0.2220662385225296,0.9912465712237339,51.55085438344403,80.71714032091467,155.9279731661087,14,3,46.0105910072827,11.85489559173584
1786282854000940300,2572.1809401855467,80.30715140886605,0.3080157138843279,7.258974518679455,51.55075709867838,80.71715140528977,155.9280277607797,2.0530996459633797,3.464597731450929,46.010660718046196,11.854895591715358
1786282855000965000,2573.1809650878904,80.06413128599524,0.3080157138842459,7.2589745186802155,51.55064974090152,80.47413128241897,155.58013009664603,2.0530996459643145,3.412512760899955,46.010741828435656,12.735525131200193
1786282856000987100,2574.180987060547,79.52734979707748,0.3080157138841518,7.2589745186782295,51.55053019751985,79.9373497935012,156.4286467991579,2.05309964596683,3.5529939049819843,46.01082203741726,13.676319122283003
1786282857001011000,2575.181010986328,78.75250213500112,0.30801571388415183,7.258974518679403,51.55041075592772,79.16250213142484,156.1085302826967,2.0530996459683424,3.738221281859298,46.01089972390739,13.676319122283006
1786282858001034800,2576.1810346679686,78.49803161155432,0.3080157138841085,7.258974518679771,51.550290379848114,78.90803160797805,156.28938145602098,2.0530996459707063,3.9089295843827276,46.01098436316727,14.08836078640361
1786282859001058300,2577.1810583496094,78.3326731948182,0.30801571388415855,7.25897451867864,51.55017757835753,78.74267319124192,156.61226885878628,2.053099645970914,4.050398899273639,46.011056390147715,13.611291885344976
1786282860001081300,2578.1810812988283,77.92147696787168,0.1677260547876358,0.9564108989093765,51.55009191831427,78.3314769642954,157.1233245727526,1.406748458761851,3,46.011116674078934,12.190739631652832
1786282861001105700,2579.1811057128907,77.92148868646473,0.30801571388429727,7.258974518680791,51.549990966876116,78.33148868288845,157.1233780787783,2.0530996459702364,4.378393947753988,46.011184995498276,12.190739631630557
1786282862001129700,2580.181129638672,77.83231922797859,0.30801571388446924,7.258974518680678,51.549930531605625,78.24231922440231,157.98808317238877,2.0530996459661592,4.480776239697858,46.01122070808685,10.159416198717576
1786282863001153000,2581.181153076172,77.58829508535564,0.3080157138846434,7.258974518680352,51.54988561280752,77.99829508177936,157.4673939283818,2.0530996459613107,4.513752818455506,46.01125088826709,7.564319133753222
1786282864001176300,2582.181176269531,77.31780639197677,0.3080157138846434,7.2589745186784995,51.54982490738173,77.7278063884005,156.04749516712226,2.053099645961457,4.560993994077198,46.01129681767341,7.564319133753223
1786282865001200400,2583.1812004394533,77.25396213680506,0.30801571388466603,7.258974518679514,51.54977027621446,77.66396213322878,156.65021573908794,2.0530996459608675,4.589207512319119,46.01133246386575,7.15800142287757
1786282866001224000,2584.181223876953,77.41080267727375,0.3080157138846984,7.25897451867866,51.54972464098968,77.82080267369747,156.55266430282083,2.0530996459599677,4.618886209471372,46.0113648559017,6.534562110897448
1786282867001247700,2585.1812478027346,77.41701938118786,0.3080157138847969,7.258974518679222,51.54970412531835,77.82701937761158,156.92174277700303,2.0530996459569906,4.640068196714533,46.01137901719026,4.082567691802141
1786282868001272000,2586.1812719726563,77.56993472669274,0.308015713884797,7.258974518680954,51.54967782526733,77.97993472311646,157.30335882347143,2.053099645956961,4.607987807867719,46.01139647763118,4.082567691802142
1786282869001295600,2587.1812956542967,77.42985493410379,0.30801571388484245,11.568775301285916,51.54968025771998,77.83985493052751,157.4610867634652,2.053099645955587,4.613117561501773,46.0113927905763,2.1573624610899644
1786282870001320000,2588.181319824219,77.4693135144189,0.30801571388486,169.45454261416432,51.54969489517214,77.87931351084262,157.49450500950428,2.0530996459550543,4.58529869480842,46.01138160960413,0.14728458225727076
1786282871001343500,2589.1813435058593,77.48257681634277,0.30801571388486,180,51.54969648193346,77.89257681276649,157.49977782917418,2.0530996459550543,4.549906456986552,46.01138050203443,0.12732708454132075
1786282872001367600,2590.1813674316404,77.58762699645013,0.3080157138848601,-1,51.54969626266013,77.99762699287385,-1,2.053099645955052,4.222933239043337,46.011380435475076,0.0017527819145470858
1786282873001391400,2591.181391357422,77.54542879853398,0.3080157138848601,-1,51.54969613396117,77.9554287949577,-1,2.053099645955052,3.877168115703291,46.011380281781605,0.0026350494008511305
1786282874001414700,2592.181414550781,79.96045280247927,1.0618743465703553,-1,51.5496902859907,80.37045279890299,-1,2.5827711390428187,3,46.011395102106825,0.01536558017563978
1786282875001439200,2593.1814392089846,80.02754523884505,0.9019093155390671,-1,51.549691046525325,80.43754523526877,-1,2.291385569521409,3,46.01139041658544,0.008093678395123031
1786282876001463300,2594.1814633789063,80.00120354257524,0.3080157138848601,-1,51.54969432959424,80.41120353899896,-1,2.194257046347606,3,46.011390149691145,0.020416232991902383
1786282877001487000,2595.1814870605467,80.13488990906626,0.8753461877846778,180,51.5496994482176,80.54488990548998,155.24299993533555,2.145692784981191,3,46.01139484639831,0.010724253378008893
1786282878001512000,2596.1815119628905,80.24683949816972,0.8809037848579903,180,51.549700296325256,80.65683949459344,155.2430002418216,2.1165542280869047,3,46.01139533986553,0.016598182957325895
1786282879001536000,2597.181535888672,80.2535252859816,0.8802730453345485,180,51.54970012083966,80.66352528240532,155.24299991378967,2.0971285239714517,3,46.011394866056186,0.047137037295067234
1786282880001560300,2598.1815603027344,80.24531995411962,0.8781391894169676,180,51.549700072813266,80.65531995054334,155.24299967754473,2.08325301986326,3,46.01139453063972,0
1786282881001584000,2599.1815842285155,80.24531995411962,0.8826261051892439,180,51.549700072813266,80.65531995054334,155.24299967754473,2.0856189982158675,3,46.01139453063972,0
1786282882001608000,2600.1816079101563,80.24531995411962,0.8835569907500262,180,51.549700072813266,80.65531995054334,155.24299967754473,2.0761057761918824,3,46.01139453063972,0
1786282883001632300,2601.1816323242188,80.24531995411962,0.8766165167964947,180,51.549700072813266,80.65531995054334,155.24299967754473,2.073211655582949,3,46.01139453063972,0
1786282884001656300,2602.18165625,80.24531995411962,0.8658042299741701,180,51.549700072813266,80.65531995054334,155.24299967754473,2.0665560505299534,3,46.01139453063972,0
1786282885001680400,2603.181680419922,80.24531995411962,0.8602285574774493,180,51.549700072813266,80.65531995054334,155.24299967754473,2.0610097129857907,3,46.01139453063972,0
1786282886001704700,2604.181704589844,80.24531995411962,0.8744488295531203,180,51.549700072813266,80.65531995054334,155.24299967754473,2.0563166581407297,3,46.01139453063972,0
1786282887001729300,2605.181729248047,80.24531995411962,0.8689577898752657,180,51.549700072813266,80.65531995054334,155.24299967754473,2.0522940397021063,3,46.01139453063972,0
1786282888001752600,2606.181752685547,80.24531995411962,0.863885984313253,180,51.549700072813266,80.65531995054334,155.24299967754473,2.0488077703886325,3,46.01139453063972,0
1786282889001777200,2607.1817770996095,79.42124659009278,0.8628985992395029,180,51.54969804965188,79.8312465865165,155.24300122841592,2.045757289606233,3,46.01139655897649,0.36001092350245995
1786282890001801500,2608.181801513672,79.45036631636322,0.629620073740743,26.596931801231126,51.54968033710355,79.86036631278694,155.83858118783155,2.04306570585186,3,46.01140927481364,1.9124269128280311
1786282891001825500,2609.181825439453,79.3309642104432,0.6396790446340257,15.29099982433552,51.54964869779926,79.74096420686692,157.13617296126253,2.040673200224909,3,46.01142993068779,3.37244886210742
1786282892001849300,2610.1818493652345,79.46417217608541,0.6442689450175397,10.884126695398994,51.5496049941982,79.87417217250913,158.11746889003666,2.0385325304924176,3,46.011457000861185,4.794198361749263
1786282893001874400,2611.181874511719,79.16798061411828,0.6384358045640358,8.75101467923061,51.54955297954212,79.577980610542,157.87782665994712,2.0366059382709953,3,46.01149143677621,5.904807861775865
1786282894001898500,2612.1818984375,79.04042639862746,0.6248203506548974,7.894201230425197,51.54949705777773,79.45042639505118,158.56533052630493,2.034267099497626,3,46.01152573153605,6.408429438849148
1786282895001922000,2613.181922119141,76.45085093765356,0.16492050886154175,1.0351853915978377,51.54943731477791,76.86085093407728,168.1215820422523,1.4835925193131085,3,46.011542765843366,7.662045478820801
1786282896001946400,2614.1819462890626,76.44092341720167,0.19078658521175385,1.035237898677082,51.5493825942436,76.8509234136254,170.02246466940187,1.4759558345957466,3,46.011556834375156,7.267945289611816
1786282897001970700,2615.181970703125,77.27933586103077,0.1875946968793869,1.0169905147008642,51.54934265800996,77.6893358574545,165.48053913550513,1.4347729744469229,3,46.0115684428738,5.54178524017334
1786282898001994500,2616.1819943847654,77.43793557614588,0.16187289357185364,1.0041042956145771,51.54930977758595,77.8479355725696,155.72160583052593,1.3807532307628592,3,46.01158917980745,3.833064556121826
1786282899002019000,2617.182019042969,77.56364717367431,0.14707112312316895,1.004559997298264,51.549278408204195,77.97364717009803,147.96022965020865,1.3381327907815195,3,46.01162055852064,4.002528190612793
1786282900002043100,2618.1820432128907,77.37443641394088,0.17653945088386536,1.01981490464437,51.54924704820647,77.7844364103646,136.27986850905646,1.349667001490366,3,46.01166671841772,4.002528190612793
1786282902002093000,2620.182093017578,76.99767401140421,0.20049400627613068,1.0168512428748193,51.549183075525725,77.40767400782794,113.79036417614392,1.3997676837809339,3,46.0118478813153,8.952393531799316
1786282903002116400,2621.182116455078,76.99768035020679,0.3080157138845576,7.258974518680561,51.54915061712964,77.40768034663051,113.79045665942083,2.0342669139845007,4.35986686407795,46.01196597390837,8.952393531790527
1786282904002140700,2622.182140625,76.23522942885756,0.30801571388440013,7.258974518677353,51.5491096492441,76.64522942528129,110.68572268057684,2.0342669139883127,4.289770322661838,46.01213343506601,11.040868759138785
1786282905002164500,2623.182164550781,75.79342098347843,0.30801571388440024,7.258974518682997,51.54907405221069,76.20342097990215,109.02706710766942,2.0342669139872296,4.114402893980794,46.01230327206112,11.04086875913879
1786282906002189600,2624.182189453125,75.49063133168966,0.308015713884248,7.258974518680133,51.54903258134235,75.90063132811338,108.22586370049083,2.0342669139902267,4.037283491498789,46.01250317810438,12.738739967320875
1786282907002214000,2625.1822138671873,75.40015331748873,0.3080157138842343,7.258974518681145,51.548996140996636,75.81015331391245,108.2166717885115,2.0342669139887732,3.8122310496557317,46.01267831159582,12.880066871616897
1786282908002237000,2626.182236816406,75.18702872656286,0.30801571388416943,7.258974518679294,51.54895337633651,75.59702872298658,109.69621257536365,2.0342669139899083,3.79368175965245,46.01286522633148,13.531048774688896
1786282909002261800,2627.18226171875,74.7652716692537,0.3080157138841694,7.258974518679735,51.5489112526018,75.17527166567743,110.14436137022923,2.034266913990205,3.8290027757014267,46.013050128004814,13.531048774688895
1786282910002286300,2628.182286376953,74.50342445261776,0.3080157138841693,7.258974518678815,51.5488695844101,74.91342444904149,110.53026670043737,2.034266913989338,3.7247679248296937,46.01323264518656,13.531048774688896
1786282911002310400,2629.1823103027345,74.5587187409401,0.3080157138842777,7.2589745186803425,51.54883205410072,74.96871873736382,110.90350402515375,2.034266913986899,3.666912976545217,46.01338953986062,12.424481391883248
1786282912002334700,2630.182334716797,74.36513071972877,0.3080157138842777,7.258974518678336,51.54879537650361,74.77513071615249,110.61537274486889,2.034266913986533,3.612760985266453,46.013554501327604,12.42448139188325
1786282913002359300,2631.182359375,74.20253910683095,0.308015713884328,7.258974518678558,51.54876050506597,74.61253910325468,110.66892924785255,2.03426691398536,3.564971826704717,46.013706806018966,11.875963211039055
1786282914002383400,2632.182383300781,74.02493024524301,0.3080157138843477,7.258974518682049,51.54872244660915,74.43493024166673,111.51976286467753,2.0342669139852387,3.601268720497471,46.01385888731693,11.653983116130513
1786282915002408200,2633.182408203125,73.85471316799521,0.3080157138842862,7.258974518679576,51.54868027697478,74.26471316441894,111.37275713513135,2.0342669139864027,3.6156669783571243,46.01403140079912,12.333010673499972
1786282916002431700,2634.182431640625,73.59193392191082,0.30801571388426846,7.258974518679306,51.548638514446296,74.00193391833454,111.10050120363296,2.0342669139868357,3.6332531220952036,46.01420170456323,12.522862434363153
1786282917002456000,2635.1824560546875,73.24515010695904,0.3080157138842684,7.2589745186789845,51.548593075186695,73.65515010338277,111.3181859681612,2.0342669139870404,3.662984704496726,46.01437390344981,12.522862434363153
1786282918002480000,2636.182480224609,72.70109579321576,0.1459227353334427,0.9411611142051478,51.54854491589184,73.11109578963948,111.3774905688102,1.644261341302309,3,46.01456871762081,13.377453804016113
1786282919002504400,2637.1825043945314,72.70110986381769,0.30801571388418497,7.258974518678906,51.54850108840544,73.11110986024141,111.37763120479782,2.0342669139889393,3.7115758843323463,46.01474829837537,13.377453803986793
1786282920002529000,2638.1825290527345,72.21558006573468,0.3080157138841849,7.258974518680459,51.5484590567406,72.6255800621584,111.00921115179908,2.0342669139888154,3.6961312501714056,46.01492744068799,13.37745380398679
1786282921002553600,2639.1825537109376,76.1696824207902,1.1582125100455924,7.420269849632379,51.54842892877338,76.57968241721392,110.66853328206018,3.669522987467735,3,46.0151061412014,12.647540538235722
1786282922002577000,2640.182576904297,75.89950331486762,1.1533604811264793,8.010173898556854,51.548391696811024,76.30950331129134,110.59243295823757,2.834761523211009,3,46.015255824948525,11.667031535757188
1786282923002602000,2641.182602050781,75.82984145078808,1.2629836934189738,9.243030199628445,51.548352282060115,76.2398414472118,111.54842777654363,2.6485788044989365,3,46.015394577633046,11.071865107492815
1786282924002626300,2642.1826262207032,75.34140955936164,0.6361169730142177,7.2584213811535205,51.548315740320604,75.75140955578536,111.77343799203673,2.3549861285231004,3,46.01553886366827,11.584884202733614
1786282925002650400,2643.182650390625,75.27415623143315,0.6344620277412627,7.2586931496236105,51.54827770076247,75.68415622785687,111.60435672220216,2.1944478730562667,3,46.015691253203926,11.323310986624247
1786282926002675000,2644.182675048828,75.29439873620868,0.6302115730567688,7.258706757511398,51.54824357971788,75.7043987326324,111.05832839380315,2.105633097413642,3,46.01583507170222,10.806932496540073
1786282927002699000,2645.1826989746096,75.09644124377519,0.6333566164777499,7.257945805819587,51.548209702452574,75.50644124019891,111.0119852803973,2.058590819407339,3,46.015975929499014,10.50620681163038
1786282928002723000,2646.1827231445313,75.08046534378082,0.6363512316993666,7.258288571670523,51.54817684895611,75.49046534020454,111.166112719526,2.0328442469149084,3,46.016111698132086,10.165915542285385
1786282929002747100,2647.1827470703124,74.82747063878924,0.6313883693567737,7.256525245548731,51.548145787408394,75.23747063521296,111.55208800475258,2.0186766497625572,3,46.016239151218535,9.527574405259298
1786282930002772000,2648.182771972656,74.88888678885996,0.6356051375240201,7.25886180270824,51.5481179965441,75.29888678528368,112.28263219484893,2.0110682871406436,3,46.01634632065385,8.382775521080486
1786282931002796300,2649.1827963867186,74.81888680998236,0.6336681736789969,7.258689768694972,51.54809414698733,75.22888680640608,112.15894098928905,2.0068158442842274,3,46.0164399279395,7.220637425024853
1786282932002820400,2650.1828203125,74.87293842062354,0.6316363086740376,7.909354840621804,51.5480719403164,75.28293841704726,111.88631509117802,2.004884241461673,3,46.016522963750646,6.470883440903641
1786282933000312300,2651.1803122558595,74.80871544126421,0.6311579012930703,8.262616801973662,51.548051934103384,75.21871543768793,110.98861936135388,2.0038108433982442,3,46.0166058695093,6.1861564236744835
1786282934000301300,2652.1803012695314,75.1602175226435,0.6351465905490928,8.759274303745688,51.548033277295175,75.57021751906723,110.68175127733456,2.0031743856918967,3,46.01668235900819,5.865944170435365
1786282935000326400,2653.1803264160158,74.79997460637242,0.6353035556970186,7.7873461758750695,51.5480122096805,75.20997460279614,110.28933670155081,2.002720949683513,3,46.016773015857545,6.6063091278590225
1786282936000304600,2654.1803046875,74.89013471920043,0.6347858116506027,7.257535310727674,51.54798645553988,75.30013471562415,110.38142124910556,2.0022474743618104,3,46.016881322648985,7.7770500065777775
1786282937000283600,2655.180283691406,74.8746385583654,0.6244829749429721,7.257356933123282,51.54795911060263,75.28463855478913,110.48014429313507,2.0016869575293614,3,46.01699695631027,8.31394388191535
1786282938000300000,2656.180300048828,70.72891547752712,0.14872577786445618,0.981509069344823,51.54792633534084,71.13891547395085,110.92617215902327,1.5448446736531807,3,46.017113084114754,8.71914291381836
1786282939000284700,2657.180284667969,74.69052332825959,0.9823411127022343,8.62969723253952,51.547900552554886,75.10052332468331,110.83079404884404,2.0016867513536103,3,46.01724337060672,9.226860996229659
1786282940000268500,2658.1802685546877,74.47113292105496,0.6323800496561408,7.25853046184926,51.547864859682036,74.88113291747868,110.75669811710839,2.0000003837248053,3,46.01739220740312,10.04050163832643
1786282941000287500,2659.1802875976564,69.93127066001651,0.1566043347120285,0.9832521549653515,51.54782497339937,70.34127065644023,111.64196232366226,1.5823310373348192,3,46.01751857792871,10.740422248840332
1786282942000268800,2660.180268798828,74.22848034277558,1.1273902568728214,8.80220910991962,51.54779869764244,74.6384803391993,110.79075725506208,2.0000000906250337,3,46.01767018149915,10.378519232231849
1786282943000253000,2661.1802529296874,73.70139732584357,0.6568979817465722,7.2584487830432245,51.54775925511648,74.1113973222673,110.30616734393081,2.0000002723168344,3,46.017828684560506,10.942352582061659
1786282944000266200,2662.1802663574217,73.71214841213077,0.6482147927729683,7.258205917107532,51.54772295191121,74.1221484085545,111.09774288695402,2.0000002216112507,3,46.017975222340624,10.954554246373162
1786282945000246000,2663.18024609375,73.69620544929057,0.6315806147231132,7.25680304708272,51.547686697572715,74.1062054457143,110.48628932345518,2.000000281910279,3,46.018128121015394,11.331867378331335
1786282946000227800,2664.180227783203,73.69215822499245,0.625733229131377,7.258349033150846,51.5476494768535,74.10215822141618,110.97753711347475,2.0000004026944684,3,46.01827919369712,11.33288839051998
1786282947000244200,2665.180244140625,73.60631792712957,0.7682870428870212,7.258641624540328,51.54761377806415,74.01631792355329,111.1229284002998,2.000000164402014,3,46.01842764886271,11.099089238038486
1786282948000257000,2666.1802570800783,73.37854595202953,0.6411685858508052,7.2580094108265705,51.54757733255582,73.78854594845325,111.14129613706366,2.02555974223932,3,46.018579358959634,11.065026724857427
1786282949000270800,2667.1802707519532,73.16273599956185,0.6305595137346913,7.257462434224771,51.54754307939906,73.57273599598557,110.8056138062648,2.217544089957845,3,46.01872244018201,10.709111132336762
1786282950000284700,2668.180284667969,72.88973605819046,0.6336981399289311,7.256830930672101,51.547510763800005,73.29973605461419,110.6776768213554,2.12144732133793,3,46.01885918627663,10.236510372574617
1786282951000300300,2669.1803002929687,72.60817135870457,0.6314544548783814,7.256758615970455,51.547478125111894,73.01817135512829,110.86077821600622,2.068616749957985,3,46.01899531669863,10.09345673594606
1786282952000317200,2670.180317138672,72.4250301476568,0.6284205286201741,7.256997934560005,51.54744619762006,72.83503014408052,111.07850623668955,2.0392900235876867,3,46.01912625470157,9.87110112804979
1786282953000332300,2671.180332275391,72.25459277257323,0.6319690905412241,7.255304178789004,51.54741568299882,72.66459276899695,110.9096113622646,2.0226519657421154,3,46.01925551748976,9.674904480815465
1786282954000349000,2672.1803488769533,72.20445513632149,0.6276521930158688,7.255973708730212,51.54738501187391,72.6144551327452,110.89597884944267,2.0131699161403414,3,46.01938187362293,9.495204166057912
1786282955000366300,2673.180366455078,72.10691787395626,0.6286355355071485,7.256081902179214,51.54735465319569,72.51691787037998,110.80114830695997,2.007697535113187,3,46.01950924278428,9.495158555047912
1786282956000383000,2674.1803830566405,71.65938305854797,0.6289660070891748,7.254009566203,51.547322977549605,72.0693830549717,110.87811217347726,2.0044586837746268,3,46.019643123088215,9.737897886254368
1786282957000401400,2675.1804013671876,71.55609401781112,0.6312488440848637,7.257132416591554,51.54729171119987,71.96609401423484,111.31833824207908,2.002575013667515,3,46.019771610541355,9.594999964654255
1786282958000419600,2676.1804196777343,71.23311573173851,0.6309192970462641,7.2532191388683716,51.54725796965035,71.64311572816223,111.71592728901686,2.004991156060778,3,46.019905625448835,9.872683945532206
1786282959000438800,2677.180438720703,70.89590606838465,0.6285986397677389,7.25440717572876,51.54722685028754,71.30590606480837,110.80618981740011,2.00286237246291,3,46.02003971723998,9.860746188894701
1786282960000456700,2678.1804567871095,71.05060006678104,0.633057205505001,7.257506007790653,51.54719224465594,71.46060006320477,111.33518629840175,2.001646490997928,3,46.020174755147146,10.186021795238135
1786282961000475600,2679.1804755859375,70.91894952114671,1.364991268343912,10.702284603031044,51.547158527330126,71.32894951757044,109.70985929576456,2.0009300711727485,3,46.020306342710846,10.33447914659631
1786282962000495400,2680.180495361328,70.60893711820245,0.7577687514333417,7.2527772389692045,51.547131303791694,71.01893711462617,108.30140870119126,2.0009302487210254,3,46.02047253296407,11.047548189707843
1786282963000514600,2681.1805146484376,70.55278645269573,1.3713346696915834,10.057007219326197,51.547077062871075,70.96278644911945,112.19212180796215,2.0002748950612728,3,46.02060071199278,11.048670291691929
1786282964000534800,2682.180534667969,70.54415127728134,0.7797724078223941,7.257241182439985,51.54703643313209,70.95415127370507,115.50020697969816,2.0002750178345092,3,46.020764451714236,11.426529966562793
1786282965000555500,2683.180555419922,70.39470423851162,0.6455546989145069,7.258249125916286,51.547008893914416,70.80470423493534,111.00249627044893,2.000137675913852,3,46.02092953460448,11.47157416074483
1786282966000575500,2684.180575439453,70.11421632021666,0.6386129967091833,7.257591904785389,51.54697675941183,70.52421631664038,109.83055269207036,2.000074353165566,3,46.02107951605779,11.106768661955032
1786282967000596200,2685.180596191406,69.77857994940132,0.6360548042032751,7.255954658210418,51.546940577215494,70.18857994582504,110.86759412369007,2.0000406836139075,3,46.021226446881705,10.98350116272128
1786282968000617500,2686.1806174316407,69.48450223077089,0.6322225973094289,7.258575263702646,51.5469053651451,69.89450222719461,110.78410077682761,2.0958454805249773,3,46.021383232271724,11.426165187030408
1786282969000637200,2687.1806372070314,69.17747111059725,0.6343556475779675,7.258004420035708,51.54685448457873,69.58747110702097,114.69760801381068,2.0510427475330517,3,46.02154211128165,12.187790230978868
1786282970000658200,2688.180658203125,69.13361607305706,0.6402596252295327,7.257684742416151,51.54680904832533,69.54361606948078,113.31851121477578,2.0262914464993487,3,46.02171861980194,13.09404558414632
1786282971000680400,2689.180680419922,69.70937466621399,0.6359637827606254,7.258694379598415,51.546758956370795,70.11937466263771,112.63117461581714,2.01291025352902,3,46.021906250456446,13.950305904590872
1786282972000702200,2690.1807021484374,68.97381184156984,0.6217754545906231,7.257434668484435,51.54671065563103,69.38381183799356,111.68767570029158,2.006058236836068,3,46.02210512056961,14.507439088832802
1786282973000723000,2691.1807229003907,64.43759904007106,0.20273229479789734,0.9810654272138896,51.54666270957146,64.84759903649478,111.53603291982454,1.5539616614996155,3,46.022284751666945,14.692627906799316
1786282974000745000,2692.180744873047,64.66613516322262,0.2080921083688736,0.9792498775551355,51.54661418256585,65.07613515964634,111.9313096274715,1.5837423154605024,3,46.02248474918266,14.692627906799316
1786282975000766700,2693.1807666015625,65.88511539809406,1.3549118951978985,7.548151803138824,51.54656231590785,66.29511539451778,111.81455374244233,3.3166193996151057,3,46.022706176798366,14.534569403569142
1786282976000788000,2694.1807880859374,67.38912107422948,0.6672348353125473,7.258926028940194,51.54652840849976,67.7991210706532,110.81678595122624,2.0000002637946497,3,46.02285347921283,12.85566564229443
1786282977000809700,2695.180809814453,67.28384883143008,0.6428045743927668,7.258670763220973,51.54648847226318,67.6938488278538,111.07513071791895,2.000000266307815,3,46.02302118007787,12.452876556751395
1786282978000832000,2696.18083203125,66.96140159945935,0.6354064990748254,7.257646420544325,51.54644709792566,67.37140159588307,110.99641688451769,2.000000272383579,3,46.02319207137159,12.60180512367006
1786282979000854000,2697.1808540039065,67.24857262056321,0.6341703669185704,7.258835146170918,51.54640658646245,67.65857261698693,110.40667801830135,2.0000002418813176,3,46.02336671444753,12.891499865310312
1786282980000876800,2698.180876708984,66.76875312067568,0.6252700232938708,7.256558842297426,51.546365225845015,67.1787531170994,109.93763861414827,2.000000386818478,3,46.02355031419363,13.359450835058912
1786282981000898800,2699.180898925781,66.53143812622875,0.7584399649133358,7.2573967789651945,51.546320273837225,66.94143812265247,109.52870653860984,2.0000001996237295,3,46.02375543780621,14.605175148654984
1786282982000921600,2700.1809216308593,66.77020410541445,0.6128626194687552,7.258408763200919,51.546267935389665,67.18020410183817,110.39008774407051,2.0000004487717575,3,46.023962951542714,15.242697863116742
1786282983000944000,2701.180944091797,63.45689540900842,0.16183005273342133,0.943648477001796,51.54622063547594,63.86689540543214,110.38889581853172,1.6238978498348444,3,46.02415436855886,15.464005470275879
1786282984000966100,2702.180966064453,65.99833948444575,1.0364133206938282,7.2580441822487005,51.546174353071876,66.40833948086947,110.12434512968733,2.1082187880705656,3,46.02437186695881,14.974017492366201
1786282985000989400,2703.1809895019533,65.89484529104084,0.6438671519551956,7.257910014888637,51.54612568279686,66.30484528746456,110.52848581884798,2.0646939607927965,3,46.02457349956508,14.741610085009036
1786282986001012000,2704.181011962891,65.30811495613307,0.631781187608548,7.2568495476969925,51.54607778143903,65.71811495255679,111.77257293861385,2.0297034027212715,3,46.02476291894384,14.21037115753812
1786282987001034200,2705.1810341796877,65.17849531862885,0.6392386189625919,7.257933521811355,51.54604180153076,65.58849531505257,109.05642581426264,2.014149583732905,3,46.024948030453125,13.593126385692154
1786282988001057000,2706.181057128906,65.05526351928711,0.6390714827749141,7.257025122424084,51.54599839661783,65.46526351571083,110.40235443103815,2.039996555175488,3,46.025121045955316,13.109545357795255
1786282989001079600,2707.1810795898436,64.95922203548253,0.6462014476558063,7.257171770598016,51.54595969803623,65.36922203190625,110.5164880741526,2.153906761057501,3,46.02529127424471,12.737973308184081
1786282990001103000,2708.181103027344,65.01537024695426,0.6472174403861993,7.258002945118304,51.5459186550361,65.42537024337798,110.70296075986934,2.0784282889266708,3,46.02546364578682,12.890563874946002
1786282991001125400,2709.1811254882814,65.08490027859807,0.6430000031250266,7.257851609495428,51.54587634668252,65.49490027502179,110.81891389306196,2.0394137396088747,3,46.02564287828592,13.31157117411293
1786282992001149200,2710.181149169922,65.03436656482518,0.6381044199194013,7.2583732956665745,51.54582860200003,65.4443665612489,111.408861846093,2.0278470718591306,3,46.02583254011009,14.09154947014367
1786282993001171200,2711.181171142578,64.81072394177318,1.46144907559888,8.342510800298811,51.545782121222786,65.2207239381969,111.60459262804882,2.01314891885574,3,46.02601421821775,14.194623295094326
1786282994001194500,2712.181194580078,64.58926214464009,0.7591738745286561,7.257772605816812,51.54573604211853,64.99926214106381,110.94212933100022,2.013149053486945,3,46.026217801115145,14.149625540375595
1786282995001217300,2713.1812172851564,64.23292936012149,0.6374002514551939,7.256640739331146,51.5456921812285,64.64292935654521,110.72655690895826,2.0016759990197857,3,46.026403850561316,13.758712900546445
1786282996001241000,2714.181240966797,64.08191655483097,0.6288473528374728,7.25737514898119,51.54565054045885,64.49191655125469,110.42857728298418,2.041743807493748,3,46.026581770061064,13.336949997591358
1786282997001264000,2715.1812641601564,63.69614407978952,0.6321622863010025,7.257555541336798,51.545608837945196,64.10614407621324,110.37225954356113,2.2756674420909744,3,46.02675906583579,13.12679894578813
1786282998001286400,2716.1812863769533,63.75105815846473,0.6309540754710885,7.258823960070167,51.545569250508436,64.16105815488845,110.07897315497127,2.262558486280537,3,46.02693434060085,12.954818808289112
1786282999001310500,2717.181310546875,63.592658824287355,0.6363668429271969,7.258068858156665,51.545528648353084,64.00265882071108,110.65001870229848,2.2484101884811474,3,46.02710330623484,12.669426407502778
1786283000001332200,2718.1813322753906,63.28921266179532,0.6374183070648269,7.257259470369347,51.54549054184331,63.69921265821904,110.4876398109864,2.1268587348696966,3,46.02726362190244,11.991991719518413
1786283001001356300,2719.181356201172,63.29570215474814,0.636292085398157,7.257903360092877,51.545457135264286,63.70570215117186,110.72168047385954,2.3116274367344087,3,46.02740133100984,10.614536381825888
1786283002001379800,2720.1813798828125,62.567773441784084,0.6390020387480684,7.24845787943291,51.54542732417372,62.977773438207805,110.18774464802941,2.561893299557218,3,46.027534703229946,9.877667600339676
1786283003001403000,2721.1814028320314,62.08315308112651,0.6424559266187339,7.247104631330804,51.545405657363574,62.49315307755023,110.0872076985317,2.5132081901018917,3,46.027630713795986,7.690472427248042
1786283004001426200,2722.181426269531,61.83702999167144,0.6438568841706619,8.674827354307213,51.54538658777916,62.247029988095164,110.73736051285593,2.3279774277982472,3,46.02770530265559,6.0103954549740255
1786283005001449500,2723.1814494628907,61.306686650030315,0.6309997210369387,10.05968237576397,51.545370403933234,61.716686646454036,111.46491659863406,2.509610809879805,3,46.02777009413678,5.063709107941306
1786283006001473000,2724.181473144531,61.321726854890585,0.6349148995266718,12.796461853820192,51.545359517476726,61.731726851314306,110.72818008889864,2.4076886223714213,3,46.02781987565855,4.0142570663413695
1786283007001495800,2725.1814958496093,61.2781178355217,0.6342869006086871,16.231252970276245,51.545349384227656,61.68811783194542,110.86166597737765,2.3397405267781592,3,46.02785888755962,3.1598265656690607
1786283008001519000,2726.181519042969,61.41788836568594,0.6279130080922684,19.958170615983736,51.54534214357601,61.82788836210966,110.78976296931495,2.291206161767636,3,46.02789100064544,2.545589420851199
1786283009001542100,2727.181542236328,61.55218535847962,0.6335806192987891,29.075795619035663,51.54533700889614,61.96218535490334,111.84221056127917,2.270622989942833,3,46.02791130101712,1.7497580452188093
1786283010001567000,2728.1815668945314,61.58414620254189,0.6385334837588452,68.89465279475189,51.54533587129483,61.99414619896561,109.66646441166732,2.2405537521036756,3,46.02791831096133,0.7443844183840488
1786283011001589500,2729.181589599609,61.597848809324205,0.8815168111737439,180,51.54533592408646,62.007848805747926,111.34591049860053,2.2164983660660904,3,46.02791659026476,0.07696478348075218
1786283012001612300,2730.1816123046874,61.47346462402493,0.8838562813851297,180,51.54533629281045,61.88346462044865,111.34591102104014,2.1968166959216036,3,46.027917326019164,0.04743973431685961
1786283013001636600,2731.18163671875,61.524942545220256,0.8770852112420172,180,51.5453365544056,61.93494254164398,111.3459104577126,2.180415304144014,3,46.027916617877366,0.01463890022239603
1786283014001660200,2732.18166015625,61.484964184463024,0.8796889517621941,180,51.545335658195434,61.894964180886745,111.34591019643054,2.16653720400707,3,46.02791615791537,0.026311634317625215
1786283015001683200,2733.181683105469,61.3698585787788,0.8872633847146398,180,51.54533526256986,61.779858575202525,111.34591040477936,2.241312371608518,3,46.02791638119636,0.05804707887503552
1786283016001706200,2734.181706298828,61.442723516374826,0.886874455874788,180,51.54533647541742,61.85272351279855,111.34590947890317,2.23704076327158,3,46.0279153184909,0.03418134386369033
1786283017001729500,2735.1817294921875,61.4982783831656,0.8829902106707662,180,51.5453369171414,61.90827837958932,111.34591012198167,2.2370407637967156,3,46.027916222572166,0.07796924771321594
1786283018001752300,2736.1817524414064,61.57016881648451,0.8829205392809939,180,51.54533683530008,61.98016881290823,111.34590804573527,2.2365578741954866,3,46.027913477396474,0.03197727377207591
1786283019001775900,2737.181775878906,61.52560053858906,0.8800523451903093,180,51.545336573408804,61.93560053501278,111.34590820928577,2.2256857367237295,3,46.027913658958624,0
1786283020001800200,2738.1818002929685,61.52560053858906,0.8719488010170857,180,51.545336573408804,61.93560053501278,111.34590820928577,2.222822970606113,3,46.027913658958624,0
1786283021001824000,2739.1818239746094,61.52560053858906,0.8705135360642932,180,51.545336573408804,61.93560053501278,111.34590820928577,2.2110954458373704,3,46.027913658958624,0
1786283022001846500,2740.181846435547,61.52560053858906,0.8721347482669265,180,51.545336573408804,61.93560053501278,111.34590820928577,2.2005406735455018,3,46.027913658958624,0
1786283023001870000,2741.1818701171874,61.52560053858906,0.8737424022682508,180,51.545336573408804,61.93560053501278,111.34590820928577,2.1962866124267237,3,46.027913658958624,0
1786283024001894000,2742.1818937988282,61.52560053858906,0.8644941828723129,180,51.545336573408804,61.93560053501278,111.34590820928577,2.2223782838964707,3,46.027913658958624,0
1786283025001917200,2743.181917236328,61.52560053858906,0.8584432763041472,180,51.545336573408804,61.93560053501278,111.34590820928577,2.211259369701647,3,46.027913658958624,0
1786283026001940700,2744.181940673828,61.52560053858906,0.8701913093430445,180,51.545336573408804,61.93560053501278,111.34590820928577,2.2006964012165646,3,46.027913658958624,0
1786283027001964300,2745.1819643554686,61.52560053858906,0.8595505922585456,180,51.545336573408804,61.93560053501278,111.34590820928577,2.1906615811557364,3,46.027913658958624,0
1786283028001987800,2746.181987792969,61.308691778220236,0.8601350055123458,180,51.545337667021975,61.71869177464396,111.34590844603377,2.181128504317394,3,46.027914112120534,0.24620389166259746
1786283029002011600,2747.18201171875,61.18471614085138,0.6245126677478359,29.88454792581875,51.545330175435524,61.5947161372751,114.08174214988978,2.1720720970081846,3,46.027941229830695,1.6843556646051814
1786283030002034400,2748.182034423828,61.202108431607485,0.6323035726803288,14.461100385397978,51.545316892558276,61.612108428031206,112.0355094814401,2.1634685080953298,3,46.02799813302052,3.539607994977408
1786283031002058500,2749.18205859375,61.219608794897795,0.6380605405294842,11.79271842596463,51.545303150060576,61.629608791321516,111.11686672548451,2.1552951010424266,3,46.02805889134467,4.38270462997683
1786283032002081300,2750.182081298828,61.15300140250474,0.6316251244324103,10.914658323181838,51.54528808088766,61.56300139892846,110.82877300627567,2.1612999000121276,3,46.02812249608628,4.6875625264895415
1786283033002105300,2751.1821052246096,61.20382817648351,0.6336059474214503,10.824975593059442,51.545273110112355,61.61382817290723,110.4290181250588,2.1601522546821275,3,46.028185531321604,4.7420902161465595
1786283034002129200,2752.1821291503907,61.286817896179855,0.6332492237571504,8.75859555101871,51.545254027118915,61.696817892603576,110.43949723126413,2.152144661217304,3,46.028266753088786,5.858464585125452
1786283035002152000,2753.182151855469,61.23600626271218,0.6385397216728782,7.258473958050982,51.54522705258462,61.6460062591359,110.93244871828372,2.1410210074478853,3,46.02837939125762,7.995820634285166
1786283036002175000,2754.182175048828,61.13249108195305,0.6476903077987269,7.256987009268441,51.545187915887155,61.54249107837677,111.76255506703674,2.1069347667925205,3,46.02853300160583,10.819317551493459
1786283037002198500,2755.182198486328,60.9469920406118,0.6463622859245184,7.257910010663478,51.545144056242876,61.356992037035525,111.34238257175646,2.154973060671631,3,46.028712213257755,12.862495132115882
1786283038002222600,2756.18222265625,60.393446097150445,0.6366895714875617,7.2560557265508585,51.54509645003039,60.803446093574166,110.66734535190876,2.267736754277637,3,46.02891459313585,14.56617427129304
1786283039002246000,2757.1822458496094,59.772287231869996,0.616047582826097,7.254393469103377,51.54505207018679,60.18228722829372,108.72617967956249,2.1211257927961444,3,46.02913717231867,15.827618436306556
1786283040002269200,2758.182269287109,59.433469510637224,0.6027183346842229,7.256689282830512,51.54499040241561,59.843469507060945,110.81517843359865,2.050944019059836,3,46.029369132978346,16.989507420864495
1786283041002293500,2759.1822934570314,58.80884781945497,0.5947339942067685,7.255508809728721,51.54493235574531,59.21884781587869,111.633575451048,2.0204847265359365,3,46.029600116648496,17.20466838448035
1786283042002316000,2760.182315917969,58.46233182493597,0.5989219973500975,7.256307324824833,51.54487534818919,58.872331821359694,111.91572848775958,2.1773079623170153,3,46.029830515771394,17.157544524278148
1786283043002339800,2761.18233984375,58.03158768080175,0.5936216940322996,7.255716241480665,51.54482245055381,58.44158767722547,111.10369630924303,2.0914158165915357,3,46.0300596621359,16.97772408880679
1786283044002363600,2762.182363769531,57.508061377331614,0.5950716155253204,7.254957070612182,51.544768283507345,57.918061373755336,111.17135198219235,2.415730937151446,3,46.0302864013826,16.84480384834558
1786283045002386700,2763.18238671875,56.78314376343042,0.6015270379944941,7.254067052802283,51.54471504182066,57.19314375985414,111.41563604292662,2.3397374754808014,3,46.030501384439305,16.11519441500159
1786283046002411000,2764.1824108886717,56.46806881111115,0.6180142466906636,7.25434767755259,51.54466734793775,56.87806880753487,111.30480345091763,2.1483010471882644,3,46.030697092052336,14.8965960437089
1786283047002433800,2765.1824338378906,55.75561380106956,0.6384643369464398,7.250460994663262,51.5446236053496,56.16561379749328,111.1477468831769,2.0684240477862383,3,46.030877621381464,13.680742953766485
1786283048002457600,2766.1824575195315,55.35572732612491,0.6329860965801147,7.2522884058522745,51.54458452760855,55.76572732254863,110.41529631289634,2.0336760991813136,3,46.031043616735765,12.645980919173887
1786283049002481200,2767.182481201172,55.11693920567632,0.6314403115282403,7.255327928315734,51.544551043920634,55.52693920210004,108.6245311861504,2.0173192326340716,3,46.03120573573976,12.00037276535276
1786283050002504700,2768.182504638672,54.4589966814965,0.640555232420769,7.251319966635909,51.54451825426998,54.86899667792022,108.44901399467378,2.0090952383013847,3,46.03136217671963,11.488175443522335
1786283051002527700,2769.182527832031,54.057939884252846,0.6380261733689975,7.250332000063056,51.54448508071499,54.46793988067657,110.13721080399779,2.0788056866264575,3,46.03150375184873,10.65939921736884
1786283052002552300,2770.1825522460936,53.789423138834536,0.6357953211345956,7.248591583015672,51.5444519368958,54.19942313525826,110.43622971699955,2.043978883052629,3,46.03164322967395,10.425536545049424
1786283053002575400,2771.182575439453,53.38131140358746,0.631664223688378,7.2480286033313535,51.54441716923714,53.79131140001118,110.76375830248827,2.0246300396268913,3,46.031786345079304,10.589046429885714
1786283054002598700,2772.1825986328126,53.23475018981844,1.8111847697994155,13.740259700688913,51.544382840050865,53.64475018624216,110.84473557151472,2.0136931452575397,3,46.03192990406999,10.586778388482761
1786283055002622700,2773.1826228027344,52.3058473886922,1.7991120446905398,12.906101714881842,51.544345822812026,52.71584738511592,110.86627378216056,2.0075728899458265,3,46.03208244030355,11.266450348491107
1786283056002645500,2774.1826455078126,50.49822341930121,1.7438831989656696,10.681966607552718,51.54429860755054,50.90822341572493,112.2910067269658,2.1289593128250153,3,46.03225955688057,13.123455719760639
1786283057002669300,2775.1826694335937,51.389273416250944,1.7390023472686347,10.92281235899214,51.54426154546256,51.799273412674665,111.2991455337164,2.162040849837813,3,46.0324238891975,12.884689887963436
1786283058002693000,2776.1826931152345,51.35753234755248,1.7418742108494407,10.676429045744669,51.544218239227085,51.7675323439762,111.34126130895909,2.081253379821795,3,46.032602493111426,13.214776336862146
1786283058999917000,2777.1799169921874,50.101277737771625,0.1573149710893631,0.8995035770138284,51.54417701192686,50.511277734195346,111.39198423022896,1.3980995314664828,3,46.032777563668304,13.829991340637207
1786283059999901200,2778.179901123047,50.07991473788013,0.15193794667720795,0.894613268289805,51.54412742370251,50.48991473430385,113.16151548945003,1.4419530572955466,3,46.03297223828997,14.34282398223877
1786283060999927300,2779.179927246094,52.70795370079577,1.7602622774706118,10.348997001811998,51.54408641448429,53.11795369721949,111.27083000297634,2.081253161016606,3,46.03316773298017,13.770311631456446
1786283061999915000,2780.1799150390625,52.918439633212984,1.710897091011177,9.893101362368773,51.54401861583302,53.328439629636705,113.94576529443448,2.0000003004395355,3,46.033367370360786,13.996442336335726
1786283062999902700,2781.179902832031,53.49592838808894,1.7246900822177995,9.997678161728887,51.543970819338654,53.90592838451266,112.25581074255722,2.0000002373927463,3,46.0335559997222,13.961168151213446
1786283063999929300,2782.1799294433595,54.124621893279254,1.6925056839092667,10.001417198115366,51.54392545723274,54.534621889702976,111.50863808470145,2.0000002767023353,3,46.03373882422279,13.699476693131812
1786283064999915000,2783.1799150390625,54.74061119463295,1.7383676034755169,10.728529291549876,51.543883398409825,55.15061119105667,110.84786252588427,2.00000024336049,3,46.033913907238414,13.117975993972745
1786283065999901700,2784.179901611328,55.20175638701767,1.7675554462228702,12.59441899162813,51.54384599822199,55.61175638344139,111.47404476783215,2.0290961987652327,3,46.034066205502064,11.359966707567908
1786283066999928300,2785.179928222656,55.460970546118915,1.8558621183902124,15.715267416944284,51.543813957100426,55.870970542542636,111.96501615698821,2.015856141039424,3,46.03419123279394,9.502695170514862
1786283067999911700,2786.1799116210937,55.578561508096755,1.9296401310790485,18.993143793283004,51.54378735462131,55.988561504520476,111.75090189507785,2.0092291365285284,3,46.03430182865288,8.169383324977401
1786283068999895600,2787.1798955078125,55.66083865519613,1.9942659593939998,22.09200213838449,51.54376308111803,56.07083865161985,111.86494851553732,2.005677723635298,3,46.03439863742224,7.259073992425443
1786283069999917600,2788.1799174804687,55.90254325978458,2.05718196744397,25.19476952700262,51.543741500810896,56.3125432562083,111.73312038718025,2.0040294898061135,3,46.0344852553154,6.565339225918073
1786283070999903200,2789.1799033203124,56.1007171953097,2.110168490388821,28.62240260477498,51.543721423395944,56.51071719173342,111.69808234695316,2.002961580548575,3,46.03456296117903,5.927248766990638
1786283071999890000,2790.179889892578,56.0417965548113,2.169277792030007,33.93126200931937,51.54370400561306,56.45179655123502,111.87784110464028,2.0415174016914266,3,46.03463069464432,5.153745176704307
1786283072999915500,2791.179915527344,56.07226488832384,2.3507907929006593,53.592976348349076,51.543693152936534,56.482264884747565,111.82760442246988,2.0345978157569675,3,46.03467371418835,3.5414389276786182
1786283073999939000,2792.1799389648436,56.08911363594234,2.5287941279333817,88.96775994501358,51.543687459542106,56.49911363236606,111.82783789944054,2.0296552487055015,3,46.03469791534018,2.299779166349101
1786283074999961600,2793.179961669922,56.13246823102236,2.5344478347849004,93.76027660527909,51.543680434042834,56.54246822744608,111.79374949026014,2.0259483454760825,3,46.03472642974709,2.1893315097796266
1786283075999984600,2794.1799846191407,56.273613380268216,2.5336557789676624,105.045935298693,51.543674078325836,56.68361337669194,111.57462679145326,2.0257029430989975,3,46.03475156039421,1.9487000339944547
1786283077000008400,2795.1800085449217,56.18247138988227,2.535094674076259,155.64587386972372,51.54367088071896,56.59247138630599,111.26931672557338,2.0231326434931285,3,46.03476795639722,1.313302228000283
1786283078000031000,2796.1800310058593,56.20337132550776,3.7516330182383903,180,51.543670076002456,56.61337132193148,111.26932206556901,2.021029666609665,3,46.03477478222421,0.671334167385838
1786283079000054800,2797.1800546875,56.23668775241822,3.741923864324264,180,51.5436698595067,56.64668774884194,111.26932171485599,2.019277190783144,3,46.03477433181731,0.10127818177254036
1786283080000077800,2798.1800778808592,56.30529409274459,3.7483804536799825,180,51.543670023195475,56.71529408916831,111.26932065462785,2.0177943293640124,3,46.03477297661582,0.003950775840114787
1786283081000102000,2799.180101806641,56.31446463149041,3.7591806811916393,180,51.54367000713775,56.72446462791413,111.26932026835162,2.016523305876252,3,46.03477248227821,0.007968333492830644
1786283082000125200,2800.1801252441405,56.3300773082301,3.742118730749619,180,51.54367049398681,56.74007730465382,111.26931948067548,2.015421752123196,3,46.03477147831772,0.0038013334166263177
1786283083000147500,2801.1801474609374,56.33342492207885,3.7424514780574807,180,51.54367048905404,56.74342491850257,111.26931944104285,2.014457892587882,3,46.03477142757207,0
1786283084000171800,2802.180171875,56.33342492207885,3.7443336475682987,180,51.54367048905404,56.74342491850257,111.26931944104285,2.0136074283180068,3,46.03477142757207,0
1786283085000194600,2803.180194580078,56.33342492207885,3.725129299809716,180,51.54367048905404,56.74342491850257,111.26931944104285,2.0135336469014082,3,46.03477142757207,0
1786283086000219000,2804.1802189941404,56.33342492207885,3.7359886689637114,180,51.54367048905404,56.74342491850257,111.26931944104285,2.012821349696071,3,46.03477142757207,0
1786283087000242700,2805.1802426757813,56.33342492207885,3.7564028681035224,180,51.54367048905404,56.74342491850257,111.26931944104285,2.0121802822112675,3,46.03477142757207,0
1786283088000265200,2806.180265136719,56.33342492207885,3.729613452161596,180,51.54367048905404,56.74342491850257,111.26931944104285,2.0115712681007043,3,46.03477142757207,0
1786283089000287700,2807.180287841797,56.33342492207885,3.735074488185504,180,51.54367048905404,56.74342491850257,111.26931944104285,2.0212991366884365,3,46.03477142757207,0
1786283090000311300,2808.180311279297,56.33342492207885,3.7386671464295156,180,51.54367048905404,56.74342491850257,111.26931944104285,2.027135251503351,3,46.03477142757207,0
1786283091000335400,2809.1803354492185,56.33342492207885,3.7278498694358455,180,51.54367048905404,56.74342491850257,111.26931944104285,2.034768000836804,3,46.03477142757207,0
1786283092000359400,2810.180359375,56.33342492207885,3.7487701606757424,180,51.54367048905404,56.74342491850257,111.26931944104285,2.033029600794964,3,46.03477142757207,0
1786283093000382000,2811.1803818359376,56.33342492207885,3.7218099050720572,180,51.54367048905404,56.74342491850257,111.26931944104285,2.0313781207552157,3,46.03477142757207,0
1786283094000405500,2812.180405517578,56.33342492207885,3.7382300613273354,180,51.54367048905404,56.74342491850257,111.26931944104285,2.0298092147174547,3,46.03477142757207,0
1786283095000429600,2813.1804296875,56.33342492207885,3.7456225976001716,180,51.54367048905404,56.74342491850257,111.26931944104285,2.0283187539815826,3,46.03477142757207,0
1786283096000452000,2814.1804521484373,56.33342492207885,3.7472398229648607,180,51.54367048905404,56.74342491850257,111.26931944104285,2.045413950401716,3,46.03477142757207,0
1786283097000476200,2815.180476074219,56.33342492207885,3.743021043175126,180,51.54367048905404,56.74342491850257,111.26931944104285,2.1436028057493877,3,46.03477142757207,0
1786283098000499200,2816.180499267578,56.33342492207885,3.7531186294731835,180,51.54367048905404,56.74342491850257,111.26931944104285,2.1673391997778153,3,46.03477142757207,0
1786283099000523500,2817.1805234375,56.33342492207885,3.7264145289524877,180,51.54367048905404,56.74342491850257,111.26931944104285,2.1610241754914807,3,46.03477142757207,0
1786283100000546800,2818.180546875,56.33342492207885,3.7338487848926354,180,51.54367048905404,56.74342491850257,111.26931944104285,2.167341946821593,3,46.03477142757207,0
1786283101000570600,2819.1805705566408,56.33342492207885,3.730832856725094,180,51.54367048905404,56.74342491850257,111.26931944104285,2.158974849480513,3,46.03477142757207,0
1786283102000593700,2820.18059375,56.33342492207885,3.7422701883908167,180,51.54367048905404,56.74342491850257,111.26931944104285,2.160856930577522,3,46.03477142757207,0
1786283103000617000,2821.1806169433594,56.33342492207885,3.7551582217265245,180,51.54367048905404,56.74342491850257,111.26931944104285,2.152814084048646,3,46.03477142757207,0
1786283104000640500,2822.180640625,56.33342492207885,3.734235413979234,180,51.54367048905404,56.74342491850257,111.26931944104285,2.159309632400183,3,46.03477142757207,0
1786283105000664000,2823.1806640625,56.33342492207885,3.7583877874615474,180,51.54367048905404,56.74342491850257,111.26931944104285,2.151344150780174,3,46.03477142757207,0
1786283106000687600,2824.1806875,56.33342492207885,3.7379774777094052,180,51.54367048905404,56.74342491850257,111.26931944104285,2.143776943241165,3,46.03477142757207,0
1786283107000711000,2825.1807109375,56.33342492207885,3.7481785118500635,180,51.54367048905404,56.74342491850257,111.26931944104285,2.136588096079106,3,46.03477142757207,0
1786283108000735000,2826.180734863281,56.33342492207885,3.717227738826113,180,51.54367048905404,56.74342491850257,111.26931944104285,2.129758691275151,3,46.03477142757207,0
1786283109000758500,2827.180758544922,56.33342492207885,3.7385968210267584,180,51.54367048905404,56.74342491850257,111.26931944104285,2.1304229482946373,3,46.03477142757207,0
1786283110000782000,2828.1807819824216,56.33342492207885,3.760700166068051,180,51.54367048905404,56.74342491850257,111.26931944104285,2.1397923367600398,3,46.03477142757207,0
1786283111000806000,2829.180805908203,56.33342492207885,3.7638642936894575,180,51.54367048905404,56.74342491850257,111.26931944104285,2.147801522589092,3,46.03477142757207,0
1786283112000829200,2830.1808291015627,57.61098497826606,3.7341244984371755,180,51.54367093083547,58.02098497468978,111.26932709234372,2.1556021104575915,3,46.03478122030508,1.6731580840306897
1786283113000852700,2831.180852783203,57.7508151140064,2.4728564240965594,65.5150258785148,51.54365937481094,58.16081511043012,111.31941396732779,2.1478220179128673,3,46.03482724894945,3.057929101324863
1786283114000876300,2832.1808762207033,57.926137587055564,2.334553191137463,46.244247968298446,51.543644701185826,58.336137583479285,111.34077022092954,2.1404309314248855,3,46.03488511015045,4.085734042180013
1786283115000900400,2833.180900390625,58.07658008765429,2.2875917010611113,42.760116157584044,51.54363041139275,58.486580084078014,111.26495868242084,2.1576270557987325,3,46.03494269633673,4.297504554996373
1786283116000922600,2834.180922607422,55.3574840789301,0.15370236337184906,1.1199280822387148,51.54362038395214,55.76748407535382,111.02310620372408,1.524905664837537,3,46.034970352830314,3.69797945022583
1786283117000946400,2835.180946533203,55.472086860626476,0.1549406349658966,1.1214196247987163,51.54360927844238,55.8820868570502,110.92365181921953,1.5338526367112832,3,46.03501488954418,3.69797945022583
1786283118000970200,2836.180970214844,55.429138519772735,0.16247887909412384,1.1239549056412605,51.54360289355332,55.839138516196456,110.8793785330195,1.5306490089169928,3,46.0350538677234,3.009214162826538
1786283119000993300,2837.1809931640623,57.95443143788725,3.1842360133655565,113.33918689952209,51.543593839711654,58.36443143431097,107.74505757475754,2.15762701498512,3,46.035107927082706,2.2760349574275587
1786283120001017600,2838.181017578125,57.97342888079584,2.5252958001042836,180,51.54359718460217,58.38342887721956,107.74504444765473,2.0536226344993516,3,46.035091163856414,0
1786283121001041000,2839.181041015625,57.57606703881174,3.605215432149049,180,51.543583070634405,57.986067035235465,110.44940750652073,2.035748431993986,3,46.035146111516006,1.2522104957468876
1786283122001065200,2840.1810651855467,57.57029545959085,3.754044122060821,180,51.54357966075999,57.980295456014574,110.44942039857777,2.0268113262382417,3,46.03516259996902,1.2561284901179834
1786283123001088000,2841.181087890625,57.59640303812921,3.744470487553095,180,51.54357359599064,58.00640303455293,110.4494373203757,2.0214490658641138,3,46.03518414409879,1.6250090249567615
1786283124001112300,2842.1811123046873,57.79129796754569,2.4998540019329987,72.24306927503837,51.54356374978681,58.20129796396941,111.00408335515534,2.0178742371571126,3,46.03522424800926,2.80373553951983
1786283125001135900,2843.181135986328,58.05995667818934,2.306325191524063,45.167952208669924,51.54354898554796,58.46995667461306,111.18177835895386,2.0153207946796106,3,46.035285028526474,4.134938620934305
1786283126001158400,2844.1811584472657,58.12475802656263,2.3062174446665007,44.81603981722741,51.543533115640564,58.53475802298635,112.67023020436362,2.013405736668363,3,46.03533902781963,4.164263833027282
1786283127001182500,2845.181182373047,54.98184513109479,0.18114767968654633,1.1341171599091817,51.543501869846395,55.391845127518515,142.9621704231601,1.4349810674757604,3,46.0353569617783,4.269256114959717
1786283128001206000,2846.1812060546877,54.81589222584371,0.21732620894908905,1.1351168221272365,51.543458152005016,55.22589222226743,174.25378052060313,1.3634711996854727,3,46.03537398446926,5.3668365478515625
1786283129001229800,2847.181229736328,57.84166337456554,2.18487690348229,32.99773854528667,51.543404375838136,58.25166337098926,188.26643879128378,2.0134056655860166,3,46.0353662883689,5.36241149468685
1786283130001252600,2848.181252685547,57.24837136361748,1.9848507490773923,20.525606272096326,51.543334191260854,57.6583713600412,198.08368013060513,2.003328919066532,3,46.035328265052264,7.82139923252623
1786283131001277000,2849.1812768554687,57.018035682849586,1.8866081595123239,16.07774020742913,51.54325354880362,57.42803567927331,199.12361619676673,2.003328940898473,3,46.03528217256837,9.484353616193157
1786283132001300200,2850.181300292969,56.74468412529677,1.8270348110819543,13.625931270281383,51.54316249098894,57.15468412172049,200.10756280061224,2.001664495078215,3,46.03522829267343,10.843967951690322
1786283133001324000,2851.1813239746093,57.019369285553694,1.7977257180998614,12.820484415883126,51.54306643243277,57.429369281977415,201.05494812025125,2.000916397372085,3,46.03516861326572,11.36177871993921
1786283134001347000,2852.181347167969,54.12848930257765,0.261409729719162,1.014963122456134,51.54297158270299,54.53848929900137,201.90310026295376,1.5056261587160766,3,46.03509540911827,11.476390838623047
1786283135001370600,2853.1813706054686,53.42196846718567,0.2193714827299118,0.9895675186266745,51.542866257733635,53.83196846360939,201.73933964741354,1.4756522301582502,3,46.035030149613135,12.31201457977295
1786283136001394700,2854.181394775391,52.91783974790223,0.20344237983226776,0.9774713603282876,51.542759408852405,53.32783974432595,201.82500387998383,1.4731827908934905,3,46.0349619448055,12.739093780517578
1786283137001418500,2855.181418457031,52.25152328514556,0.22249673306941986,0.9751949863439693,51.542654208222835,52.66152328156928,201.62218824276948,1.4941313234810778,3,46.03489665270137,12.739093780517578
1786283138001442300,2856.1814423828123,51.960173081036906,0.19721545279026031,0.9599237505768786,51.54255220485507,52.37017307746063,201.5410319350514,1.4748302705455378,3,46.03483123379916,12.577317237854004
1786283139001466000,2857.181466064453,51.70585886681809,0.17926527559757233,0.949435034610972,51.542450171053716,52.11585886324181,201.68781270031496,1.464008443251315,3,46.03476820112652,12.356849670410156
1786283140001489400,2858.181489501953,51.41482946587391,0.1732180416584015,0.9438723791405255,51.5423496720538,51.82482946229763,201.8923632055785,1.4578136686839598,3,46.034703767068294,12.007865905761719
1786283141001513000,2859.181512939453,51.41484083700925,0.30801571388431404,7.258974518678512,51.54224952836421,51.82484083343297,201.8923126695184,2.0009163218647044,4.117638004426148,46.03463923104998,12.00786590574043
1786283142001536500,2860.1815366210935,51.2188276918605,0.30801571388431404,7.258974518680459,51.54214974211534,51.62882768828422,201.6408119966171,2.0009163218648287,4.1345890842091455,46.03457823854309,12.007865905740427
1786283143001560000,2861.1815600585937,50.59565883781761,0.3080157138843248,7.258974518678291,51.54205525219826,51.00565883424133,201.6687205857909,2.000916321864737,4.158542929829736,46.0345162793161,11.888514518717136
1786283144001582600,2862.1815825195313,50.29287220817059,0.3080157138843956,7.258974518677959,51.54197381722665,50.702872204594314,201.76412786595515,2.0009163218630883,4.175667226492143,46.0344642264899,11.07484436033486
1786283145001606400,2863.1816064453124,49.87837380170822,0.3080157138844894,7.258974518677546,51.541898887526656,50.28837379813194,201.75537652127153,2.000916321860847,4.196959235560423,46.034415212645726,9.894018173205867
1786283146001630200,2864.181630126953,49.51151911821216,0.30801571388448934,7.2589745186803,51.5418208375745,49.921519114635885,202.28492013090715,2.000916321860825,4.192622750759009,46.0343629275774,9.894018173205865
1786283147001654500,2865.1816545410156,49.175078459084034,0.308015713884547,7.258974518680764,51.54175514713915,49.585078455507755,202.84604999710356,2.000916321859251,4.165282226387241,46.03431843882581,9.091925621023474
1786283148001677600,2866.1816774902345,49.050060144625604,0.3080157138846049,7.258974518678109,51.54169956768645,49.460060141049325,203.13827624950446,2.0009163218576975,4.13294078189258,46.03427869141169,8.20793914794242
1786283149001702000,2867.181701904297,49.362284488976,0.30801571388471255,7.25897451868236,51.5416595234762,49.77228448539972,202.88825935250713,2.0009163218552812,4.241383792350282,46.0342503561007,6.2407798767059965
1786283150001725200,2868.1817250976565,49.339417663402855,0.30801571388471255,7.258974518686209,51.54160858159569,49.74941765982658,199.57418706262214,2.000916321855069,4.134866175703079,46.034225187233616,6.240779876705995
1786283151001748700,2869.181748779297,49.75015575438738,0.3080157138847288,7.258974518680091,51.54155853122417,50.1601557508111,184.98079539488344,2.0009163218545143,4.046284441932932,46.034235590578454,5.883332252499935
1786283152001772000,2870.1817719726564,49.940179059281945,0.3080157138847373,7.258974518683517,51.5415151711276,50.35017905570567,161.24298749615681,2.0009163218542625,4.011108168561575,46.034283868345604,5.693883419034596
1786283153001795600,2871.181795654297,50.02535992395133,0.3080157138847394,7.258974518678449,51.5414914446619,50.43535992037505,134.73166019021318,2.0009163218541657,3.980306863577877,46.0343676124581,5.64979791641014
1786283154001819100,2872.181819091797,50.49293840955943,0.30801571388471144,7.258974518678536,51.54146961805885,50.90293840598315,119.64251814048438,2.0009163218548593,4.01497817754576,46.034457651263985,6.273764133450343
1786283155001842400,2873.181842529297,50.549714056774974,0.30801571388471155,7.258974518681753,51.54144817059099,50.959714053198695,115.14131675311405,2.0009163218548727,4.022268988869837,46.034547749634704,6.273764133450343
1786283156001866000,2874.181865966797,50.15773625764996,0.30801571388466287,7.258974518682529,51.5414188516551,50.56773625407368,111.90204967807306,2.0009163218559465,4.0044271754971135,46.03466809712368,7.22992753982081
1786283157001889800,2875.181889892578,49.92843397241086,0.3080157138844709,7.258974518678177,51.54137965011375,50.33843396883458,110.6148159969279,2.000916321859979,3.936965790110456,46.03483543474122,10.156487464891955
1786283158001913000,2876.1819130859376,49.50299355387688,0.30801571388434384,7.258974518679072,51.54134052299519,49.9129935503006,110.05488015725639,2.000916321861874,3.8000745890660266,46.03500502061434,11.697616577128834
1786283159001936400,2877.1819362792967,49.3387711904943,0.3080157138843439,7.2589745186804,51.54130151794141,49.74877118691802,110.0769758015359,2.0009163218611845,3.6901695816811078,46.03516889180509,11.697616577128834
1786283160001960200,2878.181960205078,49.53108226901347,0.21824146807193756,0.9962841559017358,51.541261754784344,49.94108226543719,111.64321224828038,1.7102959691208353,3,46.03532871561614,10.360052108764648
1786283161001984000,2879.1819838867186,49.73940486837997,0.24087966978549957,1.0069228158642654,51.54123240390067,50.14940486480369,111.38307766355126,1.8155648658675254,3,46.03544626412032,10.360052108764648
1786283162002008000,2880.182008056641,49.706573128893176,0.2676634192466736,1.0181443897837732,51.541214035047155,50.1165731253169,111.15173232617376,1.910512930684877,3,46.03552374227114,7.248422622680664
1786283163002031900,2881.182031982422,49.61177189154671,0.2545747458934784,1.01428042370425,51.54120566219493,50.02177188797043,110.8780807970772,1.8838752727326231,3,46.03556932662757,4.569025039672852
1786283164002055200,2882.1820551757814,49.68222997960304,0.24575434625148773,1.0201049742406842,51.54119657090865,50.092229976026765,111.06525530109224,1.8688332700168704,3,46.035599581096854,2.4291889667510986
1786283165002078500,2883.1820783691405,49.709834702710886,0.24034498631954193,1.0290674630922103,51.5411873396018,50.11983469913461,111.64049383299071,1.8408879131536064,3,46.03563027719892,2.6683411598205566
1786283166002102300,2884.182102294922,49.70983532536775,0.3080157138848332,9.353392261726585,51.5411784950876,50.11983532179147,111.64052182707759,2.000916321851832,3.2607900365159623,46.035666027015246,2.668341159820324
1786283167002126300,2885.182126220703,50.05182320345193,0.30801571388483323,9.353392261691836,51.541166098003075,50.46182319987565,112.02403004381097,2.0009163218519066,3.5139850089080533,46.0357014429439,2.668341159820324
1786283168002149400,2886.1821494140627,50.14983031433076,0.30801571388481064,7.258974518693443,51.54114905817884,50.55983031075448,112.24072083893593,2.000916321852376,3.673226552763461,46.03576148682509,3.61759352683963
1786283169002173000,2887.1821728515624,50.23348443862051,0.30801571388481036,7.258974518693191,51.54113708966361,50.64348443504423,111.80201122119712,2.000916321852498,3.861842508753928,46.03581181355779,3.6314876079553455
1786283170002196200,2888.1821962890626,50.35511530563235,0.30801571388481036,7.258974518688222,51.54112539172674,50.765115302056074,111.47593807618927,2.000916321852575,3.983596173975742,46.0358599705602,3.631487607955346
1786283171002220000,2889.182219970703,50.22009466402233,0.3080157138848159,7.29791345008119,51.54111455144481,50.63009466044605,111.49372849213147,2.0009163218524555,3.995893567007683,46.035904637742576,3.4198873043055404
1786283172002243300,2890.1822434082032,50.17952699307352,0.3080157138848221,7.868506676970459,51.54110613226359,50.589526989497244,111.52603267508265,2.0009163218523205,4.005911932523294,46.035940234496856,3.1718904972072504
1786283173002267400,2891.1822673339843,50.01708643976599,0.30801571388485305,18.289949860612648,51.54110481834112,50.42708643618971,111.47082577620398,2.000916321851909,6.460002806743469,46.035945755839926,1.3645768165588066
1786283174002290200,2892.182290283203,50.05277429334819,0.30801571388485305,18.289949860403038,51.54110129553656,50.462774289771914,111.39540683478904,2.000916321851914,6.497274417366357,46.03596033011004,1.3645768165588068
1786283175002315000,2893.1823149414063,50.07742720562965,0.3080157138848601,-1,51.54110526203701,50.48742720205337,-1,2.0009163218514563,6.478781402563406,46.03594410969992,0.029718972742557526
1786283176002338000,2894.182338134766,50.03017988987267,0.3080157138848601,-1,51.54110547455749,50.44017988629639,-1,2.0009163218514554,6.4406418315126235,46.03594328260779,0.031831081956624985
1786283177002362400,2895.1823623046876,50.03017988987267,0.3080157138848601,-1,51.54110547455749,50.44017988629639,-1,2.0009163218514554,6.050628290280007,46.03594328260779,0
1786283178002385400,2896.182385498047,50.03017988987267,0.3080157138848601,-1,51.54110547455749,50.44017988629639,-1,2.000916321851456,5.523229351702447,46.03594328260779,0
1786283179002409000,2897.182408935547,50.03017988987267,0.3080157138848601,-1,51.54110547455749,50.44017988629639,-1,2.000916321851456,5.094869804959448,46.03594328260779,0
1786283180002431700,2898.182431640625,50.03017988987267,0.3080157138848601,-1,51.54110547455749,50.44017988629639,-1,2.0009163218514554,4.76270962868048,46.03594328260779,0
1786283181002456000,2899.1824560546875,50.03017988987267,0.3080157138848601,-1,51.54110547455749,50.44017988629639,-1,2.000916321851456,4.489010553647167,46.03594328260779,0
1786283182002479600,2900.1824797363283,50.03017988987267,0.3080157138848601,-1,51.54110547455749,50.44017988629639,-1,2.0009163218514554,4.278960865219714,46.03594328260779,0
1786283183002503700,2901.1825036621094,50.47237253841013,0.3080157138848601,-1,51.54110631364978,50.88237253483385,-1,2.000916321851456,5.651258513207632,46.035939773434265,0.0002645804488565773
1786283184002526700,2902.1825266113283,50.63975453283638,0.30801571388485705,28.129110716750056,51.541096217290914,51.0497545292601,111.51283325369636,2.0009163218516,5.659513856162794,46.03597980003347,0.8872673511505041
1786283184999650600,2903.1796506347655,50.93979022465646,0.30801571388473314,7.258974518673963,51.54106619053029,51.349790221080184,110.9528915163637,2.0009163218569377,5.350350822453367,46.036105750916825,5.816389560697067
1786283185999634400,2904.1796345214843,54.00430540647358,1.1558136212942138,11.68170042440341,51.54104260930927,54.4143054028973,109.20517595571475,2.5056153383606987,3,46.036225735978874,8.017115820529972
1786283186999665200,2905.1796650390625,54.004124749451876,1.266935384176089,9.323661990676602,51.54101165591279,54.4141247458756,106.50165591809935,2.3735458324274994,3,46.036413951303004,11.010450973044723
1786283187999656700,2906.179656738281,53.85610578674823,1.2773081157091803,7.6796504736720514,51.54097454565663,54.26610578317195,105.49961999986907,2.5672859888029476,3,46.036635035944954,13.477084367918549
1786283188999647200,2907.179647216797,53.72254732158035,1.2722049526120514,7.258974364992114,51.540919389246426,54.13254731800407,109.13805685820454,2.2430246898137045,3,46.03688292653173,15.877826180862291
1786283189999678200,2908.179678222656,53.70264248456806,0.7290821274988396,7.2589744009041,51.54086331865578,54.11264248099178,110.02284629421906,2.822937974798734,3,46.037155141030205,17.891444437400285
1786283190999671000,2909.179671142578,51.42831653284747,0.1957046091556549,1.0211161624029634,51.54078867244971,51.83831652927119,111.77760988057871,1.5537286139621471,3,46.03742216122746,18.550729751586914
1786283191999661800,2910.1796618652343,51.48195078561848,0.18719340860843658,1.030074915994787,51.54073168258887,51.8919507820422,112.00453608556322,1.588954938515889,3,46.03766874553337,18.163667678833008
1786283192999692500,2911.179692626953,51.50026766302689,0.19424308836460114,1.0467026913640658,51.5406757694657,51.91026765945061,111.5992668111605,1.6913260890055464,3,46.0379096248297,17.503341674804688
1786283193999684400,2912.179684326172,51.49071839555355,0.2074451446533203,1.0640538264551311,51.540619286915266,51.90071839197727,111.53341012718325,1.7491589973465453,3,46.038144776034756,17.503341674804688
1786283194999675400,2913.1796752929686,51.418317331941644,0.20960210263729095,1.077738003735546,51.54056634920282,51.828317328365365,111.76316403048413,1.7586562994618236,3,46.03837684957785,17.156021118164062
1786283195999705900,2914.1797058105467,51.538645464839156,0.2110632359981537,1.082391176829323,51.54050933071933,51.94864546126288,111.890792945315,1.732986637190621,3,46.038599378972506,16.859973907470703
1786283196999698200,2915.1796982421874,51.62201758005284,0.20042648911476135,1.0792571872173449,51.540455740766824,52.03201757647656,111.40364336314218,1.6944976063243395,3,46.03882085028415,16.275115966796875
1786283197999690000,2916.179689941406,51.4215170732841,0.1999911069869995,1.0781879424471206,51.540404594207175,51.83151706970782,110.77898158240949,1.6414340191262553,3,46.03904157565811,16.275115966796875
1786283198999721500,2917.179721435547,51.0671933734318,0.19524818658828735,1.0759921433506674,51.54035561599102,51.47719336985552,110.22407652367013,1.6299910128598083,3,46.03926107938949,16.068744659423828
1786283199999753700,2918.1797536621093,50.70273353791184,0.20336924493312836,1.0788500439097888,51.540307629834295,51.11273353433556,110.20849686217335,1.680522530795276,3,46.03947222075863,15.835160255432129
1786283200999786500,2919.179786376953,50.44197146756226,0.21131178736686707,1.0812201195517832,51.54026407396241,50.85197146398598,109.33028479907144,1.7248186823989793,3,46.039664907243534,13.499484062194824
1786283201999817700,2920.179817626953,50.247872107557036,0.21206119656562805,1.0818953477842623,51.54022606644885,50.65787210398076,110.059113794836,1.6876835251393847,3,46.03983940773456,13.499484062194824
1786283202999849200,2921.179849121094,50.304328555983446,0.2237931489944458,1.0878618381893859,51.54018930055361,50.71432855240717,111.65791764556342,1.6356024995146723,3,46.0400021932928,12.361308097839355
1786283203999880000,2922.1798798828127,50.730150553097694,0.19711889326572418,1.0823628955772908,51.540152942593,51.140150549521415,112.4706691756599,1.6026653926325776,3,46.04014688641049,11.3366060256958
1786283204999910100,2923.17991015625,51.35588121232184,0.1904374212026596,1.0855729777654912,51.54011945317606,51.76588120874556,112.60451356263547,1.6007457635274034,3,46.04028063927087,9.327458381652832
1786283205999939600,2924.1799396972656,51.51243625863514,0.18274728953838348,1.0887125169061698,51.5400881497906,51.92243625505886,112.59955484529804,1.5842209893414834,3,46.040401739808544,9.327458381652832
1786283206999969500,2925.1799694824217,51.200739643291676,0.1723737269639969,1.091960271856511,51.54005970030276,51.6107396397154,112.19089779706701,1.5794585886080263,3,46.04051232560071,8.637739181518555
1786283207999998500,2926.1799985351563,50.97013216271734,0.16312889754772186,1.0949937296216428,51.54003369643446,51.38013215914106,111.72770168831343,1.576918293666037,3,46.04062053976953,8.102499961853027
1786283209000026600,2927.1800266113282,50.97013736702502,0.3080157138846124,7.2589745186790084,51.54000673676567,51.38013736344874,111.72778663820283,2.82293781634172,5.370483355424621,46.040729026676395,8.102499961846513
1786283210000056300,2928.1800563964844,50.99041664972901,0.30801571388466037,7.258974518680217,51.53998689440001,51.400416646152735,111.36773840938896,2.8229378163405663,5.457445425626336,46.040819379404255,7.2768325805616865
1786283211000084500,2929.1800844726563,50.760872268117964,0.30801571388466026,7.2589745186800645,51.53996606239976,51.170872264541686,111.17111785589586,2.8229378163407706,5.5383235574195595,46.04091413675567,7.2768325805616865
1786283212000111900,2930.180111816406,50.389968619681895,0.30801571388467863,7.258974518681608,51.539947024743206,50.799968616105616,111.20284047131992,2.8229378163403105,5.582540049260736,46.04100026532145,6.935005187984195
1786283213000140300,2931.1801403808595,50.165969364345074,0.30801571388467863,7.258974518676516,51.539921546361015,50.575969360768795,111.41092208107295,2.822937816340596,5.7034197280847145,46.04109537984403,6.935005187984196
1786283214000167400,2932.1801674804688,49.85702064074576,0.30801571388464344,7.258974518679732,51.53989597619529,50.26702063716948,111.66261433838147,2.8229378163415997,5.6495992900979095,46.041203698339636,7.577851772303019
1786283215000195000,2933.1801950683594,49.61836263537407,0.3080157138846144,7.258974518679272,51.53986824902278,50.02836263179779,111.87852847894851,2.8229378163425474,5.654330439088476,46.04131303082038,8.069607734673738
1786283216000222200,2934.1802221679686,49.50340625550598,0.3080157138846144,7.2589745186810966,51.53983894815703,49.9134062519297,112.37984357320092,2.8229378163425722,5.662022138031979,46.04142380307514,8.069607734673738
1786283217000248300,2935.1802482910157,50.164445733009906,0.1613798588514328,1.1185759182264639,51.53981828494454,50.57444572943363,100.71613218012139,1.4990609660017922,3,46.041553237452355,8.30094051361084
1786283218000276000,2936.1802758789063,50.16445118840784,0.30801571388460025,7.258974518680314,51.53980441186705,50.57445118483156,100.71622423212625,2.8229378163429857,5.6494122928070025,46.04167079459413,8.300940513603837
1786283219000301600,2937.180301513672,50.3344901362434,0.30801571388460025,7.258974518678186,51.53979194481955,50.744490132667124,100.33595356363861,2.822937816342997,5.652643002384964,46.04178447485736,8.300940513603837
1786283220000328400,2938.1803283691406,50.61473264172673,0.3080157138846002,7.258974518681249,51.539766160676194,51.024732638150454,106.21610219417938,2.8229378163426095,5.536387519006423,46.04189620773061,8.300940513603836
1786283221000354800,2939.180354736328,50.563234257511795,0.30801571388460003,7.2589745186789685,51.539733113496254,50.973234253935516,111.47945686260987,2.822937816342265,5.429935855656294,46.04200864798374,8.302184104912424
1786283222000380700,2940.1803806152343,50.428803901188076,0.30801571388457427,7.258974518681631,51.53969981533591,50.8388038976118,112.05732886376876,2.8229378163425816,5.305551549874102,46.04212901423598,8.70342063903001
1786283223000407800,2941.1804077148436,50.37902858387679,0.308015713884554,7.25897451867926,51.53966883012942,50.78902858030051,111.91660973458494,2.822937816342395,5.101184534357913,46.04224943672688,9.00599288939535
1786283224000432000,2942.1804321289064,50.499065447598696,0.30801571388455407,7.2589745186800485,51.539638689666766,50.90906544402242,111.61718809860582,2.8229378163419083,4.9639652846675775,46.04237384714978,9.00599288939535
1786283225000458800,2943.1804587402344,51.249140446838645,0.1826101392507553,1.1443161264438917,51.53960813018937,51.659140443262366,111.27323456131911,1.7376582136707652,3,46.042502720223425,8.872182846069336
1786283226000484600,2944.1804846191408,51.24914667196572,0.30801571388456306,7.258974518682776,51.539579198025564,51.65914666838944,111.27332787056159,2.822937816341391,4.873693446944862,46.04262188330922,8.872182846060781
1786283227000510200,2945.180510253906,51.875540575012565,0.30801571388456306,7.2589745186773404,51.539550295228416,52.285540571436286,111.26254300860434,2.822937816341161,4.804032279065153,46.0427365594892,8.872182846060781
1786283228000535800,2946.180535888672,51.90687128249556,0.3080157138845643,7.258974518679344,51.53952159412689,52.31687127891928,111.22761325212544,2.8229378163409398,4.74415983093076,46.04285757143641,8.854019165030559
1786283229000560400,2947.180560302734,54.615296985022724,1.1610650453485536,10.872299922551289,51.539493537653875,55.025296981446445,110.22077462348399,2.000000087279935,3,46.04298917768667,8.653107200525605
1786283230000586500,2948.1805864257813,54.77550266403705,1.1547628116490951,11.268841762117665,51.53946636977947,55.18550266046077,110.86270028517609,2.0000000702894223,3,46.04309727727846,8.303284441398436
1786283231000612400,2949.1806123046877,54.84000206645578,1.1571974781381955,10.57098399159751,51.539436617878934,55.2500020628795,111.26455745642015,2.0000000675968908,3,46.04322169433915,8.870113193372111
1786283232000636700,2950.18063671875,54.183708989061415,0.6369022359007112,7.258956813128645,51.53942476601817,54.59370898548514,110.48137083912172,2.1223684857645946,3,46.04337443375466,10.039858167801142
1786283233000662300,2951.180662353516,54.34276491589844,0.656944090977181,7.258957838525763,51.539391714157645,54.752764912322164,111.53594979061297,2.0737004233608167,3,46.04351521120644,10.396822719809718
1786283234000687400,2952.1806872558595,54.742181866429746,1.3661362292694232,10.954949744245368,51.539344993664685,55.15218186285347,110.955835035471,2.044430690406454,3,46.04363731812661,10.104642665368514
1786283235000712000,2953.1807119140626,54.4271819954738,0.7647326307827851,7.258893508999411,51.53932236337898,54.83718199189752,112.9686927945814,2.0444307755329856,3,46.04378074998055,10.121745809729578
1786283236000737000,2954.180737060547,55.12059661652893,0.6613951481866924,7.258080585064028,51.53927690644228,55.53059661295265,113.4761381422494,2.010233688478087,3,46.043920514293426,10.659090480025665
1786283237000761300,2955.1807612304688,55.16443961020559,0.6338551542558485,7.257586894427336,51.53923912210579,55.57443960662931,111.96321580611998,2.0888849487341816,3,46.04406783095535,10.970191876453288
1786283238000786700,2956.180786621094,55.59945219848305,0.6384807651946582,7.256486323090286,51.53920656522148,56.00945219490677,108.99791775826834,2.0481383350090283,3,46.044231308595904,11.649879560631682
1786283239000811500,2957.1808115234376,55.70439479872584,0.6276222874497261,7.25835867779101,51.53917129242088,56.114394795149565,108.52976384566365,2.4349278424627716,3,46.044403239416134,12.214172465586978
1786283240000836400,2958.1808364257813,53.57551049956557,0.28564783930778503,1.1987771733995172,51.53910744378661,53.98551049598929,111.29617033655202,14,3,46.044563991348895,12.796370506286621
1786283241000861200,2959.1808610839844,55.99687352590263,1.0270298295362492,7.258861624650959,51.53909473575708,56.40687352232635,109.23231911278667,2.5172164196145452,3,46.04474394208913,12.309764632142171
1786283242000885000,2960.1808850097655,55.70904404576868,0.6914598044903332,7.258926929794243,51.539046922862084,56.1190440421924,110.3178466814068,2.0000000783802685,3,46.04489055303158,11.086639074866667
1786283243000910300,2961.1809104003905,56.010894508101046,0.7273185010271188,7.257230010051478,51.53900622124346,56.42089450452477,114.81247394977262,2.000000083254442,3,46.045016931473214,9.981595777971872
1786283244000934700,2962.1809345703123,56.03835039306432,0.7029094970301494,7.258763139771272,51.538962060392336,56.44835038948804,120.7109985154998,2.000000093527133,3,46.045135927584404,9.806650769858788
1786283245000958500,2963.180958496094,57.05005729291588,0.6459248890467683,7.2533258374110545,51.53891945756811,57.4600572893396,118.0894952034058,2.207962744236917,3,46.04527181972805,10.379288063378763
1786283246000983300,2964.1809833984375,57.34491995163262,0.642296979005164,7.2571661977455175,51.538872996876954,57.75491994805634,114.73015758913799,2.115465044992554,3,46.04542197270926,11.423910673916271
1786283247001008400,2965.1810083007813,57.921713603660464,0.6430178722771482,7.255828291535237,51.53883168260321,58.331713600084186,112.15536069513249,2.0611680431327235,3,46.04558566996237,11.987557746735927
1786283248001032700,2966.1810327148437,58.47546822577715,0.6593565665154285,7.257259086585119,51.53878799946382,58.88546822220087,112.06600272343037,2.031565257315889,3,46.04576039796022,12.772172644046794
1786283249001056800,2967.1810568847654,58.991395336575806,0.6703146849197118,7.255650213801571,51.53874186855744,59.40139533299953,111.32686343845327,2.0158545574518896,3,46.045941831192295,13.556456033002451
1786283250001081900,2968.181081787109,59.44187958724797,0.7850662333530312,7.255149639111641,51.53869818389961,59.85187958367169,110.70108031518927,2.0158547394937196,3,46.04612763232709,13.736688362542816
1786283251001106200,2969.181106201172,59.67583789676428,0.6446670698700789,7.256137735847683,51.538656571025115,60.085837893188,109.33722263214591,2.0463784446943656,3,46.04630903124062,13.400915771684732
1786283252001130000,2970.1811298828125,59.959450205788016,0.6416416700329234,7.25539395638772,51.53862246734068,60.36945020221174,108.0780885936109,2.3076776206609972,3,46.0464823253814,12.767452275789267
1786283253001154600,2971.1811545410155,60.33263439964503,0.6541013296470706,7.254734142824296,51.538589780608326,60.74263439606875,107.9957020484061,2.157715599976743,3,46.04664393287964,12.03514915811695
1786283254001179100,2972.1811791992186,60.45673326589167,0.6534900913079383,7.256671838353163,51.53855578934678,60.86673326231539,108.8131154220504,2.083212892875737,3,46.04679842493197,11.522832669031681
1786283255001203700,2973.1812036132815,61.34358183294535,0.6474541319153443,7.242057834847961,51.53852754743964,61.75358182936907,107.65826491369245,2.0449189974927706,3,46.046950202767064,11.145728472178414
1786283256001228300,2974.1812282714845,61.37638185080141,0.685027532726967,7.253780914827867,51.53849006059289,61.78638184722513,109.74676413623843,2.0242669437038057,3,46.04710144314149,11.092362692304354
1786283257001251800,2975.181251953125,62.44623890053481,0.712663904572914,7.246986113099207,51.53844948982943,62.85623889695853,113.01163136809534,2.01330893092873,3,46.04724702186712,11.189253936560343
1786283258001276000,2976.181275878906,62.693089766427875,0.6541480850643847,7.253140421945735,51.53841505932734,63.103089762851596,112.13366042379235,2.0071966070500378,3,46.047404028149806,11.452859912120875
1786283259001300000,2977.1813000488282,63.11272027902305,0.6759924558924706,7.252728171753641,51.53837260780673,63.52272027544677,113.35882762651926,2.003901565972337,3,46.04754158554309,10.846335879467054
1786283260001324800,2978.1813247070313,63.87838682066649,0.6357332468785973,7.246215275041005,51.53833670051092,64.28838681709021,113.41047037285998,2.0021750535377896,3,46.04767246764096,10.154028779468167
1786283261001349400,2979.1813493652344,64.5473873289302,0.6325296850334982,7.242558513546709,51.538305155956316,64.95738732535392,111.71155204126366,2.00124103958742,3,46.047806797840785,10.027656059417492
1786283262001373700,2980.181373779297,65.31130311172456,0.6353424427034601,7.234862972355584,51.538272756524556,65.72130310814828,111.21502808149299,2.000708788811598,3,46.047940108672044,9.926137235710133
1786283263001398000,2981.1813979492185,65.63962796702981,0.6378209595100518,7.251569457267624,51.53824514398498,66.04962796345353,110.12862515683571,2.000408436128978,3,46.048067358216144,9.446085884897757
1786283264001422300,2982.1814223632814,66.4577726367861,0.6325945684601517,7.234517751768463,51.53821727417333,66.86777263320982,110.66535663788878,2.0002439075544194,3,46.04817437238734,8.530716742299779
1786283265001446700,2983.181446777344,66.90704236086458,0.633709174061879,7.220113981091952,51.53819013045838,67.3170423572883,111.38928414992363,2.000148340480379,3,46.04828703990707,8.412831976761906
1786283266001470500,2984.181470458984,67.28940923605114,0.6626347923874073,7.24512718459442,51.53816361977735,67.69940923247486,109.99243493134348,2.000098060101419,3,46.04840630517847,8.658863535949125
1786283267001494500,2985.1814946289064,68.21687426697463,0.657835915085001,7.2384325597367924,51.538139700114336,68.62687426339835,107.11112124448869,2.0000637563201877,3,46.048536283259615,9.281906761220469
1786283268001518300,2986.181518310547,69.15327987167984,0.6701019657351799,7.240705138560856,51.53810707548418,69.56327986810356,109.8999016644,2.000039757325212,3,46.04867819654555,10.227632139719603
1786283269001543000,2987.18154296875,69.77444716356695,0.6385229534633132,7.239021948078811,51.538067675771686,70.18444715999067,112.57395558385102,2.0000233938156677,3,46.04882794609129,11.026603067464647
1786283270001568300,2988.181568359375,70.48276895284653,0.6401608160999801,7.247892572816035,51.53802356270046,70.89276894927025,113.32421729959079,2.000012838258457,3,46.04898551101442,11.778054126005719
1786283271001592000,2989.181592041016,71.21462794952095,0.6338089960115589,7.246250242215672,51.537983441228484,71.62462794594467,112.07705358087239,2.000006897753279,3,46.049143696765974,11.733525283566802
1786283272001616000,2990.181615966797,71.83362091239542,0.619753189850032,7.249791943455636,51.53794797306565,72.24362090881914,111.194680296614,2.000003960529857,3,46.049294486779985,11.330267314535464
1786283273001640200,2991.1816401367187,70.35320187970653,0.18203675746917725,1.1443040668911384,51.53791277840495,70.76320187613025,111.29970154435291,1.6166828823696713,3,46.049420769480825,11.765209197998047
1786283274001664500,2992.181664550781,72.68013821076602,1.0124949675097092,7.254798206002873,51.53787509978188,73.09013820718974,111.02262120051051,2.000003663341852,3,46.049601759384586,11.839571577907941
1786283275001688800,2993.1816887207033,73.43405748344958,0.6572744430580559,7.255887649857974,51.537829247693494,73.8440574798733,111.73250339472021,2.0661875979610604,3,46.04977818273377,12.766024508221156
1786283276001713000,2994.181712890625,73.88379089720547,0.6498555296336648,7.258251133367043,51.53779677431939,74.2937908936292,108.75391190858211,2.1953145881191505,3,46.04993827285141,11.933997673169635
1786283277001736700,2995.181736816406,73.6711710402742,0.6563354270494918,7.257922237250155,51.5377562219041,74.08117103669792,109.6804225423956,2.099868380490615,3,46.05010318368537,11.72040509040201
1786283278001761000,2996.1817609863283,73.19624784216285,0.6532573906607618,7.246613972243922,51.53772501843664,73.60624783858657,110.42709299146128,2.054986836484828,3,46.050225058761804,9.84516603086447
1786283279001784800,2997.1817849121094,73.6984890140593,0.6403549045767154,7.255498735042503,51.537696914625755,74.10848901048303,110.33751719027185,2.4205810411290654,3,46.050337985002855,8.977871332951636
1786283280001809700,2998.1818095703125,73.58755606412888,0.6344277924588081,7.258137402827891,51.53766867406239,73.9975560605526,110.01981093411868,2.2502770139145896,3,46.05046464130284,9.298471201600586
1786283281001833500,2999.1818334960935,73.24932841211557,0.6351711343446756,7.255336002687603,51.53763366947871,73.6593284085393,111.05188843436163,2.1446677742222375,3,46.05060472174128,10.093804342247662
1786283282001856800,3000.181856689453,72.31110866647214,0.6320764923331169,7.253815166022874,51.5375989389432,72.72110866289586,111.47754452943809,2.081083531016947,3,46.05074903416001,10.347169013974625
1786283283001881600,3001.181881591797,71.96563905291259,0.6302630885835909,7.2585246288250875,51.53756489207092,72.37563904933631,112.25762869695302,2.045553654639754,3,46.05088417107314,10.090159216694488
1786283284001905400,3002.1819055175783,71.58050909638405,0.6392003823615199,7.25645921490629,51.53752873603641,71.99050909280777,113.4284957206257,2.025966709120294,3,46.05101379478055,9.869876059643065
1786283285001929700,3003.1819296875,70.81323913950473,0.6423380297448231,7.234128578588028,51.537498935828,71.22323913592845,113.08097669332834,2.0149869879133058,3,46.05112997862093,8.694264032285933
1786283286001953800,3004.181953857422,70.95833830907941,0.6397937396480947,8.136580192792076,51.53747567047,71.36833830550313,114.79879371233417,2.0092968620173837,3,46.05120231716501,6.363571335099411
1786283287001977900,3005.181977783203,70.72669365722686,0.6557682954554589,12.207623162491714,51.537463469560294,71.13669365365058,113.55335836279637,2.22044748416801,3,46.05125335185346,4.339108707017732
1786283288002001700,3006.1820017089844,70.68441702146083,0.6456879146367349,15.712886069506006,51.5374563805733,71.09441701788455,110.88183316216627,2.2919673730242534,3,46.05129631148599,3.3282050862340538
1786283289002026500,3007.182026611328,70.6932603046298,0.6432985227420872,17.4183489772602,51.537447518787445,71.10326030105352,110.95721212692976,2.243306122365931,3,46.05133442981496,2.978884322727174
1786283290002050800,3008.18205078125,70.32301047630608,0.6391019066324475,18.0963397984935,51.53743729444038,70.7330104727298,112.71408074478052,2.230575897472571,3,46.051371815102506,2.837354877418476
1786283291002074600,3009.1820747070315,70.26197905093431,0.6377361540918028,17.060645893701743,51.53742706120479,70.67197904735804,112.62601609205781,2.201753920908778,3,46.05141303299676,3.015219753948608
1786283292002098200,3010.182098144531,70.26530069299042,0.635810326845601,11.887416249449078,51.5374106028953,70.67530068941414,113.1774838397274,2.206504079222373,3,46.051473466973164,4.320166877878509
1786283293002122800,3011.1821228027343,70.14924295153469,0.6406523680412655,10.507714341324137,51.53739237979509,70.55924294795841,113.32563128164493,2.185853689430096,3,46.051540984175844,4.932534467915461
1786283294002147000,3012.182146972656,69.89818368665874,0.6321509248317039,10.177273011232675,51.53737475410469,70.30818368308246,112.77719264916821,2.1689579226653715,3,46.051608575074354,5.019103868025219
1786283295002170600,3013.182170654297,69.74367102887481,0.6333567717447743,8.569526470840339,51.53735463533227,70.15367102529854,111.75485539140281,2.1548781039998164,3,46.05169104774458,5.983857045199254
1786283296002195700,3014.1821958007813,69.52891573123634,0.6350271370072762,7.378486042080756,51.537337827221464,69.93891572766006,106.76673459026412,2.2246877814069315,3,46.051791613362035,6.9697959340518985
1786283297002219800,3015.1822197265624,69.14788981992751,0.6360789809194786,7.670240924594876,51.537323071751985,69.55788981635123,105.20287101488219,2.2122602826499187,3,46.05188652453235,6.695336047663891
1786283298002244000,3016.182244140625,68.97737905289978,0.6414471933481406,9.43671290373865,51.53731328806337,69.3873790493235,104.0798584961372,2.2539910920754385,3,46.051959615444225,5.480934817635031
1786283299002268200,3017.1822680664063,68.95469758566469,0.6439042889246305,10.60237234300048,51.537301299738964,69.36469758208841,104.72046247163405,2.236661254772555,3,46.052023915283584,4.905771648417243
1786283300002291500,3018.182291503906,69.18706356920302,0.6380585956189938,10.34520953909742,51.537294990941824,69.59706356562674,98.89779928826292,2.2563111193612873,3,46.052095714391115,4.9963846472154385
1786283301002316500,3019.1823166503905,69.78735424391925,0.6509978461789775,10.73390691855413,51.537304333942,70.19735424034297,81.15024271500452,2.2306800120318018,3,46.0521665497986,4.903667711668828
1786283302002339600,3020.1823395996093,69.69123428035527,0.6759886672937948,11.546498759500283,51.537334809512465,70.101234276779,52.65820101873428,2.2097091134139837,3,46.05221621309018,4.731301792644894
1786283303002364700,3021.1823647460938,69.62587011605501,0.6606160749437255,9.289038578654317,51.537383025249085,70.03587011247873,31.863310915063284,2.1922333283469606,3,46.052261390962755,5.7518574031543706
1786283304002388000,3022.1823879394533,70.81628776155412,0.6566909743712686,8.25480227052487,51.53743754473067,71.22628775797784,22.382903818853904,2.177446159635119,3,46.05229373607394,6.370982641946949
1786283305002412300,3023.1824123535157,69.98661027662456,0.6627269371230218,8.277208958594873,51.53749470225245,70.39661027304828,20.706771022734554,2.157447275455388,3,46.052326466083464,6.48400019638559
1786283306002436600,3024.1824365234374,70.40112844854593,0.7245600551854694,9.962498067668173,51.53754156423001,70.81112844496965,19.562180838537444,2.1407124592081868,3,46.052352195744135,5.870362679379351
1786283307002461000,3025.1824609375,71.3107103575021,0.7084246107343544,10.517759808478552,51.53758391680301,71.72071035392582,20.78790303172467,2.1266411555203577,3,46.052380389238486,5.36076144228282
1786283308002484200,3026.1824841308594,71.98845527134836,0.6481449701495592,8.48137008051913,51.53763897225626,72.39845526777208,20.622489023321652,2.115128365365075,3,46.052413783926006,6.0804945810693685
1786283309002509000,3027.182509033203,72.34851493034512,0.6667940133094935,7.4287827426968756,51.53770120079347,72.75851492676884,21.012921673159834,2.1026513979413526,3,46.05245319482683,7.189954161644206
1786283310002532900,3028.182532958984,72.54418645985425,0.6645817971249294,7.22871927210352,51.53776712508824,72.95418645627797,21.039613410501453,2.0838938576628068,3,46.05249424665427,7.6320005058998515
1786283310999615000,3029.1796149902343,73.14261170756072,1.3676528769844083,14.81907635835622,51.537814840840866,73.55261170398444,20.597311203134385,2.0640380084741503,3,46.052533989580425,7.477669983391678
1786283311999598000,3030.179598144531,73.74593110196292,0.8370693619961955,10.510968763432418,51.53787659026749,74.15593109838665,20.475248811521276,2.064038015837828,3,46.05255992473194,6.417292223444154
1786283312999622000,3031.179621826172,73.62115316092968,0.6709120104940934,9.285241479722389,51.537920852667405,74.0311531573534,23.54592383850318,2.8883193112095693,3.1806341539417313,46.05260288834288,5.8537381069155785
1786283313999612700,3032.179612792969,74.71485320292413,0.6597046569076183,9.893763522356146,51.53796284221026,75.12485319934785,21.781954240467076,3.233984651819246,3.6220727684443323,46.05262854712557,5.308071129965235
1786283314999602000,3033.1796018066407,75.31891702581197,0.6578214387337873,9.630103563185953,51.53800804800191,75.72891702223569,23.45459634965757,2.9254884839129076,3.3585627475940716,46.0526631427557,5.491801663586246
1786283315999633000,3034.1796328125,75.88702810648829,0.657107378238496,9.638493657336348,51.538049302127256,76.29702810291201,33.32353055450073,2.7403907787637167,3.135848232410085,46.052709323130095,5.4890589351010775
1786283316999622700,3035.1796225585936,76.19291918724775,0.6558021811287834,9.688204991261273,51.53807444886155,76.60291918367147,55.000482196880206,2.6169922819646985,3.0740750305551594,46.052779536477374,5.465932868852402
1786283317999612400,3036.1796123046875,76.39468347840011,0.6452536554211642,8.451421567565163,51.53808139933099,76.80468347482383,78.96487456504651,2.5288504908857656,3.0281471719375492,46.05287379106182,6.179092530067027
1786283318999643400,3037.179643310547,76.2607503104955,0.670937515927552,7.322355140445622,51.538053478914144,76.67075030691922,106.58216156490835,2.4495386034539646,3,46.05298036113355,7.424279070519282
1786283319999639600,3038.1796396484374,76.48562966380268,0.7100349548104434,7.258870723472042,51.538013089013646,76.8956296602264,114.31664835222526,2.3435941202031247,3,46.05310389444179,9.078930379193764
1786283320999635700,3039.1796357421877,75.70726110041142,0.6553575410366425,7.252036460259273,51.53796131127069,76.11726109683514,117.9734647077701,2.2994226196548855,3,46.05325029299463,10.823295303996327
1786283321999670500,3040.179670410156,75.30608304869384,0.6337662417971579,7.252480054576549,51.53791093708036,75.71608304511756,119.74406765388862,2.17223111574956,3,46.05338830216094,11.05782587129591
1786283322999661600,3041.1796616210936,75.25860289763659,0.6297678517390735,7.2563772443121755,51.53786040078238,75.66860289406031,120.37438628223123,2.094102676171718,3,46.05352531405184,11.065886682268895
1786283323999654400,3042.179654296875,74.74263950251043,0.6428249248532366,7.2527897158691585,51.53780480781078,75.15263949893415,123.3768058302033,2.051574671691554,3,46.053656060369434,11.015900600444182
1786283324999687200,3043.1796872558593,74.17104980815202,0.6452023679886888,7.248787365767875,51.53774079449385,74.58104980457574,128.58375864085244,2.0280769999106343,3,46.053780700787144,11.12076426843714
1786283325999639000,3044.179639160156,73.85197625681758,0.6390524495181499,7.250965589643632,51.537667237012236,74.2619762532413,135.9365652682067,2.0153432594418303,3,46.05388885723171,11.145385822170324
1786283326999594800,3045.1795947265623,72.99517191946507,0.680848813115499,7.2427179228982315,51.53758296597832,73.40517191588879,143.56937397601845,2.008357932573548,3,46.05397883257741,11.196478995435804
1786283327999554800,3046.1795549316407,72.08008696138859,0.7210360171807662,7.239685136797304,51.537488635384626,72.49008695781231,148.46138902760453,2.0044779570272317,3,46.054064444150875,11.750228218569331
1786283328999520800,3047.179520751953,71.33486434444785,0.6880593717569352,7.238835438695169,51.53739086689186,71.74486434087157,151.34936037060794,2.002362650560665,3,46.054141442397494,12.027375338458864
1786283329999488300,3048.17948828125,71.1831955704838,0.6472006195933964,7.250005115584501,51.537294840349546,71.59319556690753,152.96811742915827,2.0012421853511864,3,46.054216912811505,11.977578797343913
1786283330999460000,3049.179460205078,70.3419914310798,0.6437643168464369,7.2486385936550715,51.537204414479454,70.75199142750353,152.95804894568823,2.0006554436842414,3,46.054292245332675,11.468643557150378
1786283331999434800,3050.179434814453,69.91441650502384,0.6358015944819957,7.249217691499731,51.5371186370702,70.32441650144756,153.9361973073401,2.000356123998156,3,46.054357327046866,10.855193735753389
1786283332999413500,3051.179413574219,69.38361347466707,0.6384467689952733,7.2505742217175495,51.53703625391617,69.7936134710908,152.66780407427137,2.0001982723495595,3,46.0544255185947,10.513873653695052
1786283333999394300,3052.1793942871095,69.41485059540719,0.6496021728137255,7.257511965511458,51.53695090176243,69.82485059183091,151.15945396998114,2.0001105637656824,3,46.054501085902565,10.731715910560803
1786283334999377700,3053.179377685547,68.82898522634059,0.6506566857654692,7.254352581073376,51.53687727100471,69.23898522276431,146.63161191758306,2.000062260249096,3,46.05458499647216,10.347867193730194
1786283335999364600,3054.179364501953,68.58075506053865,0.6728261727683933,7.257393191370757,51.53680408657684,68.99075505696237,145.3074011776325,2.000035200306435,3,46.054670898753365,10.15719867960173
1786283336999353900,3055.1793537597655,67.78059730585665,0.6378700386917076,7.242065661806395,51.536728533591464,68.19059730228037,146.66869838432663,2.0000200908076926,3,46.05474886064297,10.07597664557698
1786283337999343900,3056.17934375,67.83363239653409,0.6516777125076517,7.256026199124542,51.53665119873528,68.2436323929578,147.50458266427336,2.0000114533943054,3,46.05482471894616,10.041628082187266
1786283338999338200,3057.1793381347657,67.27499160822481,0.6726761038818935,7.2532735117661735,51.536575318927746,67.68499160464853,143.56133462577856,2.000006409679495,3,46.05491536144872,10.44685867055126
1786283339999332600,3058.1793325195313,66.96053061913699,0.6438012863678985,7.252955079233631,51.53650280715836,67.37053061556071,140.65749650665757,2.0000036640501726,3,46.055015550434184,10.59455943341902
1786283340999329500,3059.1793295898437,66.35750837530941,0.6452852236554893,7.2505429339155905,51.53642558716776,66.76750837173313,140.29246633134,2.0000020820896127,3,46.055119080683525,11.110347903153665
1786283341999329000,3060.1793291015624,65.9286045935005,0.6380765925358476,7.254276709427573,51.536341535209814,66.33860458992422,139.74082054895518,2.00000113733511,3,46.05523415090973,12.01154922233851
1786283342999328500,3061.179328613281,65.40725879278034,0.645717942615716,7.253990682498649,51.536252796870755,65.81725878920406,139.2385056946702,2.101522393817517,3,46.055358875874575,12.93462848379654
1786283343999331600,3062.1793315429686,65.5481098825112,0.6317665653540684,7.258792129157554,51.536162833696764,65.95810987893492,139.33136705777792,2.05052410370546,3,46.055482163910376,13.08525724485374
1786283344999334700,3063.179334716797,62.41779495437897,0.2673763930797577,1.0937983397951847,51.53607419908872,62.82779495080269,139.17896962302507,1.6580454448762498,3,46.05559813641872,13.81206226348877
1786283345999339000,3064.1793391113283,61.79759225683528,0.25014016032218933,1.0820021762117495,51.535980555674485,62.207592253259,138.38338918850198,1.6768864959380367,3,46.05573227174523,13.937262535095215
1786283346999345200,3065.1793452148436,65.349888083525,1.405727719066469,8.801272973356928,51.53588607738066,65.75988807994872,141.01105044477183,3.3736482448264273,3,46.05584393500487,12.941703300601937
1786283347999352300,3066.179352294922,63.85506164096296,0.6765063235774615,7.256655970485386,51.535787140944784,64.26506163738668,138.00271808208893,2.000000216952297,3,46.05600963137808,13.924290376402379
1786283348999360300,3067.1793603515625,63.72266595810652,0.6805505408663164,7.25774983169645,51.53569593368109,64.13266595453024,138.53283721557574,2.000000218552248,3.0424021092577327,46.05613968189628,13.637917119763497
1786283349999369700,3068.1793696289064,63.4571632668376,0.66700138217121,7.257117219603747,51.53560516509182,63.86716326326132,139.07293419658666,2.0000001683043607,3,46.05626427592563,13.38946489881494
1786283350999379700,3069.179379638672,63.060249365866184,0.6534850664927795,7.257732873439594,51.53551731487781,63.470249362289906,137.64141634637141,2.000000233111306,3,46.05639480069398,13.23779661570233
1786283351999391200,3070.1793911132813,63.06969292461872,0.6812853731295867,7.258657820431383,51.535427085522066,63.47969292104244,139.35626158806014,2.000000227353949,3,46.056519087320744,13.138879534565142
1786283352999403500,3071.179403564453,63.45461339596659,0.6856200813690557,7.25872415289619,51.53532999438254,63.86461339239031,144.29062123538742,2.000000130225353,3,46.056627367547286,13.191754894582044
1786283353999416300,3072.1794162597657,62.89351524785161,0.6689507383185288,7.257319420265459,51.53522207896033,63.30351524427533,149.93095889223724,2.000000126251473,3,46.05672016263613,13.575847688827283
1786283354999430100,3073.1794301757814,62.18556422088295,0.72221861364147,7.254293921393847,51.535112764263594,62.59556421730667,152.32941555826298,2.0000002161600468,3,46.05681036060993,13.694399063401962
1786283355999444500,3074.1794445800783,61.70513168349862,0.6629364192218327,7.254758617870583,51.53500194240602,62.11513167992234,151.58699832427502,2.000000086908209,3,46.05691001125558,13.933638166496262
1786283356999459000,3075.179458984375,61.245263984426856,0.6599696733384134,7.2555305885854775,51.534892448578546,61.65526398085058,150.8617104597856,2.000000049219627,3,46.0570084295907,13.90804350501747
1786283357999474400,3076.1794743652345,61.02764542866498,0.6701748146327856,7.256552773520281,51.53478346227126,61.437645425088704,150.99400213545297,2.0000001875022484,3,46.05710470837293,13.83648464271158
1786283358999490300,3077.179490234375,60.501567393541336,0.6818619564811196,7.254781199005514,51.53467385748168,60.91156738996506,151.93682148231548,2.0000001115464725,3,46.057196790597274,13.69057747183184
1786283359999507500,3078.1795075683594,60.23574804607779,0.671730425789842,7.256336751481809,51.53456521133087,60.64574804250151,151.37152926622153,2.00000016663232,3,46.05729482131803,13.76443067428475
1786283360999524900,3079.179524902344,60.34904858004302,0.6540438058009458,7.258825092241483,51.534458239729496,60.75904857646674,151.98262296471367,2.0000001622146444,3,46.05738494414271,13.63400274203354
1786283361999543000,3080.17954296875,59.92180772032589,1.7222192673343353,9.935653480688373,51.534348442971016,60.33180771674961,150.3302777202218,2.000000182862836,3,46.057485492509386,14.038573325435513
1786283362999560200,3081.1795603027344,59.42730783484876,1.7161333803068992,9.839137004091903,51.534236900158774,59.83730783127248,150.74793700043585,2.000000197171352,3,46.05758455045313,14.126038656981475
1786283363999579100,3082.1795791015625,59.55110584478825,1.7210312499823084,9.887079773736202,51.53412678603433,59.961105841211975,149.88106225596422,2.000000193443021,3,46.057685774178566,14.102685273876777
1786283364999597300,3083.179597412109,59.43286221008748,1.748651839532055,10.206417293404519,51.53401739464119,59.8428622065112,151.8156280651902,2.000000197819997,3,46.05777998064443,13.881320983919446
1786283365999618000,3084.1796181640625,59.24675814528018,1.745220551108902,10.346379752373743,51.53390893279084,59.656758141703904,151.87092371520532,2.0000002038389395,3,46.05787236042565,13.667431063006541
1786283366999637000,3085.1796369628905,58.897444320842624,1.727499052673879,10.391760512875925,51.533802854413814,59.307444317266345,150.81871780234755,2.0000002035199653,3,46.0579675635922,13.468910761611758
1786283367999656400,3086.1796564941405,58.51991552114487,1.7406986115884728,10.417676228737784,51.53369632574307,58.92991551756859,150.86695554290617,2.0000001997782784,3,46.058060561403835,13.53727966641541
1786283368999677200,3087.179677246094,58.252292485907674,1.721650211959546,9.97853743029162,51.53358515330568,58.662292482331395,152.1472637600667,2.000000247090207,3,46.05815431074278,13.977783603560152
1786283369999697200,3088.179697265625,58.399121885187924,1.375064584465044,8.025125764617878,51.53347406327426,58.809121881611645,153.2751515476948,2.0000000674762752,3,46.05824158050524,13.88379509009475
1786283370999718100,3089.179718261719,57.94640713185072,1.727750716672037,10.03674873659185,51.533360750305846,58.35640712827444,152.44420155613685,2.000000120706501,3,46.058335452853825,13.947083026903845
1786283371999740400,3090.1797404785157,57.39177422039211,1.7186098222728776,9.995944033793435,51.533252552446584,57.80177421681583,151.01893060356787,2.0000002554174827,3,46.0584409479031,13.927223988720481
1786283372999761000,3091.1797609863283,57.22574106696993,1.7157749513299148,10.119086173522142,51.53314359155215,57.63574106339365,152.16354353487765,2.0000001827458194,3,46.05853426927021,13.73678885453728
1786283373999784000,3092.1797839355468,56.698829187080264,1.747020231664609,10.26505844756992,51.533036021520374,57.108829183503985,150.01222087829257,2.00000019604014,3,46.05863477656671,13.787074564657793
1786283374999804400,3093.1798044433594,56.42766335327178,1.7410694459419298,10.390661131643649,51.53292947125387,56.837663349695504,151.5815287153079,2.0291704442257252,3,46.05872817919817,13.57459805670363
1786283375999826400,3094.1798264160157,56.22480386868119,1.7149563288609153,10.352052276873488,51.532821215517195,56.634803865104914,152.87355682726178,2.0992938806352592,3,46.05881574106291,13.420339767521284
1786283376999849000,3095.179848876953,55.90967785008252,1.7497894368597684,10.520124096317433,51.53271292963222,56.31967784650624,153.29477207001054,2.0489887371373485,3,46.05890145085851,13.474283950859633
1786283377999871000,3096.17987109375,55.63227025885135,1.7208623156359495,9.96766808379072,51.532602763968185,56.04227025527507,152.2528312326895,2.0238633149003116,3,46.058996960171804,13.986929787828076
1786283378999893800,3097.1798937988283,55.38120495714247,1.7122261370402105,9.857108099767483,51.53249171679533,55.791204953566194,152.02693878339338,2.0114080186698056,3,46.05909260370626,14.072638816030247
1786283379999916000,3098.179916015625,54.91318860091269,1.7171889782645602,10.645387670738335,51.532390301341714,55.32318859733641,150.5425942833547,2.0054710087873633,3,46.059185636161025,13.067648698230425
1786283380999938600,3099.1799384765627,54.93886130768806,1.7826636917514491,12.363286411679274,51.53230357493376,55.34886130411178,145.30849829823913,2.0027424440069197,3,46.059281408256226,11.683489363041344
1786283381999962400,3100.179962402344,54.41763707716018,1.87848758238142,16.721493423491413,51.5322379932446,54.8276370735839,144.67037366887394,2.0014806608355746,3,46.05935498926619,9.058377279459078
1786283382999985200,3101.179985107422,54.03160935919732,2.069170366687005,26.084086534148753,51.532193750580994,54.44160935562104,145.55864376854208,2.2200683157404972,3,46.05940139535952,6.2960524907328
1786283384000008400,3102.1800085449217,54.196687133051455,2.2876689310877105,43.42836920959441,51.53216460737107,54.606687129475176,148.14617483661715,2.165051199147445,3,46.05942366316045,4.177831335123602
1786283385000031500,3103.1800314941406,54.320475154556334,2.479510195572141,76.61683735744877,51.53214590068615,54.730475150980055,149.93782892542202,2.1320409404118728,3,46.059438867605444,2.5791306163964887
1786283386000054800,3104.1800546875,54.287748652510345,2.532066559444986,90.185705139309,51.53213127754839,54.697748648934066,150.84857663503587,2.178476471532026,3,46.05945218371831,2.1714521928649
1786283387000077800,3105.1800778808592,54.24474338442087,2.4878157804631207,65.49228483934819,51.532107445310565,54.65474338084459,151.5053988575034,2.152979837127116,3,46.05947246301238,3.0033600542653662
1786283388000102100,3106.1801020507814,53.99660685937852,2.2484403534038737,35.104392127392515,51.53206416107289,54.40660685580224,151.61551421328633,2.133857377303763,3,46.05951095866089,5.138276927633097
1786283389000125400,3107.180125488281,53.91983656119555,1.928410449221746,17.134992845602355,51.531989889460164,54.329836557619274,152.07998545971628,2.1189843610925307,3,46.05957380029855,9.081506852732401
1786283390000148700,3108.1801486816407,53.44928476959467,1.7755246285601867,11.269103730411013,51.53188515289188,53.85928476601839,153.64805012599,2.0829200235174437,3,46.05965441259129,12.762760162410213
1786283391000172500,3109.180172607422,52.72164044436067,1.67402898351334,8.867666445377273,51.53176129320245,53.131640440784395,153.7727037010277,2.0415549569287235,3,46.059752524869594,15.28885036188342
1786283392000196000,3110.180196044922,52.07499844394624,1.657371421851315,7.801583689523809,51.53162316269228,52.484998440369964,153.52534296333346,2.441603085027563,3.0525465691252753,46.05986394783133,17.198906147594844
1786283393000220400,3111.1802204589844,51.025143020786345,1.6452509347300304,7.515238485532705,51.531481889718414,51.435143017210066,152.94412193960835,2.708081064545044,3.4681537195243024,46.05997974300702,17.699004713742184
1786283394000244200,3112.180244140625,50.198405649513006,1.662667112323335,7.537089138702746,51.53134144630404,50.60840564593673,151.93487763932765,2.3273882594472806,3,46.06010268226789,17.84327249844183
1786283395000268800,3113.180268798828,49.49531016591936,1.6174165991812777,7.319875353466915,51.531201832618834,49.905310162343085,151.72140122647474,2.444101595184438,3.0022682005373493,46.060224576039815,17.877632836661583
1786283396000293400,3114.1802934570314,48.7792646009475,1.6497550632937938,7.407782723333204,51.53105842827509,49.18926459737122,151.96699480829903,2.168658100472882,3,46.06034816780538,18.022168415752724
1786283397000317000,3115.180316894531,47.93104958161712,1.6366488537250956,7.353911899792433,51.53091354401252,48.34104957804084,152.20805151430736,2.063856975308781,3,46.060469580875605,18.011067686641667
1786283398000340500,3116.180340576172,47.0467021195218,1.6509636514325932,7.640202029543836,51.53077229997383,47.45670211594552,152.7102960306273,2.0241232393870314,3,46.06058486390964,17.489932277174454
1786283399000364800,3117.180364746094,45.98372492939234,1.6630388352874221,8.124729909296065,51.53064008733836,46.39372492581606,153.09194126589375,2.532353993931118,3,46.060694837145896,16.564506130547358
1786283400000389000,3118.180389160156,44.902001271024346,1.7050673660309201,8.714461515717701,51.53051195011385,45.31200126744807,153.37379470778458,2.655387281232916,3,46.06079904646232,15.836093531221096
1786283401000413700,3119.1804135742186,44.202789527364075,1.681634655810707,8.605160874784655,51.53038456382555,44.6127895237878,153.6252930011388,3.490943277040354,3.2930890855454336,46.060901937254336,15.819680598597818
1786283402000438300,3120.1804382324217,43.461956036277115,1.6995968750956523,8.649257266480836,51.530255879930166,43.87195603270084,153.85816256919315,3.132467134923551,3,46.06100308608685,15.907571346987222
1786283403000462300,3121.180462402344,43.14640411455184,1.717397517791922,8.81676159625685,51.530134822176734,43.55640411097556,153.30122054183983,3.302298481269028,3,46.061104555218,15.771967632427456
1786283404000487000,3122.1804868164063,42.70797953940928,1.6962576820421913,9.436437090290353,51.530019830919876,43.117979535833,150.54500748847894,3.971971131521219,3.132112579555823,46.061198139763306,14.54226544926588
1786283405000511200,3123.1805112304687,41.93123219534755,1.742789432211351,10.37478918468376,51.52992002685744,42.34123219177127,144.51467897878686,4.125350818408659,3.1044103226432007,46.06131409497101,13.595393695683391
1786283406000536000,3124.1805361328124,41.228753476403654,1.78319999393999,11.09478732426616,51.52982558643573,41.638753472827375,138.21955251403196,4.2345268619985585,3.064140945823248,46.0614386661761,13.008133932386986
1786283407000560400,3125.180560302734,40.77633247245103,1.76688990515845,11.084242873197631,51.529745334164005,41.18633246887475,133.59911954196525,3.106003044624711,3,46.061576803981104,12.906900945048854
1786283408000584700,3126.180584716797,40.330132660456,1.764810927562123,11.073830251998585,51.52966999843604,40.74013265687972,133.49295349183788,3.0326549497727417,3,46.06170841286704,12.904477924470855
1786283409000609300,3127.180609375,39.78042987640947,1.7840055920764915,11.624966811604038,51.52959773594132,40.19042987283319,134.55276488288862,2.7705263392248614,3,46.061841881272336,12.424481630570195
1786283410000634000,3128.180634033203,39.395099620334804,1.7946334268257125,11.646379160824864,51.52952361496819,39.805099616758525,136.1810097303185,3.185376241083585,3,46.06196992016986,12.47551049130593
1786283411000658400,3129.1806584472656,39.029208317399025,1.8114838574956056,11.720899415590644,51.529447139898245,39.439208313822746,137.63945446508131,2.6182106242929994,3,46.062093273280276,12.511879028121202
1786283412000682800,3130.180682861328,38.24381153192371,1.780660129087635,11.012866765944445,51.52935864456187,38.65381152834743,139.22359648100826,4.225495708989173,3,46.06221557326055,13.082612170671073
1786283413000708000,3131.1807080078124,37.871926160529256,1.7606307199769193,10.212119161443997,51.52927896189678,38.28192615695298,140.46106698962743,4.997893324751844,3,46.062348305758334,13.951712785734347
1786283414000732000,3132.180731933594,37.804266788996756,1.7458645550320337,8.603701114344009,51.52915850662872,38.21426678542048,147.26162848590158,7.171036459197535,3.6761708296936297,46.06246422813837,16.435043675711864
1786283415000756500,3133.180756591797,37.82206538878381,1.7490465389583911,7.513409580955335,51.52901335502909,38.232065385207534,151.444073994967,5.774037777722679,3,46.06259159340828,18.856666448139002
1786283416000781000,3134.1807810058594,37.40369017235935,1.6912467540325022,7.258222858110112,51.52885918071254,37.81369016878307,153.97070022628426,3.6865666090265066,3,46.06270323242245,20.43692452586475
1786283417000806700,3135.180806640625,36.595613803714514,1.7053514692921286,7.258709423522522,51.52870631495891,37.005613800138235,155.33535952905217,3.9786368577271256,3,46.062805811509435,20.5621857081769
1786283418000830700,3136.180830810547,33.24429950805571,0.666745662689209,1.179903866618891,51.528493660956144,33.65429950447943,158.05860969655916,14,4.466428279876709,46.062886303244845,20.986366271972656
1786283419000855600,3137.18085546875,33.04875554162683,0.6540424823760986,1.1800867876226004,51.528311651726234,33.45875553805055,157.60608234328913,14,4.619539260864258,46.06300605734309,20.986366271972656
1786283420000879900,3138.1808798828124,33.44434215720222,0.6724267601966858,1.182241392140622,51.52814339718582,33.85434215362594,157.47192376761174,14,4.793184757232666,46.063121064710685,20.681123733520508
1786283421000904400,3139.1809045410155,34.05683410951975,0.677165687084198,1.1840284471039326,51.527972704836195,34.46683410594347,157.5913018139252,14,4.951388359069824,46.0632383420068,20.26910972595215
1786283422000928800,3140.1809287109377,34.380130860035244,0.697387158870697,1.1857263894429153,51.52780816062952,34.790130856458966,157.61615004212572,14,5.023990631103516,46.0633489579182,19.724985122680664
1786283423000954600,3141.1809545898436,35.24685404960265,0.7475892901420593,1.1930526211014003,51.52764436368496,35.656854046026375,157.6981532933009,14,5.172839164733887,46.06345691141368,19.724985122680664
1786283424000979500,3142.1809794921874,36.240778308686,0.7454057931900024,1.1738657659491882,51.52748034721222,36.65077830510972,157.86461866375245,14,5.328827857971191,46.06355268631222,19.48288345336914
1786283425001003800,3143.1810036621096,37.018433512111585,0.7377927899360657,1.1698794967948396,51.52731811519837,37.428433508535306,157.86353949386358,14,5.482294082641602,46.0636551960733,19.230440139770508
1786283426001029000,3144.181029052734,37.62341206752045,0.7245699167251587,1.1652408378530488,51.527163326486914,38.03341206394417,157.87434485313054,14,5.64406156539917,46.0637585354212,19.845975875854492
1786283427001053400,3145.181053466797,37.62344301491976,0.7245699167216498,7.2589745186797385,51.526998085565914,38.03344301134348,157.87442917631807,6.292297891426602,5.6440615653888235,46.063866241309746,19.845975875758388
1786283428001078000,3146.181078125,37.64268139563501,0.6561467051471833,7.258974518679556,51.52681194778615,38.05268139205873,157.76680263168495,5.469835140712849,5.71987056730559,46.06399219584517,20.592720031630915
1786283429001103600,3147.181103515625,38.942759917108354,0.706366777420044,1.161168124117017,51.52664867993192,39.352759913532076,157.1870638980872,14,6.040887355804443,46.06411859340275,20.60873031616211
1786283430001127200,3148.1811271972656,38.94279328268021,0.7063667774163553,7.258974518680135,51.526477937532015,39.352793279103935,157.1871540374003,6.109675049310757,6.040887355789033,46.064233729046464,20.60873031605449
1786283431001153000,3149.181153076172,39.5242328858003,0.7116991281474642,7.258974518679421,51.52631710938369,39.93423288222402,157.14719460883086,6.385666287170456,6.201440334305839,46.064348128829806,19.930612563989573
1786283432001176800,3150.1811767578124,40.152626554481685,0.7455856203996483,7.258974518679309,51.52615704015018,40.56262655090541,157.57562350252311,6.7715979767350944,6.36442518232904,46.064456096505346,19.93061256398957
1786283433001201700,3151.181201660156,40.46726716402918,0.7405158877339457,7.258974518679382,51.52601069004291,40.8772671604529,157.73834187299155,6.995178075642244,6.503029823290904,46.064553266636516,19.119745254430665
1786283434001227000,3152.181227050781,41.23954639490694,0.7573717236486903,7.258974518679626,51.52586002749008,41.64954639133066,157.80467390452895,7.313356578165233,6.6833281516915655,46.06465002386752,18.525077819746055
1786283435001251300,3153.181251220703,40.682507179677486,0.7040409445733987,7.258974518679236,51.525727323255865,41.09250717610121,157.8099180508674,6.965494660875812,6.3826479911699145,46.064732363586245,18.191591262743362
1786283436001276200,3154.1812761230467,41.189813658595085,0.7074826955766501,7.258974518679089,51.5255808396429,41.59981365501881,157.53154778294092,7.193148099366424,6.546395301808291,46.06483632472241,18.191591262743362
1786283436998246100,3155.17824609375,41.63807871285826,0.703956246373369,7.25897451867932,51.52544046100493,42.04807870928198,157.37580358132615,7.36575073889534,6.700795173634965,46.06493487343267,17.613306045465457
1786283437998233900,3156.1782338867188,42.1211231937632,0.7340130209896687,7.258974518679492,51.52530903294126,42.53112319018692,157.36897101510792,7.690433444447358,6.873352527609265,46.06502574176032,17.00756835931452
1786283438998259500,3157.1782595214845,42.695744667202234,0.7670980095837907,7.258974518679236,51.5251787694658,43.105744663625956,157.31083007821837,8.03039409156358,7.046292781821643,46.06511367737347,16.4218196868352
1786283439998338300,3158.178338378906,43.13556142244488,0.7999635338756692,7.25897451867939,51.525047521592896,43.5455614188686,157.6893717514004,8.399616827921207,7.223369121543742,46.06520317404661,16.43643760675693
1786283440998411500,3159.178411621094,42.97162458486855,0.6836501359916868,7.2589745186789,51.52490355719913,43.38162458129227,157.73054400806086,7.060764381703129,7.194142818438542,46.06530688788662,16.43643760675693
1786283441998522400,3160.1785224609375,43.218735600821674,0.6895002126671275,7.258974518679171,51.52476660171022,43.628735597245395,157.64293956628805,7.2403851739506475,7.35162401198108,46.065399981440855,16.273294448799554
1786283442998593800,3161.17859375,43.41327672917396,0.6933492422081309,7.2589745186784045,51.52462633084918,43.82327672559768,157.5156115539329,7.403628528379905,7.513344764696887,46.06549560642092,16.273294448799557
1786283443998665200,3162.178665283203,44.00882495380938,0.6705186367012,7.258974518679689,51.52448292441103,44.4188249502331,157.37743896412593,7.384822773293495,7.639629840836921,46.06559304724827,16.67171669000651
1786283444998774300,3163.178774169922,43.60848453403062,0.6333897709846497,1.159605078014142,51.52432222995203,44.018484530454344,157.46258006882715,14,7.814595699310303,46.06570455026166,16.432735443115234
1786283445998833700,3164.1788337402345,43.60850577056408,0.6333897709825469,7.2589745186789925,51.52418581673968,44.0185057669878,157.46265111199978,7.191101503830743,7.814595699295344,46.065795297163625,16.43273544306068
1786283446998887400,3165.1788874511717,48.605502284131944,1.7665864535859512,8.869953426560503,51.52400692372029,49.015502280555665,156.6090256318848,5.177714723411188,3.4172288977537857,46.065983086869174,16.13803841456094
1786283447998980000,3166.1789799804687,48.66124998033047,1.8121576364521492,8.943721012064222,51.523852079360964,49.07124997675419,157.50088206460896,5.295170369359533,3.3417638898034205,46.06608915662617,16.417802105475957
1786283448999027700,3167.1790278320314,48.68472056277096,1.7746269049886678,8.066109959155556,51.52366497351869,49.094720559194684,158.34317814938288,5.304887902211503,3.274960520255429,46.066204498337065,17.827088297759108
1786283449999071500,3168.179071533203,49.66303458157927,1.7393420099324384,8.038049270629806,51.52349870495336,50.07303457800299,160.20033818256553,5.188137085359708,3.2057321701667556,46.06629692898092,17.533634198823396
1786283450999152600,3169.1791525878907,50.70150364562869,1.9305946119278525,8.824927437458985,51.523339043149065,51.11150364205241,158.37556736543954,5.646663052225601,3.2123497793181537,46.06642220477154,17.726261476060504
1786283451999225000,3170.1792250976564,49.80332258809358,2.474259925325482,11.274446728405184,51.52318864238122,50.2133225845173,158.26935163767564,7.12130642969434,3.2387342716682617,46.06651906024848,17.782283183196533
1786283452999294000,3171.1792939453126,49.51683317869902,1.5553235321116365,7.258967808487981,51.52302129327979,49.92683317512274,156.04469274730837,6.059568767694297,3.2099496065414006,46.066626871283674,18.962533367691716
1786283453999361000,3172.1793610839845,52.40634716209024,1.517211325588846,7.258972524223712,51.52293136583553,52.81634715851396,155.49732175983058,4.608655255401041,3,46.06670612191758,18.43453506351059
1786283454999423500,3173.1794235839843,51.661127367056906,1.6550525523953905,7.258948005768355,51.52273649205899,52.07112736348063,159.69628277043117,4.4877208723431945,3,46.066789114080045,19.63826512732735
1786283455999486500,3174.1794865722654,51.541614034213126,1.680920587302061,7.25894786595078,51.522563159645266,51.95161403063685,159.95185217231392,4.227991659269723,3,46.06690443034252,20.314222184719032
1786283456999544300,3175.179544433594,51.68125747516751,1.4634839515235487,7.2589294974262755,51.52236281289428,52.091257471591234,157.92664497656438,5.194165322906082,3.6239689213812127,46.06704446568641,20.170774026069267
1786283457999602000,3176.1796018066407,50.07882562465966,1.7387760403759798,7.258881414106401,51.52218298568869,50.48882562108338,158.09142012962977,4.1517672702820585,3,46.067183690092,20.616182088318673
1786283458999656700,3177.179656738281,48.82036179956049,1.7364973918428779,7.258853034353594,51.52197823672718,49.23036179598421,159.4649686383282,4.2576407208572125,3,46.067302504554505,21.036298676696354
1786283459999710500,3178.179710449219,47.365737493149936,1.3028178913550483,7.255642776611805,51.521802189658914,47.77573748957366,160.5303117603269,4.321597085023488,3,46.06739685503821,20.615925643324367
1786283460999762000,3179.1797619628906,47.14443816523999,1.2857829462777295,7.257095184457225,51.5216226531122,47.55443816166371,161.1414080319977,4.2251073819291545,3,46.067489483900324,20.480906681788163
1786283461999811600,3180.1798115234374,46.4075067024678,1.5366702528770637,7.257463946085992,51.521435443201206,46.81750669889152,160.9451942470359,4.885481086085748,3,46.06759061149866,20.622870154557503
1786283462999860200,3181.179860107422,45.001062754541636,1.579746550423079,7.256463554851569,51.521213231909215,45.41106275096536,159.1731690200445,6.260951451538095,3.3489774643200545,46.06771825986682,21.421825187711207
1786283463999907600,3182.1799074707033,44.27998863346875,1.4174239523925813,7.257904887092023,51.5210249221362,44.68998862989247,158.67940163342837,5.993665358038789,3.238222503671238,46.067826970834375,21.085229744140104
1786283464999952600,3183.1799526367186,42.260870900936425,1.425603832394495,7.256020081389034,51.52083006844462,42.670870897360146,160.37871823120872,5.055930108790851,3,46.06792835388063,20.962578260838193
1786283465999998200,3184.1799982910156,40.09743803460151,1.460257135029363,7.256561244640751,51.5206305583468,40.50743803102523,161.0461252064017,5.031481060719417,3,46.06802926140147,21.408474707953285
1786283467000041000,3185.180041015625,39.71128501370549,1.2408151713904236,7.257749661321831,51.52047044760559,40.12128501012921,160.6075722408477,4.674507197783666,3,46.068133193087725,20.599913961764376
1786283468000084000,3186.180083984375,39.965646689757705,1.1388610852367198,7.258430513307836,51.520309062036084,40.375646686181426,158.17386440825874,4.251388734043106,3,46.06827095465328,20.148985380876802
1786283469000123400,3187.1801232910157,40.66138351615518,1.100810458041088,7.257905121342594,51.52017079115199,41.071383512578905,156.6550128736014,4.740264491143411,3.5097683156757435,46.068426621169394,20.061214660331135
1786283470000164600,3188.1801645507812,40.19729048572481,1.1673026841724417,7.258084204263898,51.51997730879574,40.60729048214853,156.36315041308407,4.038113477678692,3,46.06855230119096,20.824071436871915
1786283471000203500,3189.1802036132813,40.08802577294409,1.1108491023036378,7.2587209335768765,51.519778714631315,40.498025769367814,157.0469024010528,5.762418206050641,4.239268721349598,46.06867650901583,21.720407880916408
1786283472000243000,3190.180242919922,39.38727703690529,1.0951659593789855,7.258256832895697,51.51957700294085,39.79727703332901,157.40223615227376,4.829318350784246,3.640634149627779,46.06879423892598,22.29668669021304
1786283473000279800,3191.1802797851565,38.43596947751939,1.0893235640194094,7.257482052950312,51.519362082567156,38.845969473943114,157.4793698348644,3.834707831992053,3,46.06892382136253,23.00263384654929
1786283474000317200,3192.180317138672,37.46436631400138,0.9985168307565617,7.2573254005249215,51.51918149987072,37.8743663104251,157.87085351252443,2.971120541629763,3,46.06904111002271,22.76617659947714
1786283475000353800,3193.1803537597657,36.84671308938414,0.9759933563157667,7.258592107548975,51.51898955597459,37.25671308580786,158.54866472131636,2.737550218107219,3,46.06915395040513,22.834490599879317
1786283476000389400,3194.180389404297,35.556847581639886,0.925742459811038,7.258642973333577,51.51884426940314,35.96684757806361,158.5170412439443,2.400709326548992,3,46.06925838574649,21.89500113509898
1786283477000424400,3195.1804245605467,34.829911139793694,0.9082096759497608,7.258925115258739,51.51867941185024,35.239911136217415,157.72985785399666,2.175813997738284,3,46.06938177655322,22.035140416182482
1786283478000458500,3196.1804584960937,34.109722576104105,0.8153124728297036,7.258618731598778,51.518502617949146,34.519722572527826,158.1933365783873,2.68456141215255,3,46.069500270454746,21.93590287689212
1786283479000492000,3197.1804919433594,33.6071097003296,0.696892953049349,7.258011309189805,51.51833394473667,34.01710969675332,157.32186881845314,2.2084242039829403,3,46.069628338886666,21.480277347157347
1786283480000525000,3198.1805251464843,32.5551914954558,0.7025430329256825,7.2569129496203155,51.518158847680986,32.96519149187952,156.25506309041626,2.1042128603334285,3,46.069761665497474,21.679904862427897
1786283481000558800,3199.1805588378907,31.958168568089604,0.7527388266903694,7.2568406599719095,51.51798187074351,32.368168564513326,156.2004531436535,2.6413785447783678,3.1391360300675117,46.06988399767253,21.668896300716224
1786283482000591400,3200.1805913085936,32.53156180679798,0.9525867959057056,7.25889912572187,51.517802219707335,32.9415618032217,156.40967978875318,2.617115490980039,3,46.07000846658594,21.757655242550502
1786283483000622800,3201.1806228027344,30.734785958193243,0.961835074822708,7.258445820512612,51.517619071727175,31.144785954616964,156.71696501418123,4.0715356546069135,3.5903470651600973,46.07013319683861,22.023178368576588
1786283484000655000,3202.1806550292968,31.14407970942557,1.072807830132622,7.25896069428441,51.517447681805656,31.55407970584929,157.33476991389418,3.4900464574409846,3,46.07024671908247,21.66340994915934
1786283485000686000,3203.180686035156,29.26084751728922,0.9711332809209511,7.258146343470826,51.51727386229327,29.670847513712943,158.5444958762368,4.085603549041403,3,46.07035125851528,21.335253501551136
1786283486000716800,3204.180716796875,29.230811970308423,0.9569851195252501,7.258362006154083,51.51709919354618,29.640811966732144,158.20137032205957,3.270155873869211,3,46.070469540809526,21.24199688377996
1786283487000747300,3205.180747314453,30.614107771776617,0.9034167326832833,7.2589736676564565,51.51692163661864,31.024107768200338,158.02530479510386,2.386907282291437,3,46.07057393502224,21.12539011900781
1786283488000778200,3206.1807783203126,29.68812863342464,0.8893335356324853,7.256809098967607,51.51674550449261,30.09812862984836,158.23710876992757,2.3019492949024616,3,46.07067362666805,20.84030676535975
1786283489000808400,3207.1808083496094,30.310555695556104,0.8674556070703165,7.258929178357801,51.51658315415081,30.720555691979825,157.083792550021,3.0159740564326745,3,46.070789345263464,20.37835148808687
1786283490000838400,3208.180838378906,30.189430220983922,0.9347295136556057,7.258701316982228,51.51641743543461,30.599430217407644,157.0963822271268,2.671593396342705,3,46.07089858007463,20.088763266844317
1786283491000866800,3209.1808666992188,29.918014233000576,0.8626551194541271,7.257982164209429,51.516241923025134,30.328014229424298,157.13451013318257,2.4760734025222804,3,46.07101827649394,20.473840204460984
1786283492000896500,3210.180896484375,30.027024507522583,0.7740594894872149,7.258352041010124,51.516076141792844,30.437024503946304,157.0970798090741,2.2380370393236677,3,46.071132572790006,20.427985790613928
1786283493000925200,3211.180925292969,29.129329436458647,0.7848302235307186,7.256606647248279,51.515901703951954,29.53932943288237,157.3403187109294,2.0759966996648678,3,46.07124228199035,20.621921822848133
1786283494000954600,3212.1809545898436,29.039837898686528,0.7101741562148893,7.258063401612621,51.51572641911981,29.44983789511025,158.70475011740294,2.0379986520179503,3,46.07134337421596,20.68361272383165
1786283495000983300,3213.1809833984375,28.59236352518201,0.8433958511434432,7.258483175530732,51.51555355977876,29.00236352160573,159.10754456642633,2.012158671234274,3,46.07144788380684,20.6923709451836
1786283496001011700,3214.18101171875,27.708861793391407,1.519531783801161,7.25892028137841,51.51538300451465,28.118861789815128,157.92994162992474,2.1221179313122476,3,46.07155885223495,20.48906543073815
1786283497001040000,3215.181039794922,27.956514401361346,1.2620414672228724,7.258918992317969,51.51520957113064,28.366514397785068,157.79030347227382,2.7237644800260896,3,46.07167471791728,20.51640939021727
1786283498001068800,3216.181068847656,26.530256423167884,0.788447012153351,7.256720256934305,51.51502992966643,26.940256419591606,156.07101799060896,2.199332487654257,3,46.07181994977562,21.21499701496073
1786283499001096200,3217.181096191406,26.68417774885893,0.6177684002635847,7.25875087004957,51.51485081170965,27.09417774528265,157.27077373453935,2.099666832958615,3,46.0719397484467,21.1616200809361
1786283500001123600,3218.181123535156,26.126105633564293,0.8120059145653483,7.258947546883814,51.5146750836864,26.536105629988015,157.6192663100237,2.3597817591906867,3,46.0720598257791,21.125266194782995
1786283501001151200,3219.1811511230467,25.731927051208913,0.9109415354225933,7.25888109609122,51.51450147260664,26.141927047632635,157.47625375726807,2.2200133654536556,3,46.07218298988965,21.18192356450346
1786283502001178600,3220.1811787109373,25.483546666800976,0.7328762819784398,7.25897044866711,51.51432320952368,25.893546663224697,158.11614480126138,2.065678258195915,3,46.07229993133206,21.315625999120055
1786283503001206800,3221.181206787109,25.759991752915084,1.4030288489048084,7.258973839248461,51.514145363714384,26.169991749338806,157.76781426634267,2.032839118631729,3,46.07242888854262,21.893347631099324
1786283504001234000,3222.181233886719,25.99735668580979,1.046488726984631,7.25894914400272,51.51395817522526,26.407356682233512,156.78794063464875,2.165572028564672,3,46.07254929497746,21.91453129655899
1786283505001261300,3223.181261230469,26.575212152674794,0.600878760696047,7.258856962755255,51.513760586903054,26.985212149098516,157.32376419000803,2.00000083962377,3,46.072665085170556,22.542888096509657
1786283506001288700,3224.1812888183595,27.134753433056176,0.6064770325026564,7.258425688885198,51.513574029148906,27.544753429479897,157.07782390261994,2.00000086178662,3,46.07279021801526,22.42303475849759
1786283507001315600,3225.181315673828,26.481458184309304,0.6544019782811266,7.258974486986744,51.51338816993268,26.891458180733025,156.8382560108406,2.000000541332263,3,46.07291580051644,22.23587931594042
1786283508001343200,3226.1813432617187,26.77310609072447,0.7753903625124443,7.258582167712829,51.51320873194935,27.18310608714819,157.33049494573137,2.0000006384374847,3,46.0730330249584,22.045253927133697
1786283509001370000,3227.1813701171877,26.883852628059685,0.7388848701013884,7.25879363320657,51.51302566191075,27.293852624483407,157.60183388825087,2.000000937488552,3,46.07315364936645,21.89136789076296
1786283510001397200,3228.181397216797,27.50669267307967,0.8032239537142436,7.258598806593432,51.51284553841028,27.91669266950339,158.2875164454599,2.000000731520364,3,46.07327466583801,21.9761219022507
1786283511001424100,3229.1814240722656,28.937400978058577,0.7903735253745305,7.256637327953711,51.512645260525986,29.347400974482298,158.98829975229964,2.000000993843998,3,46.07339512552935,23.251303945880046
1786283512001451000,3230.181450927734,29.237207845784724,0.9020642215185719,7.257815933794574,51.51243468329025,29.647207842208445,158.88586683303723,2.000000778108258,3,46.07351398424301,24.486099176432894
1786283513001477000,3231.1814770507813,30.64870374277234,0.7625958044977263,7.255167949511315,51.51221035358655,31.058703739196062,159.60871501915796,2.0026691008270956,3,46.07363450412121,25.424492024890526
1786283514001503500,3232.1815034179685,24.663261050727144,0.4851142168045044,1.1044436165034728,51.51196045305157,25.073261047150865,156.94522055995537,14,4.0986738204956055,46.07381761716875,27.504480361938477
1786283515001530400,3233.1815302734376,24.66459103880508,0.47885963320732117,1.1006369599799544,51.51172834447469,25.074591035228803,157.1124235908373,14,4.178401470184326,46.073974731923705,27.902395248413086
1786283516001557000,3234.1815568847655,24.57207037597963,0.4761510491371155,1.100625327314024,51.51149869945331,24.982070372403353,157.23554458081594,14,4.273342609405518,46.07412795318723,27.902395248413086
1786283517001583000,3235.1815830078126,32.67464688234031,2.056437665195414,7.2581608125750074,51.51131911111438,33.08464687876403,160.38806596718655,7.345875070030728,4.305951382956797,46.07415807310532,25.6454844151127
1786283518001609700,3236.1816096191405,31.79132080823183,0.6443075318698288,7.2588868150563535,51.51107322843313,32.20132080465555,157.806684279695,2.0395262732181507,3,46.07440696067641,26.676054186125317
1786283519001636000,3237.1816359863283,32.773593061603606,0.6070632873496876,7.258634847747656,51.510854567439516,33.18359305802733,157.63485293980824,2.0002045604357943,3,46.07456523662099,25.870179734187158
1786283520001662200,3238.181662109375,30.745679452084005,0.5951911847438127,7.258747558117339,51.51063705547738,31.155679448507726,157.1306648011567,2.0001027437407215,3,46.07470900565255,25.271057800289537
1786283521001688600,3239.1816884765626,30.221950767561793,0.6180937874247747,7.258592910928314,51.51043623623607,30.631950763985515,156.72491819225317,2.0000220704993623,3,46.07484771965222,24.23854211592424
1786283522001715200,3240.1817150878906,29.953104480169713,0.626369513628338,7.258799183639407,51.510239051698065,30.363104476593435,157.29529352522334,2.000011378172917,3,46.07497200265468,23.16708984102627
1786283523001741300,3241.1817412109376,29.64106279052794,0.6622883058847557,7.2589447794137705,51.51006222806432,30.05106278695166,154.346519466963,2.0912767680541227,3,46.07511592460811,22.01574707660385
1786283524001766700,3242.1817666015627,29.988613630644977,0.660555797535441,7.2589002701865475,51.50988538956719,30.3986136270687,155.55675509126925,2.045638765014213,3,46.075234454242306,21.291780545119362
1786283525001793800,3243.181793701172,30.10258291475475,0.7447835635616057,7.258890827805658,51.509703163499324,30.51258291117847,158.0627831727004,2.013385682766155,3,46.07534736411893,21.415776040358597
1786283526001820200,3244.1818200683592,30.14639385510236,0.7365701647647619,7.258946068767562,51.50954540987004,30.55639385152608,156.8682285796003,2.17690767086057,3,46.07546662044524,20.41502680752935
1786283527001845800,3245.181845703125,30.07192089315504,0.7403013196584107,7.258090250318876,51.50940991789955,30.48192088957876,153.38378012731857,2.0639159813466548,3,46.075595715354964,18.991542528647717
1786283528001872100,3246.1818720703127,29.892310400493443,0.8064558673758871,7.257264769570316,51.50926270270461,30.302310396917164,152.98849352661168,2.022957976840681,3,46.07571209676757,18.22021232756403
1786283529001898800,3247.1818986816406,30.646650791168213,0.9161956070604818,7.2589737448601825,51.50911333652589,31.056650787591934,152.9813445706091,2.1012660914064605,3,46.07582610194887,17.937434710631194
1786283530001924600,3248.181924560547,31.482219146564603,0.9724270415021098,7.258188385477788,51.50895653245207,31.892219142988324,151.8620500333192,2.6912858491976426,3,46.07595505884826,18.36086224201386
1786283531001951000,3249.1819509277343,31.230265661142766,0.8865422571007436,7.258949672001686,51.50880587668684,31.640265657566488,154.06660100327574,4.432962494036018,3.444587042886574,46.07604861531359,17.776278625647375
1786283532001977300,3250.181977294922,30.928820656612515,0.9123165596666564,7.258913564019446,51.508640788870515,31.338820653036237,156.48872161597302,3.1438421785479957,3,46.07614291549348,18.395748666414107
1786283533002003200,3251.182003173828,31.07009818777442,0.9460080325364778,7.25897402060249,51.50846766227882,31.48009818419814,159.01650363522046,2.65104215293077,3,46.07622575165243,19.26477900458817
1786283534002029000,3252.1820290527344,30.484067544341087,0.6683043554682121,7.258732781628503,51.508282277460545,30.89406754076481,158.11530348466064,3.076133642457528,3,46.076343808958256,20.510687097637568
1786283535002054100,3253.182054199219,30.141129759140313,0.8523522396836749,7.258413824577294,51.508113112050125,30.551129755564034,157.8513491049954,2.5380669918016814,3,46.076449855496676,20.171430940892332
1786283536002080500,3254.182080566406,30.439936885610223,0.8896964350016986,7.258740309763248,51.50794837684339,30.849936882033944,156.8829159625173,2.582137740434439,3,46.07656047925246,19.900717340575266
1786283537002106000,3255.182106201172,30.453611851669848,0.951326774729592,7.258967657567939,51.50777083286475,30.86361184809357,158.64673666171757,3.0637470893864203,3,46.07664680860652,19.884861618596023
1786283538002133200,3256.182133300781,30.885114752687514,0.9657062932505877,7.258838269196476,51.50759711836982,31.295114749111235,158.49270895202304,2.425275856641459,3,46.07675757590294,20.132205334500103
1786283539002159400,3257.182159423828,30.113131089136004,0.9781579465360517,7.258614786047993,51.50742402074927,30.523131085559726,156.60480994816035,2.36789407896824,3,46.076887180105,20.499451239116535
1786283540002184400,3258.182184326172,29.150655793957412,1.1341472728653819,7.257352068100226,51.50726977367274,29.560655790381134,157.85192870516173,2.793753103049509,3,46.07697204221417,19.413838142292736
1786283541002210000,3259.1822099609376,28.33940315619111,1.692134917583979,7.8110441742604655,51.50712933919303,28.749403152614832,159.98681909148235,3.008576549594614,3,46.07703362956647,17.553335876184235
1786283542002237000,3260.182236816406,27.135676192119718,1.434117739343069,7.255113644239955,51.50696832858053,27.54567618854344,161.39233280645766,3.8724538240916377,3,46.077122925021264,18.172757032139543
1786283543002261500,3261.1822614746093,26.376614690758288,1.3284425490226752,7.256897322472991,51.50677771868659,26.78661468718201,162.8527548656576,8.384150907365154,4.141502511195993,46.07721926957573,19.178099270911684
1786283544002288400,3262.1822883300783,26.150191918946803,1.200976861872839,7.258214284425622,51.5065858113676,26.560191915370524,160.0259627869938,5.703738830719737,3,46.07735521930247,20.21396493676452
1786283545002314500,3263.182314453125,25.54499037284404,0.943851326687766,7.258710064082648,51.506367832752936,25.95499036926776,157.66450395367602,4.575748899668644,3,46.07752918563385,21.440218000349553
1786283546002339300,3264.1823393554687,23.025357228703797,0.9475332338531738,7.258520598310432,51.50616940504018,23.435357225127518,156.8256183899905,4.157794007911536,3,46.07768102301717,21.47758536167217
1786283547002365700,3265.1823657226564,22.997287792153656,0.9127337917018937,7.2583544360412775,51.50600390790995,23.407287788577378,155.6959710589752,5.537873911912024,3.504574041748979,46.07783486109229,21.484910973598378
1786283548002391300,3266.1823913574217,21.669419152662158,0.7749693340993127,7.257905028294935,51.50582631788943,22.07941914908588,157.07593280106934,3.768937260708654,3,46.07794021687095,21.187711760860587
1786283549002417700,3267.1824177246094,20.58025764953345,0.6894116994598888,7.256500971015019,51.505642186207794,20.990257645957172,158.18603245003172,4.698560209792344,4.055134211660408,46.07805052643278,21.071312300120958
1786283550002443500,3268.182443603516,19.602451886050403,0.6170035846345011,7.256281325132027,51.5054632872583,20.012451882474124,157.83214400261093,3.7668168892350535,3.728800558516234,46.07816301418918,21.00278177838372
1786283551002469400,3269.1824694824218,19.003561777062714,0.7374302845435153,7.258219397742893,51.50527620344258,19.413561773486435,158.16953406174457,2.5173447107692692,3,46.07827561460946,21.706474250503895
1786283552002495700,3270.1824958496095,18.174779562279582,0.7407362822275598,7.256642751044481,51.505108842039746,18.584779558703303,157.75982054367603,2.447861064278076,3,46.07838177473783,20.835368344531716
1786283553002521600,3271.182521484375,17.72899783588946,0.6538463630901135,7.256270056967508,51.504945094209134,18.13899783231318,157.8947277950723,2.147340460699519,3,46.07848974742845,20.23789539067095
1786283554002547000,3272.182546875,15.897845011204481,0.8250248048609113,7.252971301579262,51.50477523886948,16.307845007628202,157.58245633206337,2.073670457460536,3,46.07860257856349,20.159224879538385
1786283555002572500,3273.1825725097656,14.41722427867353,0.9347461257766023,7.252295333384501,51.504609527505544,14.827224275097251,157.10725935008418,2.589019722941591,3,46.078719552995246,20.135059965844885
1786283556002598400,3274.182598388672,14.09555273130536,0.7402687346083052,7.254281066020528,51.50444196155798,14.505552727729082,156.7160548339421,2.294510574580959,3,46.07883261240577,20.176165725473822
1786283557002624000,3275.1826240234377,13.581479640677571,0.7649363917880603,7.252897710341879,51.50426452583785,13.991479637101293,157.71285794128414,2.0935046125153747,3,46.07893318769931,20.390367180464963
1786283558002650400,3276.182650390625,13.46895576827228,0.6962961053279679,7.2524975377375345,51.50409504944294,13.878955764696002,156.4322850414499,2.0467528947005875,3,46.079050302744946,20.42538358523525
1786283559002676500,3277.182676513672,13.634677783586085,0.7760355598500882,7.254730664023228,51.50393627201403,14.044677780009806,154.20992812237802,2.0154959981365583,3,46.07917170972376,19.980226780758276
1786283560002702600,3278.1827026367187,13.323513649404049,0.7345158665054065,7.257030979726049,51.50376650062554,13.73351364582777,154.28895918479267,2.007748514867577,3,46.07929848513046,20.11724874598771
1786283561002727700,3279.182727783203,13.564366343431175,0.712808089889852,7.256435603603125,51.50361601954703,13.974366339854896,152.54275132056065,2.0026430784700833,3,46.07942795993231,19.383306211632668
1786283562002754300,3280.1827543945315,13.84891359694302,0.6717781469529074,7.257950003466674,51.50348578780476,14.258913593366742,149.41162592599923,2.0009707981312066,3,46.07956613068595,18.042587275701443
1786283563000025900,3281.1800258789062,14.103939402848482,0.7176820130786508,7.2584877753198365,51.503351074307375,14.513939399272203,149.1662443196302,2.000370904749019,3,46.07969816422919,17.6317539550082
1786283564000012800,3282.1800126953126,14.801723504438996,0.6446098923948079,7.258685254476222,51.50320952789125,15.211723500862718,149.76764796688795,2.0001437365752643,3,46.07982436338917,17.824553524393757
1786283565000038700,3283.1800385742185,15.18629563972354,0.6714353477284487,7.257831457481652,51.50306321310412,15.59629563614726,147.76890194189644,2.000054129962494,3,46.07997051158966,18.804595523143384
1786283566000029400,3284.1800295410158,15.185433436185122,0.6605161447911461,7.258725943576924,51.50291163622217,15.595433432608843,145.6603283016709,2.620774120722393,3.3692575217741707,46.08014000488814,20.176515400122316
1786283567000019500,3285.18001953125,16.103149127215147,0.6634422623288435,7.257316611021021,51.50275980221725,16.51314912363887,143.07385576751392,2.2008461191606705,3,46.08032577565651,21.112387203750338
1786283568000047000,3286.1800471191405,16.68625515513122,0.6131098752244566,7.256244347264566,51.50259453127139,17.096255151554942,141.62322078718796,2.1004239151370787,3,46.080535584786965,22.667469603820376
1786283569000038700,3287.1800385742185,15.312007416971028,0.6175100643646408,7.257810072618337,51.502429754733384,15.72200741339475,139.7272008841643,2.0264158533405663,3,46.08076205737633,23.795787652242574
1786283570000027600,3288.1800275878904,15.480603698641062,0.6474951669439662,7.25751178547222,51.50227843101056,15.890603695064783,138.06549051329904,2.2145370131921616,3,46.080981292823004,23.294413771148513
1786283571000056800,3289.1800568847657,16.997121896594763,0.591964725345508,7.258657716358929,51.50212312653262,17.407121893018484,136.54278604883288,2.0522691892438414,3,46.08121908172616,23.515849003231885
1786283572000052500,3290.180052490234,16.108909412312123,0.3072587847709656,1.0455822201750664,51.50197853750538,16.518909408735844,133.74100523229268,2.006716999340164,3,46.08144434117062,22.777175903320312
1786283573000045800,3291.1800458984376,16.486134270788455,0.2682422995567322,1.0332931090326267,51.501842385562504,16.896134267212176,132.78383618238544,1.969594006999416,3,46.081682735996196,22.777175903320312
1786283574000074000,3292.1800739746095,17.004850072860624,0.24261356890201569,1.0272887324219508,51.50170853734133,17.414850069284345,132.39223411651193,1.9441831836927248,3,46.08191989718854,22.425640106201172
1786283575000046000,3293.1800461425782,17.472599384975716,0.22866566479206085,1.02441791853643,51.5015754894776,17.882599381399437,132.22643810459903,1.920453673144923,3,46.0821515459135,22.062545776367188
1786283576000018200,3294.1800180664063,17.688693236203758,0.22357787191867828,1.0239872964536016,51.50144539690314,18.09869323262748,131.79186048846782,1.9000488095047987,3,46.08238097488198,21.666101455688477
1786283577000050400,3295.1800505371093,17.688730070367455,0.30801571388308613,7.258974518679471,51.501315618547444,18.098730066791177,131.79204255116775,2.0522666642359026,3,46.08261360625637,21.666101455563695
1786283578000082400,3296.1800825195314,17.942277332767844,0.3080157138831416,7.258974518679505,51.50119120580397,18.352277329191566,131.34889824549663,2.0522666642357006,3,46.08284242799282,21.325168609500164
1786283579000115500,3297.1801154785157,18.038540234789252,0.30801571388314153,7.258974518679392,51.50106322600052,18.448540231212974,131.4392204157938,2.052266664236018,3,46.08306814888042,21.325168609500157
1786283580000146400,3298.180146484375,18.295640679076314,0.30801571388316845,7.258974518679541,51.50094238454857,18.705640675500035,131.23878081942533,2.0522666642358742,3,46.08329163275738,21.157680511358414
1786283581000178000,3299.1801779785155,18.509997619315982,0.30801571388322846,7.258974518679662,51.50082480551085,18.919997615739703,131.52836318673997,2.0522666642352494,3,46.08350524791989,20.778940200695597
1786283582000209400,3300.1802094726563,18.6418121419847,0.3080157138834481,7.25897451867935,51.500718362806275,19.051812138408422,131.95826929787853,2.05226666423352,3,46.08369947560303,19.329801559359634
1786283583000239400,3301.1802392578124,19.12342567089945,0.30801571388344806,7.258974518679886,51.500606089662256,19.533425667323172,132.09948992896355,2.0522666642337537,3,46.08391007539333,19.329801559359627
1786283584000271000,3302.180270996094,19.378796217031777,0.30801571388344806,7.25897451867992,51.500492664301845,19.788796213455498,131.94320193760075,2.052266664233881,3,46.08411684076199,19.329801559359627
1786283585000301300,3303.1803012695314,19.63659099023789,0.30801571388346394,7.25897451867888,51.500382220201594,20.046590986661613,131.53253010271123,2.0522666642337732,3,46.08432153799828,19.220792770298623
1786283586000331300,3304.180331298828,19.836817868053913,0.3080157138841111,7.258974518679805,51.500323365287855,20.246817864477634,129.4711120236893,2.0522666642282625,3,46.08444261684133,14.079708099330995
1786283587000360400,3305.1803603515623,19.80499282386154,0.30801571388411103,7.258974518678934,51.500256042058254,20.21499282028526,129.052135293713,2.0522666642285077,3,46.08456953353576,14.079708099330997
1786283588000390100,3306.180390136719,19.617799492552876,0.3080157138844637,7.258974518680449,51.50022651709381,20.027799488976598,128.92134473555254,2.0522666642254452,3,46.08462128112738,10.242698669420411
1786283589000419000,3307.180419189453,18.980526420287788,0.3080157138846361,7.258974518676836,51.50020055736731,19.39052641671151,128.8371609284242,2.052266664224022,3,46.084668164787985,7.6999101638737955
1786283590000449300,3308.18044921875,18.76715290080756,0.30801571388475835,7.258974518682265,51.50018336198012,19.17715289723128,128.88878874849476,2.0522666642229876,3,46.084693632112675,5.189608097074702
1786283591000477000,3309.1804768066404,18.800694569945335,0.30801571388475824,7.258974518676117,51.500155985447414,19.210694566369057,128.74827818673788,2.0522666642229774,3,46.084742721616905,5.189608097074702
1786283592000505900,3310.180505859375,19.272020519711077,0.30801571388479215,7.2589745186727805,51.50013684651457,19.6820205161348,128.63826287594173,2.0522666642226595,3,46.084775602303885,4.240613937376995
1786283593000534300,3311.1805341796876,19.475427689030766,0.3080157138847922,7.258974518686619,51.50010917085724,19.885427685454488,128.42981927112945,2.0522666642235063,3.8680837447088634,46.08482755805174,4.240613937376994
1786283594000562700,3312.180562744141,19.817856149747968,0.3080157138846504,7.258974518680827,51.500055715256515,20.22785614617169,128.36900434160322,2.0522666642262752,3.8230676324734634,46.08493329083131,7.4506196975657275
1786283595000592000,3313.180591796875,19.997823728248477,0.3080157138844118,7.2589745186794365,51.49998008469957,20.4078237246722,131.03557793426572,2.0522666642309537,3.8153666855581037,46.08506375760869,10.892034530623796
1786283596000619800,3314.180619873047,20.36605236120522,0.30801571388441185,7.25897451867899,51.49991178604686,20.77605235762894,129.07270721609962,2.0522666642308898,3.803656366163622,46.08520502221391,10.892034530623798
1786283597000648200,3315.1806481933595,22.15082246810198,1.263022885786671,7.258974280856073,51.49981446129017,22.5608224645257,127.79257491580483,2.8621891602642164,3,46.08540429898865,14.642546340674567
1786283598000675300,3316.1806752929688,22.224126205779612,1.2651991006934957,7.2589744468078905,51.499711887272824,22.634126202203333,128.30535152061245,2.3573270350977613,3,46.085609370605916,16.40634960025949
1786283599000703000,3317.1807028808594,22.085199335590005,1.151716746870659,7.258973289167398,51.49961042027178,22.495199332013726,129.01299039319355,2.1397116504267193,3,46.085813220575886,17.07640535988733
1786283600000729900,3318.180729736328,21.97274023015052,0.738565140929872,7.258974390594291,51.499515205002645,22.382740226574242,129.05121602690656,2.05560535867931,3,46.086006590271026,16.793626491504412
1786283601000757800,3319.1807578125,19.762313180213916,0.15432898700237274,1.0605123733704795,51.499421573845105,20.172313176637637,129.75087702106293,1.5836953508213,3,46.08617691072851,16.000757217407227
1786283602000785400,3320.1807854003905,19.868402533876445,0.15029029548168182,1.0594739711732262,51.49932992632787,20.278402530300166,129.71684901861792,1.5995263352778897,3,46.0863525484518,16.000757217407227
1786283603000812800,3321.1808127441404,19.807550425564408,0.14893031120300293,1.0601478120235301,51.49924232627783,20.21755042198813,129.2430934374075,1.6144660205578407,3,46.08652556400267,15.652231216430664
1786283604000839700,3322.1808395996095,19.692712153150453,0.14989551901817322,1.0618513038912136,51.49915337665589,20.102712149574174,129.11693984343736,1.624304223879727,3,46.08670165646061,15.652231216430664
1786283605000867300,3323.1808674316408,19.640175540459015,0.15433940291404724,1.0649347074146513,51.49906360796376,20.050175536882737,129.22062211503817,1.632366137587478,3,46.086880423208136,15.655932426452637
1786283606000894000,3324.1808940429687,19.673721655785663,0.15449191629886627,1.066321235816164,51.49897719135168,20.083721652209384,129.23488355002516,1.6394052132385544,3,46.08705559206109,15.655932426452637
1786283607000921000,3325.180921142578,19.323930791406596,0.1513579785823822,1.0670102311486889,51.49888940394168,19.733930787830317,129.20252211373764,1.6484792049611983,3,46.08723069889409,15.527226448059082
1786283608000948000,3326.180947998047,19.2761342713564,0.1583739072084427,1.0712771783892427,51.498802717208626,19.686134267780123,129.2440496638913,1.6251198943646397,3,46.08740703615363,15.498934745788574
1786283609000974600,3327.180974609375,19.185056488023594,0.16025032103061676,1.0729807769786321,51.49871310228071,19.595056484447316,129.3225421978331,1.6300092945710574,3,46.08758427208776,16.145822525024414
1786283610001003500,3328.181003417969,19.274188432556148,0.15801720321178436,1.0709847609154017,51.49861950180599,19.68418842897987,129.25613909872223,1.6387208944811242,3,46.08777370072853,17.494813919067383
1786283611001029000,3329.181029052734,19.271751041574355,0.1592399924993515,1.0673644404901776,51.49851564322723,19.681751037998076,129.08567123741705,1.6475835103645693,3,46.0879787879334,17.494813919067383
1786283612001056000,3330.1810559082032,19.175705421935277,0.15977106988430023,1.0636626914034422,51.498402805282055,19.585705418358998,129.16033886542363,1.6239576710712083,3,46.08820244030917,19.185922622680664
1786283613001082400,3331.1810822753905,19.175734313204885,0.3080157138834694,7.25897451867957,51.498293907248026,19.585734309628606,129.16050651491847,2.055605092085989,3.7973990246219276,46.0884166641682,19.18592262259404
1786283614001108500,3332.1811083984376,18.859946754532434,0.15025284886360168,1.0603606151048584,51.49816848498493,19.269946750956155,131.08402066402272,1.6138386350698468,3,46.088653650146306,20.572635650634766
1786283615001135400,3333.181135253906,18.598397146736076,0.15586045384407043,1.0615066995032454,51.49804870311076,19.008397143159797,132.8991434359536,1.642430246206975,3,46.088866602505306,20.25754737854004
1786283616001161500,3334.1811613769532,18.77501826562361,0.16212831437587738,1.0618314536539384,51.49792687499512,19.185018262047333,134.88148289914474,1.6642134865883715,3,46.08906820447709,19.880264282226562
1786283617001189000,3335.1811892089845,18.970476350437018,0.1572834998369217,1.0588862547394877,51.497803494720785,19.38047634686074,136.73093420184412,1.6538577442058369,3,46.08926462935856,19.151466369628906
1786283618001215700,3336.1812158203124,18.970505150035024,0.30801571388347343,7.258974518679381,51.49767815527548,19.380505146458745,136.73108213207158,2.055605092067519,3,46.08945365737527,19.15146636954269
1786283619001241900,3337.1812419433595,18.876543188467622,0.3080157138834732,7.258974518678892,51.4975504022831,19.286543184891343,138.22019584037972,2.0556050920853437,3.7629843526822815,46.08963500059203,19.15146636954267
1786283620001267700,3338.1812678222655,18.642419278621674,0.30801571388351723,7.25897451867963,51.49742798028584,19.052419275045395,138.66871715711417,2.0556050920673967,3,46.089808572684966,18.84500503531823
1786283621001294000,3339.181294189453,18.57328483276069,0.3080157138836349,7.258974518679023,51.49731781990426,18.983284829184413,138.26965129459646,2.055605092083257,3.830375610263556,46.0899713819141,18.000204086232113
1786283622001321200,3340.1813212890625,18.597590444609523,0.30801571388390764,7.25897451867959,51.49722088774514,19.007590441033244,138.83846580075968,2.055605092065096,3,46.09010709354093,15.870235443066163
1786283623001347000,3341.181347167969,18.445499105378985,0.30801571388390764,7.2589745186784596,51.49711890093445,18.855499101802707,139.36893802074576,2.0556050920771805,3.772035557186211,46.09024973326208,15.870235443066163
1786283624001374200,3342.181374267578,18.33438360504806,0.3080157138840971,7.258974518679566,51.4970382449496,18.74438360147178,139.51253704592162,2.0556050920735123,3.767365623882351,46.09036185522498,14.203994750941378
1786283625001399600,3343.181399658203,18.119837349280715,0.3080157138842461,7.25897451867852,51.49696368796296,18.529837345704436,139.39963719794852,2.055605092063401,3,46.09046302846818,12.742138862584467
1786283626001427000,3344.181427001953,18.06365172099322,0.30801571388438254,7.258974518679355,51.49689502568056,18.473651717416942,138.96671583440687,2.0556050920623448,3,46.09055841287309,11.23707580564664
1786283627001452800,3345.1814528808595,17.95293644350022,0.30801571388438254,7.258974518681025,51.4968197010969,18.362936439923942,138.6083910455983,2.0556050920623186,3,46.090664199506236,11.237075805646642
1786283628001479700,3346.181479736328,18.06816332321614,0.3080157138844133,7.258974518679023,51.49674999823872,18.47816331963986,138.54556433496305,2.0556050920619806,3,46.09076428990018,10.870528221114604
1786283629001505000,3347.181505126953,17.831758534535766,0.30801571388441423,7.258974518679137,51.4966767362139,18.241758530959487,138.05286250144354,2.0556050920618643,3,46.090869041955266,10.858066558822173
1786283630001531100,3348.18153125,17.761837515048683,0.3080157138844399,7.258974518680324,51.496607877956386,18.171837511472404,137.92393367076923,2.0556050920616467,3,46.090966655676915,10.542328834519308
1786283631001558000,3349.181558105469,17.804143336601555,0.3080157138844398,7.258974518678859,51.4965397434607,18.214143333025277,137.85138351279986,2.0556050920617097,3,46.09106486845612,10.542328834519308
1786283632001584000,3350.1815842285155,18.00159099791199,0.3080157138844399,7.2589745186815255,51.49647086111959,18.41159099433571,137.7310494174221,2.055605092061781,3,46.09116354567022,10.541378974900171
1786283633001610500,3351.181610595703,20.773811938241124,1.1591167488771734,8.857636005885936,51.49638616877063,21.183811934664845,138.15235299705893,2.183986253076087,3,46.09127820585971,10.60340292058336
1786283634001636600,3352.18163671875,20.685290896333754,1.266382931094776,9.876689262041507,51.49631544350026,21.095290892757475,138.42298587219966,2.0919931280565196,3,46.091375080126284,10.389418257067712
1786283635001663200,3353.181663330078,20.916530950926244,1.2692966097289085,10.39148082791395,51.4962516399383,21.326530947349966,138.05804939389938,2.052874858460573,3,46.09146405795569,9.897420938600453
1786283636001688600,3354.1816884765626,20.30634290445596,1.15751474602035,9.53063030483955,51.496183390617084,20.71634290087968,138.60613578697286,2.0301166778290614,3,46.09155867454793,9.841052982260628
1786283637001714700,3355.181714599609,20.341201534494758,1.2658226178982062,10.910461448702184,51.496117990134344,20.75120153091848,138.33032642461527,2.0173645820627897,3,46.09164470425958,9.400847678207358
1786283638001741000,3356.181740966797,20.23759717680514,1.2683032080121075,11.97572398038958,51.49606482733349,20.64759717322886,138.295642767664,2.0103832578229635,3,46.091723686760666,8.581414277921551
1786283639001767700,3357.181767578125,20.14865446370095,1.2645932180334498,14.325229571615335,51.49602473039528,20.55865446012467,138.37608179963235,2.006630008112916,3,46.09177860834388,7.152975947441045
1786283640001793300,3358.1817932128906,20.16262212395668,1.1554281910935609,15.129782550571562,51.49599076791887,20.5726221203804,138.30844276352434,2.0049725115689063,3,46.09182601665602,6.187962865992234
1786283641001819100,3359.181819091797,20.127963500097394,1.1554652423703813,16.374743774445506,51.49595586689009,20.537963496521115,138.5928709698032,2.003978017760972,3,46.091871740835295,5.717676764876594
1786283642001845800,3360.181845703125,19.85931250359863,0.6387760294564775,8.148235383678374,51.49592011399201,20.26931250002235,138.6822916016487,2.0033150668634665,3,46.09193830602178,6.35062379938009
1786283643001872000,3361.181871826172,19.683280114084482,0.6344606046930787,8.456373682883834,51.49587924917629,20.093280110508204,138.3674124039774,2.002786151830481,3,46.09199648026628,6.0741118377059955
1786283644001897500,3362.1818974609373,20.0264187566936,0.6361441700423233,9.742858618180888,51.495847712284295,20.436418753117323,134.2827920711717,2.1079056209599307,3,46.09204919978092,5.290423844605641
1786283645001924400,3363.1819243164064,20.20302584208548,0.6341087067036089,11.232499167169411,51.49582891431873,20.613025838509202,121.72020338462771,2.139615689023591,3,46.092104994181106,4.574257908249562
1786283646001950200,3364.1819501953123,20.047422321513295,0.6254409931778673,11.651376455267341,51.49581732775125,20.457422317937016,111.82197156679878,2.124102858167265,3,46.09216401690912,4.349658173895112
1786283647001976000,3365.1819760742187,19.87509191595018,0.6336362550883088,12.633578529444131,51.49581768335268,20.2850919123739,96.52481855328355,2.111692547441053,3,46.092222560909946,4.063619563424103
1786283648002002000,3366.182001953125,19.389237456955016,0.6448182149610409,12.041626618142923,51.49582462360575,19.799237453378737,83.76033759707698,2.1015386876731847,3,46.09228729287946,4.323691444408111
1786283649002028000,3367.1820280761717,19.527572117745876,0.6451211713714864,11.216598177899549,51.495839574351805,19.937572114169598,71.75311287417365,2.093077104804238,3,46.092349776717796,4.6593221997494405
1786283650002054700,3368.1820546875,19.878230234608054,0.645589900375074,9.321336407445623,51.495872620019625,20.288230231031775,56.34577025893743,2.1108802550352164,3,46.09241869990119,5.609856325202599
1786283651002081000,3369.1820810546874,19.50486425869167,0.6439793632578156,8.285558064409118,51.49591287590599,19.91486425511539,50.24851770100123,2.102356182005696,3,46.092491041683495,6.298705072163071
1786283652002106000,3370.182106201172,16.133362240631495,0.20344148576259613,1.2140142582207578,51.49595772258228,16.543362237055216,47.132314594130825,1.4859376552768016,3,46.09254517435058,6.105666637420654
1786283653002133200,3371.182133300781,19.198676019906998,1.2014967104857643,14.028026873783451,51.49599656640268,19.60867601633072,47.27450924587915,2.1544565532962694,3,46.0926346130863,6.937513961514546
1786283654002158600,3372.182158691406,19.04577366169542,0.6704717554239208,8.12834385535553,51.49603699914606,19.455773658119142,47.051233411473426,2.0084122991987905,3,46.09270182148032,6.683744615511446
1786283655002184400,3373.182184326172,19.02008036710322,0.6622603774866713,7.661439493793072,51.496079299766755,19.43008036352694,47.617091894510274,2.004206204850718,3,46.09277695615458,7.001671086923465
1786283656002211000,3374.1822111816405,18.986340805888176,1.3715958896320943,15.49289661862329,51.496120588191864,19.396340802311897,48.231794740797596,2.0026853439188343,3,46.09284571098727,7.173500866167719
1786283657002237400,3375.182237548828,18.577162448316813,0.8056744013682094,8.090907112606349,51.496172391274214,18.987162444740534,49.03754322955624,2.002685406175127,3,46.09294908754157,8.06782266750914
1786283658002263000,3376.1822629394533,18.542537567205727,0.6295294861044576,7.258968985662798,51.496221341439345,18.95253756362945,49.57041330172152,2.1665593486036356,3,46.09304328201763,8.289485891701332
1786283659002289000,3377.182288818359,18.503317154943943,0.8113080747672464,8.13745488258462,51.49626795596769,18.913317151367664,49.64480395226206,2.1665592219234293,3,46.09313108038326,8.078329855580705
1786283660002314500,3378.182314453125,18.899273559451103,0.6467116030591736,7.258453228254025,51.49631771840072,19.309273555874825,49.9066172748146,2.069221811563399,3,46.09322373413331,8.234168518262736
1786283661002341600,3379.182341552734,19.111170555464923,0.6525240287219848,7.258477968510839,51.49636247686287,19.521170551888645,50.90701456060669,2.0423810304551657,3,46.093314691862055,7.973663728895093
1786283662002366500,3380.182366455078,19.36116028111428,0.6858033666947305,7.258915843815394,51.49640963899744,19.771160277538,50.69907889104985,2.028511135015311,3,46.09340616601222,8.078086865951517
1786283663002392800,3381.1823928222657,19.119064643979073,0.6520212867169745,7.25667511598084,51.496457178359286,19.529064640402794,51.27061827821518,2.019181336196382,3,46.093501791684666,8.351903267496407
1786283664002418400,3382.1824184570314,19.252346356399357,0.6710097016344535,7.258747261516458,51.49650902719777,19.66234635282308,50.75232684452451,2.012596977443045,3,46.09360207844042,8.841911423233013
1786283665002445300,3383.1824453125,19.56107016466558,1.37504305817998,12.410414606947127,51.496567005982435,19.9710701610893,50.98135682795945,2.008039722801996,3,46.09371324675328,8.97775262634043
1786283666002470400,3384.1824704589844,19.458651961758733,0.8230755720674032,7.6186889974222645,51.496612345485644,19.868651958182454,50.1833797976141,2.008039720039015,3,46.09380183036834,8.753826921487452
1786283667002497300,3385.182497314453,19.918719246052206,0.6524954595077092,7.257649617314824,51.496664199075326,20.328719242475927,50.07051197976174,2.0025794191010635,3,46.09389986294753,8.684032543303775
1786283668002522600,3386.182522705078,19.9480858175084,0.6454277025933011,7.258903678024846,51.49671834059895,20.35808581393212,48.77361961191477,2.0012896964422935,3,46.09399806852316,8.963897494887208
1786283669002549200,3387.182549316406,20.17291950341314,0.6488109013056238,7.258309727831526,51.49677577568495,20.582919499836862,46.533462493889765,2.0007654364486642,3,46.09409102032296,8.973961537021191
1786283670002575400,3388.182575439453,20.021852641366422,0.6465469528737929,7.2589512418657005,51.49683273849391,20.431852637790143,45.3522358602648,2.044952863738763,3,46.094182281240066,8.973506075937602
1786283671002602000,3389.182602050781,20.495493851602077,0.6470878864465345,7.255576081472001,51.49689465318474,20.9054938480258,42.76795829473765,2.0266493022455196,3,46.09427161237008,9.194887892774155
1786283672002627300,3390.182627441406,20.180058181285858,0.649864749074211,7.258930255843101,51.49696195169955,20.59005817770958,40.56569604769243,2.015618322239595,3,46.094362801217244,9.631302446765487
1786283673002653700,3391.182653808594,20.32381063234061,0.6352529889771963,7.258428875089131,51.49703144885453,20.73381062876433,39.7877873515706,2.009015664667358,3,46.09445486205661,9.934773301767562
1786283674002679800,3392.1826796875,20.247019260190427,0.6370111278605741,7.258382865794522,51.4970988389698,20.65701925661415,39.85425364048677,2.0051687837591974,3,46.09454553491125,9.804991469271952
1786283675002706400,3393.182706542969,20.19683889299631,0.6382545566680325,7.257253078125914,51.49716831313188,20.606838889420033,38.91627783265696,2.0029781935577162,3,46.09463359498784,9.889843597670245
1786283676002732000,3394.182731933594,20.25752352923155,1.368510920196481,11.137330616999558,51.497238276270025,20.66752352565527,39.327964183745195,2.0017006931399126,3,46.09472807880775,9.956445977255655
1786283677002757000,3395.1827570800783,20.179152126424015,0.7789579695455643,7.258733075998143,51.49730809723195,20.589152122847736,39.415900194906676,2.0017007075110302,3,46.094818373668424,9.910833857324132
1786283678002783500,3396.1827834472656,20.250848137773573,0.6405291032636574,7.257940157758554,51.497376552983255,20.660848134197295,38.714318388098846,2.000566350977528,3,46.09490235473925,9.567454110139925
1786283679002809600,3397.1828095703127,20.277897118590772,0.6433605820165,7.257210022656292,51.497437668252445,20.687897115014493,39.42656324285203,2.000283146315368,3,46.094983357051895,9.003045583948104
1786283680002835000,3398.1828349609377,20.229549792595208,0.6326683310568738,7.257096751493085,51.49749578390576,20.63954978901893,39.43513965308352,2.0001692983785047,3,46.09506008810773,8.516939168081471
1786283681002862000,3399.182862060547,20.654573746025562,0.639544298183295,7.25648637137995,51.49755076502135,21.064573742449284,39.2106452537662,2.0001034962183257,3,46.09513111846469,7.985556789903241
1786283682002888000,3400.182887939453,20.974161026999354,0.6345709079220759,7.257997784566864,51.49760156162301,21.384161023423076,39.44573451375393,2.000070780010326,3,46.09519852733889,7.475508211454744
1786283683002913000,3401.1829130859373,21.24773790407926,0.6383539568743214,7.346040370778319,51.497650014867695,21.65773790050298,39.396074570244295,2.0000495558077858,3,46.09526299164032,7.038751802763546
1786283684002940000,3402.1829399414064,21.237679884769022,0.6393726436919815,7.444811939846704,51.49769975456268,21.647679881192744,39.070156633053934,2.0000351083178196,3,46.095326294817255,6.9586276419107085
1786283685002965800,3403.1829658203123,21.499938919208944,0.6623334705633711,7.888839452407329,51.49774676553813,21.909938915632665,38.68592416734211,2.0000252720004936,3,46.0953873141997,6.797293475064924
1786283686002991400,3404.182991455078,21.37754056043923,0.6461733135569458,7.819378729868511,51.49779248862679,21.78754055686295,39.350556438925025,2.000019372834424,3,46.095449011051784,6.694389210564334
1786283687003018000,3405.1830180664065,21.271036434918642,0.6436110021650122,8.089949407814496,51.49783688719343,21.681036431342363,39.17930472907736,2.0000149887361003,3,46.09550717698044,6.446310141239141
1786283688003044000,3406.183044189453,21.140255360864103,0.6423771288335428,8.481787550224785,51.497878506819184,21.550255357287824,39.2112211893356,2.0000118145871086,3,46.09556235219766,6.136153231745803
1786283689000361700,3407.1803618164063,21.278020963072777,0.6601931893825427,8.174922247399818,51.497926625482926,21.688020959496498,39.18104396088139,2.0000095050812843,3,46.095625207991596,6.5433344699923275
1786283690000352000,3408.180352050781,21.495476253330708,0.6505955054134522,8.588218188040234,51.49796931756043,21.90547624975443,38.278532613861515,2.000007746411874,3,46.09567797275891,6.135772703080406
1786283691000378600,3409.1803786621094,21.45563675928861,0.6417462996105866,9.185869677968084,51.49800726490157,21.86563675571233,38.13914366651296,2.0000064519778116,3,46.09572680287167,5.660579563213154
1786283692000367600,3410.1803676757813,21.749004418961704,0.6391503892382447,8.99132462009534,51.49804758628255,22.159004415385425,38.34546963606037,2.00739990391222,3,46.09577858953387,5.7574975157266834
1786283693000355600,3411.18035546875,21.827564275823534,0.6367523318597206,8.72656488590215,51.49809075415282,22.237564272247255,37.82077719217015,2.0064749198826553,3,46.09583183584181,5.911626431822396
1786283694000382500,3412.180382568359,21.898478944785893,0.6385458479765778,8.976877229864014,51.4981308695683,22.308478941209614,38.13246449880979,2.0225252818664186,3,46.09588342728309,5.76169468630219
1786283695000371500,3413.180371337891,21.781040785834193,0.6419598274191315,8.928566636956148,51.498170217153934,22.191040782257915,38.5079795696532,2.0501213728257177,3,46.09593578868724,5.825593454182854
1786283696000360000,3414.1803598632814,22.00409799721092,0.6412576781636428,8.904913209690916,51.49820843864463,22.41409799363464,40.9058026514897,2.045564881286451,3,46.0959940805258,5.834921359254346
1786283697000384800,3415.180384765625,22.01372454315424,0.6366102671324514,9.295743728853958,51.49824663064092,22.42372453957796,39.68915854567382,2.041767787534828,3,46.096042503458555,5.5474500365489705
1786283698000371000,3416.1803708496095,21.94874654058367,0.6364049951446407,9.548491119525636,51.49828433116843,22.35874653700739,39.5172855830279,2.038554886381011,3,46.09609128145851,5.399865638634385
1786283699000355800,3417.180355957031,22.047035867348313,0.6407918566616575,9.387988623136499,51.49832248100197,22.457035863772035,39.78574943350128,2.0358009653059796,3,46.09614209379312,5.526189904093038
1786283700000377600,3418.180377685547,22.026310256682336,0.6403012666355741,9.446349382745248,51.49836006631306,22.436310253106058,40.09226684544577,2.0334142245348845,3,46.096193730094186,5.492319821163262
1786283701000368000,3419.1803681640627,22.166716686449945,0.640168136658361,9.221009069073535,51.498399374783965,22.576716682873666,39.56769995147603,2.031325826797892,3,46.096244323040096,5.6146221311658735
1786283702000355300,3420.1803552246092,21.936374155804515,0.6342759935035629,9.216967621779501,51.49843803956586,22.346374152228236,39.585309954496424,2.0294831200107692,3,46.09629526538254,5.575711076633893
1786283703000380400,3421.1803803710936,22.208768950775266,0.6362667333347732,9.705317905804325,51.498473560993816,22.618768947198987,39.88419888603627,2.052838702163275,3,46.09634372365923,5.304006789269602
1786283704000403500,3422.180403564453,22.238270024769008,0.6453973611871241,10.308799352142012,51.498507889591735,22.64827002119273,39.86022184483522,2.0500577100971595,3,46.096390166431725,5.069012834040311
1786283705000427500,3423.1804274902343,22.268366617150605,0.6441613037264932,10.652819892126729,51.49854109761579,22.678366613574326,39.8830115049154,2.0475548352536546,3,46.09643531325499,4.899457078147912
1786283706000450300,3424.1804501953125,22.390110727399588,0.6413847181885072,10.707542414186717,51.498575278693956,22.80011072382331,38.93697959885826,2.045177100539372,3,46.096478274093656,4.853077533172975
1786283707000473900,3425.1804738769533,22.570472893305123,0.6422369266269218,10.468365345250866,51.498609606374096,22.980472889728844,39.05704826141677,2.042918238021425,3,46.096523892283756,4.9688130615159904
1786283708000498200,3426.1804982910157,22.51162231527269,0.640982572250605,10.4496744409135,51.498644738258015,22.92162231169641,38.60903868040796,2.040772308373129,3,46.09656888140069,4.969867340074079
1786283709000522000,3427.180521972656,22.630318083800375,0.6354992932596893,11.339825091227258,51.49867562076983,23.040318080224097,38.51201489944809,2.0387336883043634,3,46.09660888505898,4.540856316327012
1786283710000546800,3428.180546875,22.642723211087286,0.6388809705591958,15.08759800672117,51.49869815046135,23.052723207511008,37.88808235138958,2.0367970158339155,3,46.09663678665515,3.4311270059672636
1786283711000571000,3429.1805708007814,22.70751386601478,0.6380391395189822,25.792082436906885,51.49870790657679,23.1175138624385,39.35272591546338,2.034957175178622,3,46.096652648085225,2.0042683650699225
1786283712000595200,3430.180595214844,22.703805465251207,0.6428895673270008,54.444105042019636,51.49871118809095,23.11380546167493,39.305722427535066,2.0332093270091702,3,46.09665695340842,0.9567213712808242
1786283713000619800,3431.180619873047,23.651276824064553,0.5356271156278261,21.132057156504562,51.49871425496619,24.061276820488274,44.604059914151584,2.031548861723287,3,46.09666441041266,0.6943127285255319
1786283714000643800,3432.180643798828,23.430704734288156,0.6386514786593663,36.16090270084921,51.4987245805023,23.840704730711877,38.54825073559015,2.0299714140648093,3,46.0966738145688,1.2020450102006086
1786283715000668000,3433.18066796875,23.683841119520366,1.3563036498835672,63.75771308302854,51.498747795240185,24.093841115944088,359.68423129478515,2.02847285419486,3,46.096672390979684,1.7234876314608625
1786283716000692000,3434.1806918945313,23.64240752067417,0.7750832342395555,117.82065323147836,51.49874241005554,24.05240751709789,8.972123441522543,2.0284728554790497,3,46.09666840331661,0.48002055201325633
1786283717000718000,3435.1807180175783,24.744317113421857,0.6579615052000761,28.264326939826514,51.49876576435711,25.15431710984558,318.38358089255786,2.0311878233718184,3,46.09662741286302,1.721812197235745
1786283718000742100,3436.1807421875,24.03250120393932,0.655792046240184,18.22184656419714,51.49877396920588,24.44250120036304,294.1387386764175,2.029628475927978,3,46.09656419314908,2.894202105795431
1786283719000767200,3437.1807673339845,24.5453944504261,0.6471260542126752,15.60633232901709,51.49877356688399,24.955394446849823,282.39788099992955,2.028147044282781,3,46.09651865435429,3.3285671914061288
1786283720000791600,3438.180791503906,24.150388120673597,0.6340597766010104,18.133664791153265,51.49879006861325,24.560388117097318,297.5421838694441,2.0267396841588807,3,46.09648791769804,2.833283739200862
1786283721000816600,3439.1808166503906,24.40807555615902,0.6420504755036117,20.590739504522453,51.498809938291515,24.81807555258274,313.98891666574605,2.05307958494782,3,46.09646321749397,2.503191010402563
1786283722000841700,3440.180841796875,24.097625627182424,0.65147166368252,14.193425910273767,51.49883446216976,24.507625623606145,309.08448296509715,2.0504256489218466,3,46.09641017686441,3.715995510159693
1786283723000866300,3441.1808662109374,24.422536875121295,0.6362550023160228,13.685981221489453,51.49885007402594,24.832536871545017,305.4279785418031,2.047904333665749,3,46.09637617694168,3.7667695096326685
1786283724000892700,3442.180892578125,23.947940170764923,0.6379322007582718,11.944272303862789,51.4988766433999,24.357940167188644,307.20412609246193,2.063768385562661,3,46.09632334692611,4.315879716796178
1786283725000918500,3443.180918457031,24.400152969174087,0.6599578129514784,11.032129321010013,51.4988912440061,24.81015296559781,296.5690126170001,2.1542091811887123,3,46.09624411129483,4.840996456390916
1786283726000942600,3444.1809426269533,24.14450473897159,0.6314288469410977,10.937507842905138,51.49891546183044,24.554504735395312,300.3390026725068,2.1527432284852206,3,46.096187379573394,4.677602897463093
1786283727000968400,3445.1809685058593,23.25253664125036,0.2710493803024292,1.443102111355865,51.49895877389129,23.66253663767408,323.15195588067076,1.8035322767092166,3,46.09613201069455,4.197247505187988
1786283728000993300,3446.1809931640623,24.19154229015112,1.0505366548740052,17.421376136748624,51.49896943497681,24.60154228657484,306.8292508044888,2.152743090543664,3,46.09608211655858,4.8861834217094495
1786283729001019000,3447.181018798828,23.97277051024139,0.6622943490135713,14.149279280049113,51.499003290658386,24.38277050666511,321.3356122890857,2.07690913008185,3,46.09608697092164,3.792943244307763
1786283730001044500,3448.181044433594,23.85415888391435,0.6492995376520044,14.155030480998585,51.49903083359745,24.264158880338073,323.0177309347141,2.2438735987243392,3,46.09605571778009,3.7160360748708814
1786283731001070000,3449.1810700683595,23.821825239807367,0.6702054664671848,13.983715717782575,51.49906779031858,24.23182523623109,336.7853390431722,2.182905211498656,3,46.09603657398213,3.8830458746043726
1786283732001095200,3450.181095214844,23.878780767321587,0.7326068608596165,17.166914277040934,51.49909657370443,24.288780763745308,339.68823517980104,2.155837103785771,3,46.0960204328485,3.457838258382923
1786283733001120000,3451.1811201171877,23.615636286325753,0.8120819022848073,21.252693942732158,51.499127226753124,24.025636282749474,351.93259544302873,2.129864276376103,3,46.09602409652241,3.0967397151694915
1786283734001146400,3452.181146484375,23.48831555247307,0.7808670175400761,26.01044816841413,51.49914672731595,23.89831554889679,358.6939990856892,2.129864271221371,3,46.09602618115475,2.4328359193009077
1786283735001171200,3453.181171142578,23.414645437151194,0.8507482221701548,32.414882034838605,51.49917048319737,23.824645433574915,14.552326367383506,2.1113122369924477,3,46.09604792563303,2.1249760883956976
1786283736001197600,3454.1811975097658,23.870701560750604,0.9155407231941026,32.28433672523503,51.49919192900504,24.280701557174325,24.099181879650814,2.1190102686456984,3,46.09607266926487,2.2891378017630477
1786283737001222700,3455.18122265625,23.938740137964487,0.9365153860876161,28.067575926656463,51.499212830197195,24.34874013438821,33.46922031920906,2.1783596053565857,3,46.09610834780586,2.6979897811301194
1786283738001248500,3456.181248535156,23.88647903688252,0.9898219103852343,23.723234061046007,51.499243233089274,24.29647903330624,34.26330741982715,2.3946494873349504,3,46.096144864929904,3.3782308820166524
1786283739001273300,3457.1812734375,23.856274789199233,0.8079163216701829,18.3279326384017,51.49926986981225,24.266274785622954,36.331106450201176,2.3735222223818773,3,46.096180544431235,3.5682661716371644
1786283740001299500,3458.181299560547,24.178749927319586,0.8105549932140117,17.86600482166345,51.49930082069185,24.588749923743308,39.19142778707266,2.4489842141113485,3,46.09622903539375,3.6729210534133827
1786283741001324800,3459.1813247070313,26.087745954282582,0.7411287434535271,14.908879826439806,51.49932525413717,26.497745950706303,41.35125145353548,2.6932275114735806,3,46.096275639890436,3.7555990441437155
1786283742001351000,3460.181350830078,26.745023147203028,0.8187364556086806,19.342920464782182,51.49934468883732,27.15502314362675,41.763891885384226,2.692439261394359,3,46.09631393934942,3.325608921422099
1786283743001376500,3461.1813764648437,27.080921076238155,0.8166853178968682,22.54756299995297,51.49936196483658,27.490921072661877,43.207134475980126,2.6709116860373188,3,46.096345657049326,2.918397166933537
1786283744001401900,3462.1814018554687,26.59023783914745,0.730109108780284,25.906690927584208,51.49937244754126,27.00023783557117,48.54508113786297,2.7515133939712593,3.199221069794587,46.096371336875166,2.2674113418433985
1786283745001427700,3463.181427734375,26.4852146897465,0.7022924027516214,19.726511497700475,51.49939111089171,26.89521468617022,47.21483050320329,2.7309605591920447,3.411120654748489,46.09640521455133,2.8779438863440507
1786283746001453300,3464.1814533691404,26.27329495921731,0.6695469670513933,22.378453787015847,51.49941223712858,26.68329495564103,26.393022328635986,2.705073095690271,3.4808828386530544,46.096413361043936,2.3872737615849946
1786283747001479400,3465.1814794921875,27.34933521039784,0.6643375139297037,24.962134373731505,51.49943012598706,27.75933520682156,8.76481763362152,2.810760054979338,3.7649621142764387,46.09641377799596,2.143965692943741
1786283748001505000,3466.181505126953,28.052765420638025,0.7836029217066863,25.898951624937713,51.499453588118925,28.462765417061746,356.621526855855,2.7819086275821845,3.5242342495055343,46.09640752875291,2.3504798106610045
1786283749001530400,3467.1815302734376,27.402538024820387,0.7681696021462299,20.906152760295857,51.49948448111309,27.81253802124411,335.2372744904139,2.783694165088928,3.5550489224199024,46.09636836049187,2.976487327913957
1786283750001556000,3468.1815559082033,26.601782327517867,1.3705507763054983,36.45636983966691,51.49949532832901,27.01178232394159,314.46780737787617,2.7445094320481327,3,46.09634329553044,3.0461858438493024
1786283751001582000,3469.18158203125,26.869911881163716,0.8692215859941135,19.016636320316437,51.49952124035885,27.279911877587438,311.5176328855556,2.7445094282183953,3.606914886303828,46.09627709149801,3.7035856216694385
1786283752001607400,3470.181607421875,26.590153138153255,0.6556420976145607,15.136159149833682,51.499539870096896,27.000153134576976,310.5117594619678,2.730581970754093,3.9060550741874525,46.09623930318966,3.5088857286229644
1786283753001633300,3471.1816333007814,26.640354226343334,0.6465958309258761,16.141587137321846,51.49955806409175,27.050354222767055,309.99744827551604,2.649406202326536,3.8822626395931215,46.09620348414106,3.245813426485868
1786283754001659000,3472.1816589355467,26.601896833628416,0.647964913319444,16.7247989557114,51.499578814644316,27.011896830052137,312.11973194077564,2.5844655955441294,3.8276630374639318,46.096170956349226,3.1380594298036355
1786283755001684700,3473.181684814453,26.83001423161477,0.679347523053882,16.29291812226117,51.49960137629327,27.24001422803849,312.7118164896943,2.6017302764891963,3.856531310810374,46.09613411124208,3.3661045372989493
1786283756001710300,3474.181710449219,26.70629314146936,0.6684474332624063,14.728656647243746,51.49962786653292,27.11629313789308,312.973017720069,2.5515861093432384,3.954264970780586,46.096091433841124,3.6777827994610885
1786283757001737500,3475.181737548828,26.762386444956064,0.6463697194487152,13.777526807060136,51.49965218776132,27.172386441379786,311.54527862089094,2.5492329435299834,4.015724960508735,46.09604658324006,3.8008232030683975
1786283758001762600,3476.181762451172,26.872440210543573,0.6445435667399686,14.504822012741013,51.49967396410134,27.282440206967294,310.23198004903014,2.5100020182346205,3.8040057986741878,46.09600852090672,3.5997900267243526
1786283759001788200,3477.1817880859376,26.75900973752141,0.644015951835407,14.751613104197967,51.49969359873737,27.16900973394513,306.4152367921546,2.476001906087222,3.6675277324984714,46.09596550055485,3.535020175087044
1786283760001814000,3478.181813964844,26.816981012001634,0.6398647323682318,15.659122422244925,51.49970924960772,27.226981008425355,303.7552551355533,2.461888812365527,3.6758282329619782,46.09592507217152,3.3109250127281094
1786283761001839600,3479.1818395996092,26.29228602256626,0.6492850469980519,16.091470311540427,51.499724812341704,26.70228601898998,301.6904614285803,2.4673510682545765,3.498129365733066,46.09588263042888,3.2674906225038
1786283762001866000,3480.181865966797,24.917148952372372,0.6428915110812439,13.44230270707684,51.499745432480786,25.327148948796093,300.6185511480546,2.495370501136154,3.5603308704998557,46.095830074981514,3.7854560696707473
1786283763001930800,3481.1819306640623,24.76697565149516,0.718492316831456,23.204532959312317,51.49974910815064,25.17697564791888,287.78017781849445,2.6010513320450057,3.492657873674382,46.09580158694693,2.4557745150018255
1786283764001917400,3482.1819174804687,25.892426976002753,0.6859753763078722,22.935051083437735,51.49972995200497,26.302426972426474,246.5239357182707,2.570998849681632,3.3160048474791703,46.09575927567682,2.3428826199472375
1786283765001943600,3483.1819436035157,26.283349679782987,0.7737327996719731,26.123682761739875,51.49972611933361,26.693349676206708,248.98121004337133,2.5450668314214986,3,46.095727238960656,2.306221480659408
1786283766001968400,3484.1819685058595,25.859567193314433,0.676482064347785,68.20203100027975,51.499725739407324,26.269567189738154,243.95983973851747,2.5469017590809555,3.012884567337777,46.09574055385002,0.8036865567240968
1786283767001995300,3485.181995361328,26.05448736809194,0.9579386746462472,180,51.499724202584694,26.464487364515662,235.16338943751578,2.5380702591065996,3,46.095740018052446,0.1380432181207192
1786283768002019800,3486.1820197753905,26.378692934289575,0.6418138757706171,67.38631609494463,51.49973662913529,26.788692930713296,288.0421318088456,2.5126185111920716,3,46.095721818793606,0.7125026261574001
1786283769002046500,3487.182046386719,28.779713289812207,0.6131752839428142,36.25318916467872,51.499737712739794,29.18971328623593,95.51361949549273,2.5139117062389373,3,46.095758737249476,1.136651843656723
1786283770002072300,3488.182072265625,29.491781586781144,0.7960918387989109,-1,51.49974068410522,29.901781583204865,-1,2.48821614615201,3,46.09574674485072,0.9368067961015485
1786283771002098700,3489.1820986328125,29.620211264118552,1.4908639065733444,-1,51.499745628600174,30.030211260542274,-1,2.577225033050123,3,46.095748202007776,0.2699441501345719
1786283772002123800,3490.182123779297,26.961559299379587,4.102309880439508,-1,51.499740868647194,27.37155929580331,-1,2.6403114346379644,3,46.09573879527721,0.48025037911284224
1786283773002149000,3491.182149169922,25.594038122333586,4.125596365840829,-1,51.49973572539956,26.004038118757308,-1,2.7947229941657903,3,46.095743079803114,0.5523604461828117
1786283774002175700,3492.18217578125,24.462113266810775,4.113937599538897,-1,51.49972471530078,24.872113263234496,-1,2.9598761366442585,3,46.09572775799499,0.46006961286984976
1786283775002202000,3493.1822021484377,23.437496271915734,4.089289237135505,-1,51.49970636677566,23.847496268339455,-1,3.139335882276629,3,46.09572574873114,0.2781094067070172
1786283776002227000,3494.1822270507814,22.90395092777908,4.085603923602402,-1,51.49970270612615,23.3139509242028,-1,3.1633159634160917,3,46.095729168176014,0.27727164675146615
1786283777002253600,3495.1822536621094,22.10567087586969,4.0811882377603075,-1,51.49970608991306,22.515670872293413,-1,3.2482012127220266,3,46.095732303398,0
1786283778002278700,3496.182278564453,22.10567087586969,4.072670862884457,-1,51.49970608991306,22.515670872293413,-1,3.3857367395298357,3,46.095732303398,0
1786283779002304500,3497.1823044433595,21.73941039480269,4.061790537532713,-1,51.49970897544636,22.14941039122641,-1,3.4003691404076974,3,46.09573698408386,0
1786283780002331100,3498.1823310546874,21.73941039480269,4.0632555932845715,-1,51.49970897544636,22.14941039122641,-1,3.341721923364695,3,46.09573698408386,0
1786283781002356700,3499.182356689453,21.496631486341357,4.0620325840075795,-1,51.49970520419159,21.90663148276508,-1,3.311145599481306,3,46.09574241880566,0.027164485282909448
1786283782002402800,3500.182402832031,21.52474693674594,4.05315548698938,-1,51.49970658643411,21.934746933169663,-1,3.4582094361333113,3,46.0957465948499,0.006798697884782401
1786283783002409000,3501.182408935547,21.55569082405418,4.052869791767713,-1,51.49970632806142,21.965690820477903,-1,3.385298964268726,3,46.095750659166974,0.013827831643382834
1786283784002434300,3502.182434326172,21.97254764381796,4.0732325705178685,-1,51.49970526316302,22.382547640241683,-1,3.3193299336758004,3,46.09574962963321,0.2640320875578793
1786283785002460400,3503.1824604492185,21.843743790872395,4.059738130188237,-1,51.49970054990928,22.253743787296116,-1,3.491336892375175,3,46.09575287560828,0.07201269184782857
1786283786002486800,3504.1824868164063,21.978089099749923,4.071920824614685,-1,51.49970253393072,22.388089096173644,-1,3.594146792584525,3,46.09575828292125,0.19988720312884475
1786283787002511600,3505.18251171875,21.892518972977996,4.048141356076905,-1,51.49970226118769,22.302518969401717,-1,3.600773636807055,3,46.09575818170173,0
1786283788002538800,3506.1825388183593,21.892518972977996,4.063379733976922,-1,51.49970226118769,22.302518969401717,-1,3.65223825207257,3,46.09575818170173,0
1786283789002563600,3507.1825634765623,21.892518972977996,4.051436193080714,-1,51.49970226118769,22.302518969401717,-1,3.769505150732759,3,46.09575818170173,0
1786283790002589700,3508.1825895996094,21.892518972977996,4.0717928698297685,-1,51.49970226118769,22.302518969401717,-1,3.8325055448583467,3,46.09575818170173,0
1786283791002615600,3509.182615478516,21.49230824969709,3.97359732665902,-1,51.49970218648722,21.90230824612081,-1,3.923057783398132,3,46.09576247956847,0
1786283792002641700,3510.1826416015624,21.49230824969709,3.5804116425270758,-1,51.49970218648722,21.90230824612081,-1,3.9493078997535216,3,46.09576247956847,0
1786283793002667800,3511.1826677246095,21.497844541445374,4.058967356855413,-1,51.499709427972476,21.907844537869096,-1,4.096911911841955,3,46.09576716820717,0.042671367828537476
1786283794002693000,3512.1826931152345,21.474497633986175,4.056156805586337,-1,51.49970959318653,21.884497630409896,-1,4.225857513035112,3.0342130304022685,46.09576684660139,0
1786283795002718500,3513.182718505859,21.474497633986175,4.055704597439472,-1,51.49970959318653,21.884497630409896,-1,4.170782122695213,3,46.09576684660139,0
1786283796002744800,3514.182744873047,21.474497633986175,3.6023445895719926,-1,51.49970959318653,21.884497630409896,-1,4.136000868937022,3,46.09576684660139,0
1786283797002770700,3515.1827707519533,21.474497633986175,3.9742897451113954,-1,51.49970959318653,21.884497630409896,-1,4.0712246677500765,3,46.09576684660139,0
1786283798002796300,3516.1827963867186,21.474497633986175,3.976535374492411,-1,51.49970959318653,21.884497630409896,-1,4.033994953865993,3,46.09576684660139,0
1786283799002822400,3517.1828225097656,21.474497633986175,3.584940176007237,-1,51.49970959318653,21.884497630409896,-1,4.124530202694566,3,46.09576684660139,0
1786283800002848300,3518.1828481445314,21.140330301597714,4.060608556339018,-1,51.49970763586305,21.550330298021436,-1,4.280866680349982,3.1017614683366244,46.0957679318312,0.01831408705596645
1786283801002874000,3519.1828740234373,21.103379094041884,4.051808785354905,-1,51.49970712015826,21.513379090465605,-1,4.315876750445308,3.1306035097571403,46.09576852976508,0.03211306179560424
1786283802002900700,3520.1829006347657,21.031827675178647,4.059683427258932,-1,51.49970959267028,21.44182767160237,-1,4.323372713787784,3.1417958161715225,46.095768776739995,0
1786283803002926800,3521.1829267578123,20.990061655640602,4.065660198955744,-1,51.499712116621474,21.400061652064323,-1,4.247956358881494,3.077142389049615,46.09576919380382,0.023680751959502557
1786283804002952400,3522.182952392578,20.961175709962845,4.050586365944664,-1,51.49971198738851,21.371175706386566,-1,4.200714354489408,3.0287733789260023,46.0957688479682,0
1786283805002977500,3523.1829775390624,21.228873618878424,4.059163382325722,-1,51.499716957395954,21.638873615302145,-1,4.090678635922964,3,46.09577132861097,0.07022184035494695
1786283806003004200,3524.183004150391,21.29680529423058,3.59753981230237,-1,51.49971806513852,21.7068052906543,-1,4.112438582029902,3,46.095774346900726,0
1786283807003029200,3525.183029296875,21.29680529423058,2.726840582125134,-1,51.49971806513852,21.7068052906543,-1,4.006816652928406,3,46.095774346900726,0
1786283808003055900,3526.183055908203,21.29680529423058,2.737976722665415,-1,51.49971806513852,21.7068052906543,-1,3.9544494629875326,3,46.095774346900726,0
1786283809003081700,3527.1830817871096,21.29680529423058,4.0602117230372246,-1,51.49971806513852,21.7068052906543,-1,3.9003228138556287,3,46.095774346900726,0
1786283810003107000,3528.183107177734,21.29680529423058,4.063861075419256,-1,51.49971806513852,21.7068052906543,-1,3.829246852034893,3,46.095774346900726,0
1786283811003133000,3529.1831328125,21.236851169727743,4.043457717959026,-1,51.499720139427964,21.646851166151464,-1,3.737784509433148,3,46.09577638240043,0
1786283812003159000,3530.183158935547,21.236851169727743,4.045780455479841,-1,51.499720139427964,21.646851166151464,-1,3.65089528396149,3,46.09577638240043,0
1786283813003185000,3531.183184814453,20.842709289863706,4.054477944408551,-1,51.49972333161817,21.252709286287427,-1,3.568350519358716,3,46.09577696713678,0.03867274514282156
1786283814003211000,3532.1832109375,20.830097729340196,3.7576902657281437,-1,51.49972316733748,21.240097725763917,-1,3.489932993775245,3,46.09577672931145,0
1786283815000603100,3533.1806030273438,20.963993133045733,3.7699985132928244,-1,51.4997256509425,21.373993129469454,-1,3.445734596610944,3,46.095780048355195,0.019710470248508187
1786283816000599600,3534.180599609375,20.950314042158425,3.7665318211058363,-1,51.49972542087127,21.360314038582146,-1,3.39388095943768,3,46.09577980550854,0
1786283817000625700,3535.180625732422,21.105091266334057,3.7319735218723,-1,51.499726400434525,21.515091262757778,-1,3.451089677815155,3,46.0957820717336,0.015655848650720085
1786283818000619000,3536.1806188964842,21.291868255473673,3.717393834673518,-1,51.499727307345644,21.701868251897395,-1,3.405409119445669,3,46.09578341893889,0.026591822443205675
1786283819000612600,3537.1806125488283,21.281259139999747,3.7267788770397217,-1,51.49972729250787,21.69125913642347,-1,3.399494270622837,3,46.09578337111335,0
1786283820000635600,3538.1806357421874,21.281259139999747,3.729164609789324,-1,51.49972729250787,21.69125913642347,-1,3.385709708087507,3,46.09578337111335,0
1786283821000629200,3539.180629150391,21.394074239768088,3.723969451779877,-1,51.49972718038323,21.80407423619181,-1,3.3945778115021508,3,46.095786340549594,0.05482613154713222
1786283822000622300,3540.180622314453,21.37129471451044,3.739017748082353,-1,51.49972668226677,21.781294710934162,-1,3.333472018074972,3,46.095786671248476,0
1786283823000640800,3541.1806408691405,21.332157278433442,3.749054289864338,-1,51.49972523008246,21.742157274857163,-1,3.26679841670606,3,46.0957864433596,0.05314399931924681
1786283824000630800,3542.180630859375,21.279091923497617,3.772181383451266,-1,51.499724066653656,21.68909191992134,-1,3.2034584960209513,3,46.09578589802471,0.03654834227911836
1786283825000622000,3543.1806220703124,21.284213897772133,3.7471181456613665,-1,51.499724397580046,21.694213894195855,-1,3.143285571295716,3,46.0957854136536,0.026893464405601242
1786283826000640000,3544.1806398925783,21.341782392002642,3.761579389896956,-1,51.49972398792875,21.751782388426363,-1,3.0861212925178214,3,46.095785648011336,0.05774270904452264
